0.0	-5.675774702859737e-07	-1.1355446099734375e-06	-1.7042699926357532e-06	-2.2741442386104877e-06	-2.845494676689067e-06	-3.418692465470065e-06	-3.9940032758453875e-06	-4.571757888742393e-06	-5.152139440031696e-06	-5.73541676396424e-06	-6.321669031035948e-06	-6.911080894166688e-06	-7.503605649113864e-06	-8.099321045719787e-06	-8.69803240883882e-06	-9.29968780054439e-06	-9.903922855365841e-06	-1.0510533820513849e-05	-1.1118966178870733e-05	-1.1728843950131007e-05	-1.233940449218493e-05	-1.2950082310561997e-05	-1.3559892733930053e-05	-1.4168068342613816e-05	-1.4773394493387952e-05	-1.5374896326429937e-05	-1.5971129351240497e-05	-1.656091480821212e-05	-1.7142588701752717e-05	-1.7714783059331204e-05	-1.8275636890256635e-05	-1.882362058515389e-05	-1.9356712274143694e-05	-1.98732622334179e-05	-2.0371138009037228e-05	-2.08486252469987e-05	-2.1303544747722194e-05	-2.1734185631288917e-05	-2.2138397221161617e-05	-2.2514549936503035e-05	-2.2860604619741817e-05	-2.3175096070546044e-05	-2.3456182193737138e-05	-2.3702644722747267e-05	-2.391292044019829e-05	-2.4086113448299365e-05	-2.4221010762051824e-05	-2.4317100517222988e-05	-2.437357448702765e-05	-2.4390346888556273e-05	-2.4367046820366945e-05	-2.4304032806755078e-05	-2.4201378745699748e-05	-2.4059879947869247e-05	-2.388003683647175e-05	-2.3663048897834007e-05	-2.340980098440505e-05	-2.312184219359447e-05	-2.280038009593383e-05	-2.2447242013258945e-05	-2.206388275660727e-05	-2.1652326033482972e-05	-2.1214191305692083e-05	-2.0751613110762984e-05	-2.026629245213367e-05	-1.976039170320625e-05	-1.923561556830999e-05	-1.869407900722687e-05	-1.8137422320975526e-05	-1.7567649258034606e-05	-1.6986280252406327e-05	-1.6395157613391276e-05	-1.579564043211683e-05	-1.518937356253141e-05	-1.457752725602951e-05	-1.3961526540547163e-05	-1.3342338260662727e-05	-1.2721157463466249e-05	-1.2098744215965716e-05	-1.1476063705002455e-05	-1.085367496517452e-05	-1.0232321580225583e-05	-9.612374266571154e-06	-8.994369305802465e-06	-8.378506772886832e-06	-7.765134114034993e-06	-7.1543016677570125e-06	-6.546189112097179e-06	-5.940719787233035e-06	-5.337928057383257e-06	-4.737633795716672e-06	-4.13974902930862e-06	-3.5440137846677164e-06	-2.950240702541157e-06	-2.35811326230731e-06	-1.7673673633855149e-06	-1.1776527482297182e-06	-5.886508465075106e-07	0.0	
0.0	-1.1355446099734375e-06	-2.2718588470073443e-06	-3.4097344123495464e-06	-4.549878673108703e-06	-5.693064948777809e-06	-6.8398978731066226e-06	-7.991091124336904e-06	-9.147105355461845e-06	-1.0308552128254214e-05	-1.1475705777082967e-05	-1.2649031865994324e-05	-1.3828574939072757e-05	-1.5014609412866278e-05	-1.6206905773958875e-05	-1.740550144845759e-05	-1.860984863265896e-05	-1.9819702347596018e-05	-2.103415372635376e-05	-2.2252632161626533e-05	-2.347382851388063e-05	-2.4696807984938584e-05	-2.5919828339197632e-05	-2.7141559870883144e-05	-2.835980432281192e-05	-2.9572818035572977e-05	-3.0777937773820065e-05	-3.1973002820922925e-05	-3.315489434369345e-05	-3.432105178927822e-05	-3.5467932694729885e-05	-3.659261821710496e-05	-3.769120038721905e-05	-3.8760470930080185e-05	-3.979624284866137e-05	-4.0795115859669804e-05	-4.175273887407724e-05	-4.2665644402606314e-05	-4.3529458011150554e-05	-4.43407929998508e-05	-4.5095412330561995e-05	-4.579017385227572e-05	-4.642114963963137e-05	-4.6985611156890014e-05	-4.74801105494024e-05	-4.7902494550304615e-05	-4.8249952165482844e-05	-4.8521045953266534e-05	-4.8713730835093526e-05	-4.882739168604153e-05	-4.886083871654847e-05	-4.88143410873456e-05	-4.868760538341783e-05	-4.848179610863073e-05	-4.8197505068993586e-05	-4.7836750934631786e-05	-4.740094866612966e-05	-4.689288164305259e-05	-4.6314681393314986e-05	-4.5669766878938444e-05	-4.496084554869222e-05	-4.419181510050195e-05	-4.336579716995067e-05	-4.248699719586917e-05	-4.155878186841936e-05	-4.058549263830418e-05	-3.9570577445460645e-05	-3.851835303029945e-05	-3.7432200569194855e-05	-3.631627140279355e-05	-3.517375515951006e-05	-3.400852294944406e-05	-3.2823475493205764e-05	-3.162211735548464e-05	-3.040699161307481e-05	-2.9181178396748373e-05	-2.794682178797733e-05	-2.6706545837502328e-05	-2.5462078694808114e-05	-2.4215579377432062e-05	-2.2968363600511303e-05	-2.1722134858527834e-05	-2.047781600523928e-05	-1.9236678641964358e-05	-1.799928416396222e-05	-1.6766505985590146e-05	-1.5538583480963072e-05	-1.4316032178451694e-05	-1.3098813749857465e-05	-1.1887129943553195e-05	-1.0680711493781707e-05	-9.479492209971564e-06	-8.2830193704014e-06	-7.091005028989111e-06	-5.902860116678453e-06	-4.718120656487988e-06	-3.53610741809016e-06	-2.356225341636282e-06	-1.1777501761876911e-06	0.0	
0.0	-1.1366925223497795e-06	-2.274189802376109e-06	-3.413254511953097e-06	-4.554693366144714e-06	-5.69918680038276e-06	-6.847502781788197e-06	-8.000198760498521e-06	-9.15796214608723e-06	-1.0321185599413217e-05	-1.1490432700837482e-05	-1.2665888225401312e-05	-1.384794710589504e-05	-1.5036541931489674e-05	-1.6231852921017777e-05	-1.743351550239223e-05	-1.8641448661951493e-05	-1.9854946096208893e-05	-2.107361999129339e-05	-2.229637988339011e-05	-2.3522488643174347e-05	-2.4750433824993322e-05	-2.5979092373361994e-05	-2.7206499864613856e-05	-2.843112019660398e-05	-2.9650518702910833e-05	-3.086273280468265e-05	-3.206485547072549e-05	-3.3254502465844e-05	-3.442831299814761e-05	-3.5583508750765475e-05	-3.67163187569848e-05	-3.782362481369865e-05	-3.890131761931657e-05	-3.9946022412065164e-05	-4.095339317748717e-05	-4.191991143202035e-05	-4.284112487028478e-05	-4.3713511160483705e-05	-4.453266681238665e-05	-4.5295226746830824e-05	-4.599700852444061e-05	-4.663497742031755e-05	-4.7205350599324074e-05	-4.770559661996288e-05	-4.8132503827725274e-05	-4.848420277909262e-05	-4.875820318422102e-05	-4.8953427794311e-05	-4.90682227356983e-05	-4.9102391978300416e-05	-4.905518685411198e-05	-4.892733126133111e-05	-4.8718997442064595e-05	-4.843181342253274e-05	-4.806683354645882e-05	-4.762652108906389e-05	-4.711272337282465e-05	-4.652862379042132e-05	-4.5876732350968266e-05	-4.516080231360415e-05	-4.4383847571453585e-05	-4.355001962384389e-05	-4.2662663242486864e-05	-4.1726149585425155e-05	-4.0743981142053744e-05	-3.972057649272153e-05	-3.86594347076641e-05	-3.7564866716879535e-05	-3.64402282927908e-05	-3.528959236876294e-05	-3.411605861744388e-05	-3.2923360481276065e-05	-3.171425829149129e-05	-3.0492074351249206e-05	-2.9259175605044336e-05	-2.801842990044409e-05	-2.677178345052216e-05	-2.5521631407475944e-05	-2.4269494760935096e-05	-2.3017298568460235e-05	-2.1766152474552852e-05	-2.051753032286429e-05	-1.9272158126307107e-05	-1.8031089290194756e-05	-1.679470357251022e-05	-1.5563672733891932e-05	-1.4338073762731351e-05	-1.3118240401006948e-05	-1.1903993643194744e-05	-1.069537523894468e-05	-9.491998188276269e-06	-8.293658973881303e-06	-7.099810456175626e-06	-5.91005022757423e-06	-4.723717954422225e-06	-3.5402578661679455e-06	-2.3589421961596375e-06	-1.1791064169046001e-06	0.0	
0.0	-1.1385996286370502e-06	-2.27801982610136e-06	-3.4191031924056557e-06	-4.5626084174439745e-06	-5.709359987366626e-06	-6.8600144941130685e-06	-8.015337222778061e-06	-9.17584147789608e-06	-1.034219078738254e-05	-1.1514712575387495e-05	-1.2693924278771018e-05	-1.387992328168064e-05	-1.5073034835827895e-05	-1.6273080778907216e-05	-1.7480146784056866e-05	-1.869373301202096e-05	-1.9913637890215967e-05	-2.1138994493844243e-05	-2.2369267769582032e-05	-2.3603181096001118e-05	-2.483982361414455e-05	-2.6077472068406004e-05	-2.731480467157542e-05	-2.854962395102834e-05	-2.9780173335161236e-05	-3.100376729379791e-05	-3.221820655219112e-05	-3.34203222769402e-05	-3.460748546033034e-05	-3.5776072215398135e-05	-3.692306238110712e-05	-3.804443310460181e-05	-3.913684105566492e-05	-4.019595135423484e-05	-4.121819692794811e-05	-4.219904947794528e-05	-4.313484847635445e-05	-4.4021020283060175e-05	-4.485396811746461e-05	-4.56292447240782e-05	-4.634349347417945e-05	-4.6992579261011526e-05	-4.757356984715483e-05	-4.80828291192467e-05	-4.851802707307814e-05	-4.887619934581428e-05	-4.915577398303841e-05	-4.9354601426430714e-05	-4.947198653226763e-05	-4.950669397363352e-05	-4.94589748741886e-05	-4.932855382346297e-05	-4.911664083306513e-05	-4.882390768779789e-05	-4.845247750622063e-05	-4.8003899709485564e-05	-4.7481111007968336e-05	-4.688641959758331e-05	-4.622343264925855e-05	-4.549506122143351e-05	-4.470541012578512e-05	-4.385781535472946e-05	-4.295669247217338e-05	-4.2005618092140555e-05	-4.1009132746597284e-05	-3.9970877212917226e-05	-3.889534527495816e-05	-3.778608464303799e-05	-3.66473943220922e-05	-3.548259867531212e-05	-3.429568341281341e-05	-3.3089650174247667e-05	-3.18680845851215e-05	-3.063359768396759e-05	-2.9389319142061058e-05	-2.813743099391287e-05	-2.688057900937187e-05	-2.5620503512613824e-05	-2.435936202272558e-05	-2.3098461443240062e-05	-2.1839485411784368e-05	-2.0583331768668886e-05	-1.9331238530078124e-05	-1.8083730254069396e-05	-1.6841637126628538e-05	-1.5605153594075278e-05	-1.4374745684964527e-05	-1.3150325035184864e-05	-1.1932040228454964e-05	-1.0719569080206956e-05	-9.512790442381179e-06	-8.311197319773228e-06	-7.114446236521991e-06	-5.921893426853308e-06	-4.733019493085591e-06	-3.547090539961465e-06	-2.3634564634593206e-06	-1.1813384858897748e-06	0.0	
0.0	-1.1412246840533143e-06	-2.283330536428263e-06	-3.4271569724829767e-06	-4.573587331389235e-06	-5.723379629071244e-06	-6.877379092939371e-06	-8.036221885772025e-06	-9.200673443599855e-06	-1.0371206185984318e-05	-1.1548462147467846e-05	-1.2732706261459549e-05	-1.39244113540216e-05	-1.5123589182796434e-05	-1.6330495478645998e-05	-1.7544841538800054e-05	-1.8766616661538957e-05	-1.9995183733684985e-05	-2.1230216108353196e-05	-2.2470681287519916e-05	-2.3715889040694862e-05	-2.4964367954539362e-05	-2.6215021372059578e-05	-2.7465902245946136e-05	-2.8715473274951116e-05	-2.9961286128063978e-05	-3.120134193692008e-05	-3.2432681514426826e-05	-3.365284208708232e-05	-3.485836556336995e-05	-3.6046347005824384e-05	-3.721286825387945e-05	-3.835463308764628e-05	-3.946733352207628e-05	-4.0547365857153075e-05	-4.159013669768376e-05	-4.2591853098401585e-05	-4.354777482452627e-05	-4.445407061036665e-05	-4.5306022411595464e-05	-4.609993848754746e-05	-4.683131452261138e-05	-4.7496792964647064e-05	-4.809228508511158e-05	-4.861496495708885e-05	-4.906135599049194e-05	-4.942934732371649e-05	-4.9716248307413825e-05	-4.9920815082906805e-05	-5.004127702121618e-05	-5.007736194039243e-05	-5.002829964091611e-05	-4.9894835508075384e-05	-4.967721788364421e-05	-4.9377191505693626e-05	-4.899597726098843e-05	-4.85362387347045e-05	-4.800006457875025e-05	-4.7390903058195435e-05	-4.67115585493156e-05	-4.596609011947589e-05	-4.5157834332494194e-05	-4.4291264447310444e-05	-4.3370051692394194e-05	-4.239888162093406e-05	-4.138156539181673e-05	-4.03228093008502e-05	-3.92263865425339e-05	-3.809685514385502e-05	-3.693779938931755e-05	-3.575349052483407e-05	-3.454720570656468e-05	-3.332282509242566e-05	-3.2083234972374285e-05	-3.083185433970354e-05	-2.9571127861770303e-05	-2.8303974774097326e-05	-2.7032376581470917e-05	-2.575874114298469e-05	-2.4484589434426227e-05	-2.321182795418242e-05	-2.194153848337311e-05	-2.067515238608456e-05	-1.9413347019058283e-05	-1.8157116067411357e-05	-1.6906776028941703e-05	-1.5662927367389474e-05	-1.442557428527874e-05	-1.3194972151066823e-05	-1.1970863548657527e-05	-1.0753208114600375e-05	-9.541537593276677e-06	-8.335564888274063e-06	-7.134660550518522e-06	-5.938338494743836e-06	-4.745856001107437e-06	-3.556574169414431e-06	-2.3696831249018116e-06	-1.1844358787837845e-06	0.0	
0.0	-1.1445482268595771e-06	-2.2900191999979183e-06	-3.437357642503056e-06	-4.587425276667013e-06	-5.741149404053197e-06	-6.899291138335656e-06	-8.062719743381643e-06	-9.23205477775145e-06	-1.0408064876823975e-05	-1.1591185067074805e-05	-1.2782038239982518e-05	-1.3980829473340801e-05	-1.518798804310106e-05	-1.640344119290488e-05	-1.762737417175668e-05	-1.8859386524046226e-05	-2.0099367331615475e-05	-2.134653775531014e-05	-2.2600438402243863e-05	-2.3859862532779415e-05	-2.5123952264605592e-05	-2.639102755532375e-05	-2.765978778248802e-05	-2.8928042300547774e-05	-3.0194013776201794e-05	-3.145497676466893e-05	-3.2708658993718534e-05	-3.395179495823685e-05	-3.5181621080094364e-05	-3.639435171808927e-05	-3.7586763718938624e-05	-3.875460241102607e-05	-3.989425043712585e-05	-4.1001071180132666e-05	-4.207115587868924e-05	-4.309961148262425e-05	-4.408237888447992e-05	-4.501447143367954e-05	-4.589185571824199e-05	-4.670964596419777e-05	-4.746403730003419e-05	-4.815046019806637e-05	-4.876555475536294e-05	-4.9305288431620564e-05	-4.976695884097553e-05	-5.0147277567058143e-05	-5.044438853058445e-05	-5.0655920835302603e-05	-5.078101012668153e-05	-5.0818324344456336e-05	-5.076807664008996e-05	-5.0630029514488274e-05	-5.040548965763852e-05	-5.009529798949216e-05	-4.970179890831196e-05	-4.922682586039348e-05	-4.8673639538562895e-05	-4.804492038675866e-05	-4.734467190844667e-05	-4.6576232649201196e-05	-4.574414171218165e-05	-4.4852183097226166e-05	-4.3905210708827076e-05	-4.29072374859408e-05	-4.1863216729112334e-05	-4.0777187401368166e-05	-3.9654007713850036e-05	-3.8497566565237916e-05	-3.731246427004611e-05	-3.6102298588582734e-05	-3.4871286493856144e-05	-3.3622631832157474e-05	-3.2360081269773675e-05	-3.108637944343954e-05	-2.9804751791164533e-05	-2.8517452150303077e-05	-2.722716506968397e-05	-2.593565017696829e-05	-2.464505675327281e-05	-2.335666876891618e-05	-2.2072124911972816e-05	-2.0792267915359298e-05	-1.9518263796298287e-05	-1.8250558902533436e-05	-1.698989277679803e-05	-1.5736366181748904e-05	-1.4490342702253957e-05	-1.3251630828525991e-05	-1.2020270114591501e-05	-1.0795830182960219e-05	-9.57807794873249e-06	-8.366396144988778e-06	-7.160328787730769e-06	-5.9591215058276975e-06	-4.762143058468374e-06	-3.568549389307805e-06	-2.377579615465758e-06	-1.1883453176876816e-06	0.0	
0.0	-1.14850859915632e-06	-2.2980261755590947e-06	-3.44952055927208e-06	-4.604003410970525e-06	-5.762362815972863e-06	-6.925573750298976e-06	-8.094404804399224e-06	-9.269753019860865e-06	-1.0452225672665221e-05	-1.1642597908863443e-05	-1.284127107940987e-05	-1.4048851182705731e-05	-1.5265485829714177e-05	-1.6491561122679566e-05	-1.772691994489685e-05	-1.897167457670727e-05	-2.0225309653223178e-05	-2.1487607548102152e-05	-2.2757640026565484e-05	-2.4034803217807628e-05	-2.531770270622718e-05	-2.6605294760599697e-05	-2.7895670340651155e-05	-2.9187299139582385e-05	-3.047771870920173e-05	-3.1764877770138966e-05	-3.304573733199374e-05	-3.431770958118242e-05	-3.557717842822612e-05	-3.682103002554511e-05	-3.804510052989293e-05	-3.924579384666482e-05	-4.0418464461795676e-05	-4.155911727110048e-05	-4.266273303475668e-05	-4.3725044070636645e-05	-4.474080917828774e-05	-4.570565755159833e-05	-4.6614318943786296e-05	-4.7462526472587274e-05	-4.824520648895989e-05	-4.895842919896753e-05	-4.959756139798868e-05	-5.0159252304672955e-05	-5.063955134644493e-05	-5.103591562472299e-05	-5.1345294609323215e-05	-5.1566145521659976e-05	-5.169648734658179e-05	-5.1735911280982686e-05	-5.16836079477498e-05	-5.1540361842726176e-05	-5.1306557848932724e-05	-5.098415102533026e-05	-5.0574661074622785e-05	-5.008111138780096e-05	-4.9506022514002486e-05	-4.885331660369187e-05	-4.812632269933354e-05	-4.732964421154886e-05	-4.6467189694996325e-05	-4.5544001558009563e-05	-4.45643258407571e-05	-4.353340004577174e-05	-4.245557444469423e-05	-4.133605595599678e-05	-4.0179091963583825e-05	-3.8989665881748465e-05	-3.777175270603998e-05	-3.652996061106231e-05	-3.526786575847664e-05	-3.39895932119008e-05	-3.2698237090426004e-05	-3.1397373392358304e-05	-3.0089570490778657e-05	-2.877782616996302e-05	-2.7464172709812658e-05	-2.615103051795313e-05	-2.483991158315603e-05	-2.3532682454374402e-05	-2.2230369575435768e-05	-2.0934324929789008e-05	-1.9645136614928916e-05	-1.8363691156141922e-05	-1.7090192568261048e-05	-1.582511607840815e-05	-1.4568338803346753e-05	-1.331998036531455e-05	-1.2079648153511528e-05	-1.0847161041714767e-05	-9.6219119865112e-06	-8.403471747399043e-06	-7.191071298072673e-06	-5.984083105329537e-06	-4.7816254961622714e-06	-3.582919672516455e-06	-2.387017793030088e-06	-1.1930344903184232e-06	0.0	
0.0	-1.1530654232723288e-06	-2.3072074823552257e-06	-3.4635247875713654e-06	-4.623034466138234e-06	-5.786819138231852e-06	-6.9557981055540305e-06	-8.130998407793735e-06	-9.313201261569494e-06	-1.0503335807979193e-05	-1.1702001950390584e-05	-1.2909984964810235e-05	-1.4127656451681813e-05	-1.535560758017781e-05	-1.659393046439059e-05	-1.7842967461196776e-05	-1.910247591234433e-05	-2.0372490624529523e-05	-2.16523755927979e-05	-2.2941796570422345e-05	-2.423966410944899e-05	-2.5545212981223342e-05	-2.685684163324964e-05	-2.8173295143189757e-05	-2.949240698120684e-05	-3.081238214948896e-05	-3.213044792077375e-05	-3.344423378843036e-05	-3.4750338565296733e-05	-3.604580367616483e-05	-3.732660455993422e-05	-3.858921358115959e-05	-3.9829023973994e-05	-4.104199812003583e-05	-4.2223032188858084e-05	-4.336768461919786e-05	-4.447048905448277e-05	-4.552675650830939e-05	-4.6530843134083116e-05	-4.747801777447755e-05	-4.8362689619775546e-05	-4.918033078146167e-05	-4.992566720047001e-05	-5.059464383591863e-05	-5.118258063234861e-05	-5.168616627610986e-05	-5.210158004529357e-05	-5.242649928359323e-05	-5.265818792721922e-05	-5.279550319970509e-05	-5.28369527527768e-05	-5.2782687680804794e-05	-5.2632532461010416e-05	-5.238795399943995e-05	-5.2050071535263734e-05	-5.1621594557864706e-05	-5.1104822952432604e-05	-5.050354962242711e-05	-4.982106375165155e-05	-4.906201623002595e-05	-4.8230440487494696e-05	-4.7331579978915654e-05	-4.63699413839287e-05	-4.53510833924176e-05	-4.4279716247148384e-05	-4.3161450100770866e-05	-4.2000953225209857e-05	-4.0803656673725524e-05	-3.957398141793506e-05	-3.831699436948667e-05	-3.7036712632508426e-05	-3.5737704469043416e-05	-3.442347706041594e-05	-3.309801495506422e-05	-3.176425636371669e-05	-3.0425561085288346e-05	-2.9084279438676864e-05	-2.7743141591721646e-05	-2.6403922691797287e-05	-2.506874583087533e-05	-2.3738846671432476e-05	-2.24157828516264e-05	-2.1100301300165357e-05	-1.9793447610630688e-05	-1.849553920309284e-05	-1.7207168989166464e-05	-1.5928287499409568e-05	-1.4659095961104775e-05	-1.3399240425358094e-05	-1.2148590152630702e-05	-1.090654662046287e-05	-9.672703841050213e-06	-8.446274903985413e-06	-7.226631531921127e-06	-6.012850516844503e-06	-4.804130457530754e-06	-3.599460091900075e-06	-2.397910760062825e-06	-1.198428230129228e-06	0.0	
0.0	-1.1581361641863086e-06	-2.3174610039173116e-06	-3.479123003101006e-06	-4.644314568521793e-06	-5.814107303313305e-06	-6.989659701964121e-06	-8.171928171579302e-06	-9.36199710214958e-06	-1.056066644468322e-05	-1.1768902495428142e-05	-1.2987303385116538e-05	-1.421666849260328e-05	-1.545734377030968e-05	-1.6709907324663263e-05	-1.7974397108957033e-05	-1.9251109889505653e-05	-2.0539714489720468e-05	-2.18401611170557e-05	-2.3151684051687306e-05	-2.447381815277297e-05	-2.5805295657899043e-05	-2.7145166623535063e-05	-2.8491595333527683e-05	-2.9843081449761912e-05	-3.119716239794163e-05	-3.2551732080156486e-05	-3.3903656466162114e-05	-3.525018678894617e-05	-3.658749633793541e-05	-3.791218502460027e-05	-3.92197459322403e-05	-4.0506157869718134e-05	-4.1766290434150436e-05	-4.299558051700699e-05	-4.418838433089184e-05	-4.533973265926134e-05	-4.64436373767687e-05	-4.749491847640602e-05	-4.848747106501626e-05	-4.941615492559838e-05	-5.0275025945612645e-05	-5.10592764241351e-05	-5.1763432731883095e-05	-5.238333218587565e-05	-5.2914286951493425e-05	-5.335308163394146e-05	-5.369610257519543e-05	-5.39413398796608e-05	-5.408648177656063e-05	-5.413090592170481e-05	-5.407374053192332e-05	-5.3915832429755634e-05	-5.365777994211155e-05	-5.3301868807002805e-05	-5.285008571396271e-05	-5.230601709246127e-05	-5.1672855808803194e-05	-5.095526115661371e-05	-5.015737383480968e-05	-4.92846375117016e-05	-4.8341838318289356e-05	-4.733488889024001e-05	-4.626890816420115e-05	-4.514996795931269e-05	-4.398322717648917e-05	-4.277463920717938e-05	-4.152915223448457e-05	-4.0252373612612046e-05	-3.894884540698462e-05	-3.7623659878011746e-05	-3.6280817108071714e-05	-3.4924784189201835e-05	-3.355894001469746e-05	-3.218706986211377e-05	-3.081190124213977e-05	-2.943652527628756e-05	-2.8063026830394872e-05	-2.6693824300776843e-05	-2.533039698003145e-05	-2.397453543594677e-05	-2.2627169013285747e-05	-2.1289519769794376e-05	-1.9962033077941912e-05	-1.8645428953701086e-05	-1.7339738789713946e-05	-1.6045248793307827e-05	-1.4761645896436551e-05	-1.3488848861766445e-05	-1.222626634480434e-05	-1.0973512009265374e-05	-9.72977755488547e-06	-8.494428901691561e-06	-7.2664967486372376e-06	-6.045151546831013e-06	-4.829313831818467e-06	-3.618006318540077e-06	-2.410085868533291e-06	-1.2044716151195834e-06	0.0	
0.0	-1.1636588752218476e-06	-2.3286004216211222e-06	-3.4961294299720976e-06	-4.667471519112537e-06	-5.843918133840085e-06	-7.0266018084358895e-06	-8.216763022842674e-06	-9.415402497256984e-06	-1.062366841612123e-05	-1.184238675331534e-05	-1.3072566928619779e-05	-1.4314811707125307e-05	-1.556993894632092e-05	-1.6838273188815283e-05	-1.8120380806604236e-05	-1.941624602734737e-05	-2.0726116505066978e-05	-2.204956720341594e-05	-2.3386453239211376e-05	-2.4735865806867064e-05	-2.6097189069675705e-05	-2.746895315726659e-05	-2.884999192645594e-05	-3.0238198993461443e-05	-3.1631783339053626e-05	-3.302793531951065e-05	-3.4424177306019037e-05	-3.5816947585830695e-05	-3.7203043416466687e-05	-3.8578131566469086e-05	-3.993828119372748e-05	-4.127841031920248e-05	-4.2593905623275946e-05	-4.387901419651875e-05	-4.5128546487235854e-05	-4.633622203620736e-05	-4.74964502365773e-05	-4.860263731242356e-05	-4.964903721716126e-05	-5.062902489536415e-05	-5.1537006696788596e-05	-5.236666223926869e-05	-5.311290055823572e-05	-5.3770070197444776e-05	-5.433394459110184e-05	-5.479989806627452e-05	-5.516490241441342e-05	-5.542566601105436e-05	-5.558062379642609e-05	-5.562803816048411e-05	-5.5567966851887904e-05	-5.540032760504714e-05	-5.512683251112009e-05	-5.4749022975392924e-05	-5.427016396608743e-05	-5.369326075750896e-05	-5.30229110991321e-05	-5.226331919937194e-05	-5.142010720106567e-05	-5.049834414548761e-05	-4.9504319597707476e-05	-4.844360557873032e-05	-4.732279472076834e-05	-4.614761160065528e-05	-4.4924615876794745e-05	-4.3659376720122365e-05	-4.2358138707848555e-05	-4.102606987725654e-05	-3.966888544391879e-05	-3.8291177041222126e-05	-3.689798712417909e-05	-3.549322460974139e-05	-3.4081181393810143e-05	-3.266503802308056e-05	-3.1248313128913664e-05	-2.9833461889051092e-05	-2.842324924553969e-05	-2.7019443588258295e-05	-2.5624105180506636e-05	-2.4238377514845604e-05	-2.286368321992016e-05	-2.1500615720358157e-05	-2.0150035877479104e-05	-1.881206679176931e-05	-1.748708542354308e-05	-1.6174823521967766e-05	-1.4875249412318315e-05	-1.3587778076009666e-05	-1.2312039148977137e-05	-1.1047199100327545e-05	-9.792612256754122e-06	-8.54725784025861e-06	-7.310271525659537e-06	-6.080499817184822e-06	-4.856910275358554e-06	-3.638265358081247e-06	-2.4234100355269456e-06	-1.2110668126558657e-06	0.0	
0.0	-1.1695295910042545e-06	-2.340479737740113e-06	-3.5142322169923467e-06	-4.692213229128593e-06	-5.875732292467571e-06	-7.066186592287136e-06	-8.26477769921222e-06	-9.472835749118179e-06	-1.0691414639645538e-05	-1.1921734261616722e-05	-1.3164655344667115e-05	-1.4421237526107157e-05	-1.569209555794018e-05	-1.6978070610858603e-05	-1.8279470136601503e-05	-1.959684948521822e-05	-2.093013835943173e-05	-2.2279529598559378e-05	-2.364449588875586e-05	-2.5024782464226004e-05	-2.6419318571129565e-05	-2.7827310878520968e-05	-2.9247055147785657e-05	-3.067712734053482e-05	-3.2115102012790806e-05	-3.355883843533751e-05	-3.50051133694608e-05	-3.645099991245998e-05	-3.7892423422950276e-05	-3.932563114423344e-05	-4.074568096807044e-05	-4.214799997529327e-05	-4.352681622627635e-05	-4.4876803936954804e-05	-4.6191468289720266e-05	-4.746487376514413e-05	-4.8689990829891313e-05	-4.9860501772007774e-05	-5.096911592109666e-05	-5.200944417861332e-05	-5.297428628876793e-05	-5.385756141041537e-05	-5.465256735833293e-05	-5.535395068483303e-05	-5.595593456489897e-05	-5.645430888153626e-05	-5.684462153226507e-05	-5.7124167922484705e-05	-5.729014079319724e-05	-5.734159998426334e-05	-5.727757879288645e-05	-5.709901888353901e-05	-5.680683629877148e-05	-5.640381219126423e-05	-5.589262780803219e-05	-5.527770793445228e-05	-5.45632399567643e-05	-5.375497203483968e-05	-5.2858235348025954e-05	-5.1879701937900555e-05	-5.0825430685504596e-05	-4.9702590102417986e-05	-4.8517547483289643e-05	-4.727756004215103e-05	-4.5988923695898206e-05	-4.4658632710971525e-05	-4.329260068116849e-05	-4.1897285265142666e-05	-4.047799006363825e-05	-3.904044790535574e-05	-3.758920915929772e-05	-3.612917483877237e-05	-3.4664074699635074e-05	-3.319794030831353e-05	-3.173367506698513e-05	-3.027445720990183e-05	-2.88224034641131e-05	-2.737989245022064e-05	-2.5948323763473526e-05	-2.45293531881421e-05	-2.312374931416737e-05	-2.1732533097326294e-05	-2.035593451510246e-05	-1.899443015380998e-05	-1.7647802727912274e-05	-1.6316071453656168e-05	-1.4998657444236212e-05	-1.3695202594242933e-05	-1.2404843899411064e-05	-1.112691742037551e-05	-9.860344468734912e-06	-8.604217955667607e-06	-7.3573031582533675e-06	-6.1185044105293546e-06	-4.886482842535147e-06	-3.6600019616475994e-06	-2.437664367554496e-06	-1.2181353204645667e-06	0.0	
0.0	-1.1756641302024482e-06	-2.352869161989792e-06	-3.5331785352600095e-06	-4.718079868282941e-06	-5.909127741813757e-06	-7.10772427454893e-06	-8.315381015656042e-06	-9.533378775840159e-06	-1.0763147012831188e-05	-1.2005803729650126e-05	-1.3262650277321624e-05	-1.4534592638053656e-05	-1.5822749143799863e-05	-1.7127754999138458e-05	-1.845048004664294e-05	-1.9791218975216243e-05	-2.1150515983527795e-05	-2.252824379369656e-05	-2.3924531907674952e-05	-2.5338738336671743e-05	-2.677047814911098e-05	-2.8218492764331773e-05	-2.9681775684714393e-05	-3.115834530653211e-05	-3.26464651225054e-05	-3.414332726192862e-05	-3.5646365011968856e-05	-3.715185564934792e-05	-3.865632376231945e-05	-4.0155073235605566e-05	-4.1643680374896675e-05	-4.311646591828228e-05	-4.456807708876995e-05	-4.599191090127428e-05	-4.7381783639610924e-05	-4.873031613664101e-05	-5.003068743477957e-05	-5.127499082747006e-05	-5.245606539551015e-05	-5.356582831952207e-05	-5.4597173675581165e-05	-5.554228216185088e-05	-5.639457153232036e-05	-5.714698022327809e-05	-5.779394913817858e-05	-5.832967193462901e-05	-5.875008488375231e-05	-5.9051075127775977e-05	-5.923045524479874e-05	-5.9286122572928506e-05	-5.921799849298396e-05	-5.902613702666871e-05	-5.8712615251421685e-05	-5.8279596819216717e-05	-5.773116786078874e-05	-5.7071368999944976e-05	-5.63059785582212e-05	-5.544053302662677e-05	-5.448206450801374e-05	-5.3437132975270806e-05	-5.2313526689151614e-05	-5.1118329465109634e-05	-4.985959136822514e-05	-4.854445120708778e-05	-4.718078109676349e-05	-4.57753797184989e-05	-4.433558969826678e-05	-4.28675721528863e-05	-4.137789147903094e-05	-3.987187738445057e-05	-3.835516841737882e-05	-3.683216460219712e-05	-3.530751916300666e-05	-3.378468313359716e-05	-3.2267334150406775e-05	-3.075801376618801e-05	-2.9259482595982015e-05	-2.7773451176807428e-05	-2.6301851774051822e-05	-2.484566413950287e-05	-2.340609559687124e-05	-2.1983503675085847e-05	-2.0578477453386498e-05	-1.9190859600851692e-05	-1.7820723232010334e-05	-1.64674962703476e-05	-1.5130829180713416e-05	-1.38098247628501e-05	-1.2503793075771002e-05	-1.1211589766763005e-05	-9.932255303930265e-06	-8.664464786811113e-06	-7.40704928770525e-06	-6.158559808831267e-06	-4.917669133987799e-06	-3.6828522293470457e-06	-2.4526675535072243e-06	-1.225555774316994e-06	0.0	
0.0	-1.181936618077917e-06	-2.3655775468719555e-06	-3.5525903241662918e-06	-4.744688103928828e-06	-5.94347324550317e-06	-7.150637907047373e-06	-8.367687995807497e-06	-9.596260522414955e-06	-1.0837728381000606e-05	-1.2093632540116091e-05	-1.3365168594273706e-05	-1.4653731406594344e-05	-1.5960284864146923e-05	-1.7286016169535583e-05	-1.8631590764319345e-05	-1.999791312303956e-05	-2.138526941437327e-05	-2.279419142214933e-05	-2.4224490233872936e-05	-2.5676219847215766e-05	-2.7148606056772616e-05	-2.8641106451412314e-05	-3.0152239756257062e-05	-3.1680739326244236e-05	-3.322428951607937e-05	-3.478077043798415e-05	-3.634690945830297e-05	-3.791961586197738e-05	-3.9494557213332575e-05	-4.1067583509415365e-05	-4.263323968364458e-05	-4.418627956014352e-05	-4.572012687597139e-05	-4.722847945942975e-05	-4.8703731332608606e-05	-5.013866652943551e-05	-5.1524853610763186e-05	-5.2854425949824205e-05	-5.411845697484086e-05	-5.5308819364550173e-05	-5.641654452928966e-05	-5.743374726002921e-05	-5.83519669769023e-05	-5.916413792470546e-05	-5.986290386292856e-05	-6.044260849776646e-05	-6.0897571352121725e-05	-6.122407061472421e-05	-6.141856763227136e-05	-6.147965614112074e-05	-6.14062270582187e-05	-6.119936436953808e-05	-6.0860450135213646e-05	-6.0392996849379396e-05	-5.9800702841233554e-05	-5.908922120177924e-05	-5.826418528851092e-05	-5.7332922567863954e-05	-5.630247622549257e-05	-5.518127652218759e-05	-5.397718628229745e-05	-5.2699142078925574e-05	-5.135524884949911e-05	-4.995439930468627e-05	-4.850443750335586e-05	-4.701375903874911e-05	-4.548955694106484e-05	-4.393939922621925e-05	-4.236956458189572e-05	-4.078658907371972e-05	-3.9195694672889775e-05	-3.7602293910572715e-05	-3.601051170491298e-05	-3.442463553786105e-05	-3.2847730020518095e-05	-3.12830203652173e-05	-2.9732599228050514e-05	-2.8198732358319446e-05	-2.668265797689404e-05	-2.518580503825063e-05	-2.3708686333589026e-05	-2.2252021451169078e-05	-2.081572565934458e-05	-1.9399931188233355e-05	-1.800407460323128e-05	-1.662781135799987e-05	-1.5270204763025337e-05	-1.3930529857089083e-05	-1.2607567217775648e-05	-1.130029309080208e-05	-1.0007281220295356e-05	-8.727276906324448e-06	-7.458709802456065e-06	-6.2001501882156255e-06	-4.949935338075502e-06	-3.7065068384634562e-06	-2.4681527164650392e-06	-1.2332251325457658e-06	0.0	
0.0	-1.1882401515531027e-06	-2.3783308348861197e-06	-3.572145966675845e-06	-4.7714883321127015e-06	-5.97823009130025e-06	-7.194100051676788e-06	-8.420940031274098e-06	-9.660374064385565e-06	-1.0914178863334067e-05	-1.2183835546075527e-05	-1.3471011948085513e-05	-1.477699790716033e-05	-1.6103296711026752e-05	-1.7450945444840842e-05	-1.8821212448476076e-05	-2.0214804758554643e-05	-2.1632668134403298e-05	-2.307508425408982e-05	-2.4542569704987324e-05	-2.6034866379877266e-05	-2.75519358828904e-05	-2.90928475826398e-05	-3.0656865225554966e-05	-3.224223839886893e-05	-3.384737882446761e-05	-3.5469562597481184e-05	-3.710619466241877e-05	-3.8753431088986787e-05	-4.040753152602741e-05	-4.20634128049705e-05	-4.37160905010278e-05	-4.5359176999746454e-05	-4.698641425878309e-05	-4.859013062434987e-05	-5.0162866884490595e-05	-5.169580591329133e-05	-5.31804924416717e-05	-5.460724736017892e-05	-5.596697772009381e-05	-5.724958282644655e-05	-5.844584467519124e-05	-5.954582602843775e-05	-6.054082344447671e-05	-6.142174948725598e-05	-6.218112235342087e-05	-6.28114173093472e-05	-6.330706107055613e-05	-6.366273402446732e-05	-6.387533640567813e-05	-6.394222489281546e-05	-6.386312262119471e-05	-6.36382818042082e-05	-6.327032014315562e-05	-6.27623135391854e-05	-6.211955483774982e-05	-6.134759406043551e-05	-6.0453927851426685e-05	-5.9446015162543204e-05	-5.83329138454639e-05	-5.712330470713085e-05	-5.5827093735918976e-05	-5.44534763186714e-05	-5.301252006793551e-05	-5.1513295129278485e-05	-4.996544553190495e-05	-4.837740334874579e-05	-4.675794846649965e-05	-4.511451629881177e-05	-4.3454738945589134e-05	-4.178484983972816e-05	-4.0111194579543215e-05	-3.84387319639481e-05	-3.6772500547656756e-05	-3.511621384301374e-05	-3.347366845126882e-05	-3.184743119567172e-05	-3.024017584569332e-05	-2.865346089941874e-05	-2.708898377458936e-05	-2.5547449282634646e-05	-2.4029732200858955e-05	-2.253583776552274e-05	-2.1065965446806297e-05	-1.9619563809411718e-05	-1.8196289936136406e-05	-1.679516167923511e-05	-1.541540848550146e-05	-1.4055724397972556e-05	-1.2715007057566719e-05	-1.1391714866259192e-05	-1.0084491738334073e-05	-8.791631671653587e-06	-7.511587460937626e-06	-6.242545609327052e-06	-4.982817754545524e-06	-3.7305284439669195e-06	-2.48388850724686e-06	-1.2409977568478372e-06	0.0	
0.0	-1.1944267597249578e-06	-2.390892035591309e-06	-3.591400330627501e-06	-4.798003983820286e-06	-6.012652686631131e-06	-7.237390112475905e-06	-8.474086801813791e-06	-9.724749993494884e-06	-1.0991140140461197e-05	-1.2275191853778185e-05	-1.3578514719122465e-05	-1.490292275662125e-05	-1.62498206192949e-05	-1.7620838494070587e-05	-1.9017105206853453e-05	-2.0439985082759747e-05	-2.189024000348255e-05	-2.336886446523915e-05	-2.487613929561005e-05	-2.64125610716508e-05	-2.797779108624967e-05	-2.957167550744148e-05	-3.119309438031316e-05	-3.28410695162568e-05	-3.4513519909693625e-05	-3.620845541408229e-05	-3.7922646983835234e-05	-3.965290572417179e-05	-4.1394678777809395e-05	-4.314341519395505e-05	-4.489310083257439e-05	-4.6637714336876144e-05	-4.8369716644644544e-05	-5.008160155145372e-05	-5.1764356543064266e-05	-5.340911213256688e-05	-5.500558980853589e-05	-5.654385155300372e-05	-5.8012746842041525e-05	-5.940175779514163e-05	-6.069944997448681e-05	-6.189539954177512e-05	-6.297864272097783e-05	-6.393966046509819e-05	-6.47688109064745e-05	-6.545833706700865e-05	-6.600075865025815e-05	-6.639086277598487e-05	-6.662402951934811e-05	-6.669816750098234e-05	-6.661195375721188e-05	-6.636668613482945e-05	-6.59644317584627e-05	-6.540978438214381e-05	-6.470793329794484e-05	-6.386633138856691e-05	-6.289271251015883e-05	-6.179668968648222e-05	-6.0587759102745365e-05	-5.9276854074565065e-05	-5.787437562608218e-05	-5.639172593194583e-05	-5.483939988655214e-05	-5.322851376124454e-05	-5.1568982189051816e-05	-4.987104725214138e-05	-4.814355441967364e-05	-4.6395477412434745e-05	-4.463429754402495e-05	-4.286751253227585e-05	-4.1101117725225766e-05	-3.934108318370892e-05	-3.7591932485328685e-05	-3.585817149579605e-05	-3.414296012870595e-05	-3.24494773599113e-05	-3.07796825130913e-05	-2.9135603300020684e-05	-2.7518185031055043e-05	-2.5928491029003522e-05	-2.4366640012828843e-05	-2.2832910653445773e-05	-2.132676890122373e-05	-1.9847870494397026e-05	-1.839518106227016e-05	-1.696787200139133e-05	-1.5564536788710312e-05	-1.4183976847984226e-05	-1.2824517722027153e-05	-1.1484682446296536e-05	-1.0162611151547435e-05	-8.85662013516182e-06	-7.564728186375284e-06	-6.285100079704776e-06	-5.015682510456482e-06	-3.7545311917946774e-06	-2.4995588159924803e-06	-1.2487453623192717e-06	0.0	
0.0	-1.2003667548246034e-06	-2.402942858700086e-06	-3.6099624957583183e-06	-4.82359509181383e-06	-6.046083678651278e-06	-7.279540422955182e-06	-8.526197132678982e-06	-9.78808587090893e-06	-1.1067399697521358e-05	-1.2366058709441005e-05	-1.3686178571881e-05	-1.5029522685518817e-05	-1.639807552538502e-05	-1.779338199923259e-05	-1.9217222114074125e-05	-2.067083899909183e-05	-2.2155711014196732e-05	-2.367267042740966e-05	-2.5222768844848013e-05	-2.680628924466499e-05	-2.8423700648340638e-05	-3.0074567234797595e-05	-3.1758588615815245e-05	-3.3474411214241205e-05	-3.5220751483046396e-05	-3.699511674754984e-05	-3.879501031324087e-05	-4.061657159336866e-05	-4.2455864273660126e-05	-4.430744866948399e-05	-4.6165756736840646e-05	-4.802361285887846e-05	-4.9873701972384004e-05	-5.170705763609751e-05	-5.351463094628524e-05	-5.52857656635004e-05	-5.700987464549222e-05	-5.8674919649098236e-05	-6.0269197390253775e-05	-6.177983524652351e-05	-6.319467997715784e-05	-6.450080970430604e-05	-6.568650532874469e-05	-6.673976532707787e-05	-6.765032546596363e-05	-6.840814960600347e-05	-6.900545178129686e-05	-6.943512820335517e-05	-6.969273204301035e-05	-6.977481355995865e-05	-6.96808052334476e-05	-6.941124992706317e-05	-6.896957177667922e-05	-6.836019369592324e-05	-6.759019271903737e-05	-6.666733142769997e-05	-6.560161785618303e-05	-6.440329316839103e-05	-6.308432923057388e-05	-6.165642216305678e-05	-6.013246243180705e-05	-5.852458015588352e-05	-5.6845614585418285e-05	-5.51072454963762e-05	-5.3321475589355604e-05	-5.1498867857263186e-05	-4.9650040611832515e-05	-4.77840176996197e-05	-4.590972502865361e-05	-4.4034451418843365e-05	-4.2165329122699946e-05	-4.030789846569936e-05	-3.846755270746574e-05	-3.664819867077554e-05	-3.485364722589522e-05	-3.3086363500348326e-05	-3.134878693357985e-05	-2.9642167129248102e-05	-2.7967800694496435e-05	-2.632595140840909e-05	-2.4716994194339225e-05	-2.314042049277897e-05	-2.1595882347794017e-05	-2.0082285470929978e-05	-1.8598728449936548e-05	-1.7143686961166373e-05	-1.5715844580331894e-05	-1.4313372039555776e-05	-1.2934647153031611e-05	-1.157763305304682e-05	-1.024048546776539e-05	-8.921033635553345e-06	-7.617273701776194e-06	-6.326955607776266e-06	-5.0479617969762644e-06	-3.778002882493157e-06	-2.5148812324650786e-06	-1.2562976931357567e-06	0.0	
0.0	-1.2058904465270205e-06	-2.4142008991384345e-06	-3.6273210403436905e-06	-4.8476920052975295e-06	-6.077663235228622e-06	-7.319685165156337e-06	-8.57605294355497e-06	-9.849208328489056e-06	-1.1141370324318378e-05	-1.2454944026951811e-05	-1.3792038547148606e-05	-1.5154979963836692e-05	-1.6545717197202558e-05	-1.7966435649763914e-05	-1.941885199383163e-05	-2.0904924549886548e-05	-2.242603831752494e-05	-2.3983807732852355e-05	-2.5579153785852698e-05	-2.7213194620659132e-05	-2.8886217369071982e-05	-3.05986522560949e-05	-3.2349943000306596e-05	-3.4139600840852745e-05	-3.5965979194185966e-05	-3.782740551182967e-05	-3.9720868502749135e-05	-4.16432280907833e-05	-4.3589826970760336e-05	-4.555578212188735e-05	-4.75345365836413e-05	-4.951923963774648e-05	-5.1501258880977657e-05	-5.34716594679963e-05	-5.541969968719552e-05	-5.733442113668236e-05	-5.920315139197423e-05	-6.101321480245746e-05	-6.275046155595717e-05	-6.440110115246006e-05	-6.595026682316681e-05	-6.738395994275844e-05	-6.86876426099705e-05	-6.984826281921367e-05	-7.085284902385371e-05	-7.16905672645228e-05	-7.235127550729413e-05	-7.282755184104457e-05	-7.31131603141872e-05	-7.320499021622949e-05	-7.310139399260488e-05	-7.28039941222771e-05	-7.231587706690938e-05	-7.164325265953921e-05	-7.07935191690903e-05	-6.977679125359879e-05	-6.860387961056796e-05	-6.728772693858059e-05	-6.584136212709277e-05	-6.427929253971612e-05	-6.261549358632656e-05	-6.086479958623245e-05	-5.904097746715437e-05	-5.715814245078714e-05	-5.522894598660789e-05	-5.326602352957201e-05	-5.1280308363381064e-05	-4.928250260233236e-05	-4.7281514750643406e-05	-4.528593472564389e-05	-4.330258535708518e-05	-4.1337977957367825e-05	-3.9396965768143815e-05	-3.7484156997948424e-05	-3.5602659692310086e-05	-3.3755432299838916e-05	-3.194411271123922e-05	-3.017029061742405e-05	-2.8434417109467495e-05	-2.6736987221405206e-05	-2.5077529661759822e-05	-2.3455691403547016e-05	-2.187030946986879e-05	-2.0320392064344174e-05	-1.8804275819962225e-05	-1.732049981303237e-05	-1.586705243341448e-05	-1.4442135857461926e-05	-1.3043506893286287e-05	-1.1669130286975354e-05	-1.0316617717993348e-05	-8.983768839809233e-06	-7.668112194752073e-06	-6.367333269183086e-06	-5.0789205723362774e-06	-3.800480303975321e-06	-2.5294902717030323e-06	-1.2635010815396776e-06	0.0	
0.0	-1.2108460199694585e-06	-2.424305093694797e-06	-3.6430173493113446e-06	-4.869566575518073e-06	-6.1066167961255934e-06	-7.356717806781999e-06	-8.622549767520475e-06	-9.906617487235575e-06	-1.1211600995070548e-05	-1.2539938663304144e-05	-1.3894281108411667e-05	-1.5276963481784475e-05	-1.6690559407521422e-05	-1.8137242977319653e-05	-1.961943879000085e-05	-2.1139074405637456e-05	-2.2698321972966712e-05	-2.429874220388699e-05	-2.5942112658790977e-05	-2.7629464815970045e-05	-2.936199398125873e-05	-3.11399919225104e-05	-3.296383378555986e-05	-3.4832810272114075e-05	-3.674618813355159e-05	-3.870194825405902e-05	-4.069791851773238e-05	-4.273042764625049e-05	-4.4795512662864994e-05	-4.6887502988101596e-05	-4.900030926548616e-05	-5.1125957729054004e-05	-5.32559722195329e-05	-5.5379884264596644e-05	-5.7486724364646646e-05	-5.956353680443391e-05	-6.159699754401736e-05	-6.357196197999334e-05	-6.547322231392413e-05	-6.728410861295882e-05	-6.898838602465145e-05	-7.056891300750707e-05	-7.200965791505338e-05	-7.329439455962814e-05	-7.440879192617165e-05	-7.533910192838116e-05	-7.607425304648804e-05	-7.660446753651485e-05	-7.692327963627823e-05	-7.702601912383528e-05	-7.691168504196303e-05	-7.658125375574807e-05	-7.60393699727005e-05	-7.529247555499699e-05	-7.43503215823759e-05	-7.322395613109598e-05	-7.1927099245744e-05	-7.047405871046228e-05	-6.888103106302912e-05	-6.71640246765878e-05	-6.534014959796698e-05	-6.342561709491421e-05	-6.143706351534404e-05	-5.938967247584299e-05	-5.72985526472633e-05	-5.517700298507313e-05	-5.303794065219066e-05	-5.089230883318247e-05	-4.875053453842331e-05	-4.662106602860652e-05	-4.4511832388011336e-05	-4.242889311075447e-05	-4.037787054241791e-05	-3.836269542464301e-05	-3.6386986893612635e-05	-3.445288201932542e-05	-3.256234348783627e-05	-3.071606622542957e-05	-2.8914698412805834e-05	-2.7157822816450646e-05	-2.544508144795756e-05	-2.377523264481107e-05	-2.214717318620339e-05	-2.055907438238097e-05	-1.900929785257272e-05	-1.7495615065994414e-05	-1.6016014506747004e-05	-1.4568009521404214e-05	-1.3149335503016081e-05	-1.1757350794989563e-05	-1.0389623052388164e-05	-9.043427536847479e-06	-7.716222133605732e-06	-6.405246797868563e-06	-5.107886941062069e-06	-3.821377155648895e-06	-2.5430529102312153e-06	-1.2701610496095306e-06	0.0	
0.0	-1.21504332350489e-06	-2.432929814030515e-06	-3.6564771106861135e-06	-4.888559693396594e-06	-6.1319746645210476e-06	-7.389630764024962e-06	-8.66430503786332e-06	-9.958936709917818e-06	-1.1276274599830184e-05	-1.261927344406223e-05	-1.3990632129154325e-05	-1.5393289368209346e-05	-1.682985294865398e-05	-1.8303190938793345e-05	-1.9815752240781478e-05	-2.13702487694446e-05	-2.2968867709109237e-05	-2.461403945526892e-05	-2.6307542201627174e-05	-2.805135000107884e-05	-2.9846630825105922e-05	-3.169466909452398e-05	-3.3595759406769544e-05	-3.555019860431092e-05	-3.7557079288602776e-05	-3.961534830165716e-05	-4.172250731803638e-05	-4.387573788541192e-05	-4.607052113039529e-05	-4.830183446290952e-05	-5.056270880471759e-05	-5.284550852044747e-05	-5.514045204343677e-05	-5.743699357533091e-05	-5.9722340022657716e-05	-6.198295837777447e-05	-6.420312572139432e-05	-6.636658660048937e-05	-6.845516969363104e-05	-7.045061097454489e-05	-7.23332567826938e-05	-7.408404824837532e-05	-7.568330461844028e-05	-7.711283320482138e-05	-7.835475261762414e-05	-7.939365735523836e-05	-8.021540828827186e-05	-8.080925479952679e-05	-8.116650380622962e-05	-8.128249921442014e-05	-8.115509275537182e-05	-8.078640774806747e-05	-8.018107612454533e-05	-7.934776498930585e-05	-7.829720134058425e-05	-7.704349706097365e-05	-7.560203432362177e-05	-7.399066576032476e-05	-7.222756075764042e-05	-7.033236955019165e-05	-6.832412745491444e-05	-6.622245559420055e-05	-6.404559389373355e-05	-6.1811678844067e-05	-5.953694093106034e-05	-5.723706565935211e-05	-5.492555985794369e-05	-5.2615176308766195e-05	-5.031643304499115e-05	-4.803906808545534e-05	-4.5790687304559275e-05	-4.3578212626653055e-05	-4.1406634437844995e-05	-3.92804204476449e-05	-3.720235397299752e-05	-3.517487772435182e-05	-3.319900626105521e-05	-3.127558643557565e-05	-2.9404278767870406e-05	-2.7584722665105124e-05	-2.5815586412955625e-05	-2.4095630043008778e-05	-2.242282690169021e-05	-2.0795320220545142e-05	-1.921062102479634e-05	-1.7666456395558393e-05	-1.616004919283731e-05	-1.4688857063254303e-05	-1.3249939443689732e-05	-1.1840586895918835e-05	-1.0457780423012264e-05	-9.098710953509416e-06	-7.760335354375597e-06	-6.439786010984453e-06	-5.134027195451825e-06	-3.84015479911476e-06	-2.555155996066889e-06	-1.2760993408551908e-06	0.0	
0.0	-1.2183101296171597e-06	-2.439674787526879e-06	-3.667178781498121e-06	-4.9038613896837675e-06	-6.152851713839794e-06	-7.4171861671530235e-06	-8.700047383545243e-06	-1.0004474683804112e-05	-1.133370441926254e-05	-1.2690773287255235e-05	-1.4078957284929192e-05	-1.5501267830230392e-05	-1.696098570999556e-05	-1.8461049956017836e-05	-2.000468231640724e-05	-2.159466877327322e-05	-2.3234069204214097e-05	-2.492539138535625e-05	-2.6671379750023937e-05	-2.8474081840892555e-05	-3.0335709605134296e-05	-3.225759878043333e-05	-3.424113628968783e-05	-3.6286614327246365e-05	-3.8394218558675795e-05	-4.05627812001637e-05	-4.279082742433501e-05	-4.507523605137826e-05	-4.7412346349000355e-05	-4.979654153603754e-05	-5.222142534188197e-05	-5.467835238844157e-05	-5.7157693068813015e-05	-5.964734509443943e-05	-6.213411483202099e-05	-6.460225339649902e-05	-6.703498912484724e-05	-6.941313518436104e-05	-7.17168061615069e-05	-7.39241365223079e-05	-7.601319865842239e-05	-7.796084777580764e-05	-7.974482603441066e-05	-8.134270928673024e-05	-8.273413583367753e-05	-8.389978225888182e-05	-8.482360913268042e-05	-8.549175472639925e-05	-8.589466435364446e-05	-8.602578303948275e-05	-8.58834483636081e-05	-8.546929831406639e-05	-8.478986253977728e-05	-8.385467193431219e-05	-8.267756175447223e-05	-8.127454801593503e-05	-7.966492626333059e-05	-7.786903488959137e-05	-7.590926851049052e-05	-7.380786148209427e-05	-7.158792713610814e-05	-6.927136911431911e-05	-6.688001927200365e-05	-6.443373824507534e-05	-6.195167666536814e-05	-5.9450580250000346e-05	-5.694615882987459e-05	-5.445157853286507e-05	-5.197889937808855e-05	-4.953772147669913e-05	-4.713664432332319e-05	-4.478203222634051e-05	-4.247945202793152e-05	-4.023252950437656e-05	-3.8044331350829685e-05	-3.591629386090879e-05	-3.38495252438699e-05	-3.1843797077361186e-05	-2.989875190007106e-05	-2.8012955099682396e-05	-2.6184999316369948e-05	-2.4412619206949085e-05	-2.2693688530220693e-05	-2.1025402916795505e-05	-1.9405168043985067e-05	-1.782985667767942e-05	-1.6296587636585802e-05	-1.4802063492650006e-05	-1.3343240556697633e-05	-1.1916753154850917e-05	-1.0519475000228074e-05	-9.148035204807251e-06	-7.799271373690525e-06	-6.469841655556266e-06	-5.15656985067491e-06	-3.856156958917324e-06	-2.5654186080394673e-06	-1.2810987841988979e-06	0.0	
0.0	-1.2204383133142024e-06	-2.444175823312055e-06	-3.6744922549174165e-06	-4.914731667874576e-06	-6.168178921936863e-06	-7.438245530236312e-06	-8.728241601598592e-06	-1.0041661941037283e-05	-1.1381853207810289e-05	-1.2752397771501639e-05	-1.4156675890183995e-05	-1.559834401293768e-05	-1.7080791713083675e-05	-1.860771019084078e-05	-2.018244350372332e-05	-2.1808641994333432e-05	-2.3489507086942604e-05	-2.5228523316801185e-05	-2.7028595710421326e-05	-2.8892853171911517e-05	-3.0823677432637465e-05	-3.282357002321393e-05	-3.4894072306321244e-05	-3.703668856118176e-05	-3.925169822542422e-05	-4.153912936747528e-05	-4.3897467674016745e-05	-4.632467857360983e-05	-4.881682353369201e-05	-5.136913611318176e-05	-5.3974565430419644e-05	-5.662492185203841e-05	-5.930938000365231e-05	-6.201572293482069e-05	-6.472885115576919e-05	-6.743216720346968e-05	-7.010614880055067e-05	-7.272992322671144e-05	-7.527996484123808e-05	-7.773190246267159e-05	-8.005938561933708e-05	-8.223614023554005e-05	-8.423500796559031e-05	-8.60302133496889e-05	-8.759651923613272e-05	-8.891160178645856e-05	-8.99551994432607e-05	-9.071143506312511e-05	-9.116779577154671e-05	-9.131722551650526e-05	-9.115678689547001e-05	-9.068939259570911e-05	-8.992207469966571e-05	-8.886732035656556e-05	-8.754098321726617e-05	-8.596329783915361e-05	-8.41565647674128e-05	-8.214599260905186e-05	-7.995733343818805e-05	-7.761771523098358e-05	-7.515338827433673e-05	-7.259067054986941e-05	-6.995390871197523e-05	-6.726659347386084e-05	-6.454957192505707e-05	-6.182232863361772e-05	-5.910143392605057e-05	-5.640194642247948e-05	-5.373605398552848e-05	-5.111453753957806e-05	-4.854555518237798e-05	-4.603610929580315e-05	-4.3590931782074656e-05	-4.1213908096975505e-05	-3.8907034647115714e-05	-3.6671767498393725e-05	-3.450803609318323e-05	-3.241549690725037e-05	-3.039259806582946e-05	-2.843772752943093e-05	-2.65483301935457e-05	-2.4721946220774513e-05	-2.2955386189133095e-05	-2.1245658608158927e-05	-1.9589210422995304e-05	-1.7982744374047337e-05	-1.6422532457439643e-05	-1.4905124326273052e-05	-1.342674077851446e-05	-1.1983874377533509e-05	-1.0572769117737509e-05	-9.189914203849012e-06	-7.831614999807238e-06	-6.4943806492623435e-06	-5.174590393287171e-06	-3.868775541922319e-06	-2.5733843242963126e-06	-1.2849586777471876e-06	0.0	
0.0	-1.2212383604309895e-06	-2.4459998253170017e-06	-3.677842090618643e-06	-4.920290797721888e-06	-6.176974421983352e-06	-7.451455820266237e-06	-8.747465964775421e-06	-1.0068633344066847e-05	-1.1418814435537489e-05	-1.2801720694466414e-05	-1.4221342849832425e-05	-1.5681475122126485e-05	-1.718622945402911e-05	-1.873945632488902e-05	-2.0345343889819733e-05	-2.2007734315021625e-05	-2.3730801525255474e-05	-2.5518261421562032e-05	-2.7374120618700614e-05	-2.93017783611027e-05	-3.130483747000308e-05	-3.338609552210671e-05	-3.554840859860102e-05	-3.7793569825332694e-05	-4.0123217050787156e-05	-4.2537598939356054e-05	-4.50365203304463e-05	-4.7618000795209144e-05	-5.027925732448043e-05	-5.3015268827641686e-05	-5.5819806127166405e-05	-5.8683929234169504e-05	-6.159708988375646e-05	-6.454560631461857e-05	-6.751388242156236e-05	-7.048292437256012e-05	-7.34317381998424e-05	-7.633596706386981e-05	-7.916953664383985e-05	-8.190349003891237e-05	-8.450793510877258e-05	-8.695112322139786e-05	-8.9201703848039e-05	-9.122802698478144e-05	-9.300062821981784e-05	-9.449164272617321e-05	-9.567735018987174e-05	-9.653750389077671e-05	-9.705770183634132e-05	-9.722840472551437e-05	-9.704691181638373e-05	-9.651589969737707e-05	-9.564488265456097e-05	-9.444823911149874e-05	-9.294618963658389e-05	-9.116243127520835e-05	-8.912480128691746e-05	-8.686274081867479e-05	-8.440787060309319e-05	-8.17915175929119e-05	-7.904539914162245e-05	-7.619938316315842e-05	-7.328239294770262e-05	-7.0320477569237e-05	-6.733795757111138e-05	-6.435580024570221e-05	-6.139296005370809e-05	-5.846500454218868e-05	-5.558557259163939e-05	-5.27651815170332e-05	-5.0012724428408206e-05	-4.733439658787512e-05	-4.473516765597814e-05	-4.221778311188593e-05	-3.9784166773946335e-05	-3.7434471922160456e-05	-3.516838738390813e-05	-3.2984228244467605e-05	-3.08801321542081e-05	-2.8853189833896015e-05	-2.6900526837123735e-05	-2.5018479944415235e-05	-2.3203564342487903e-05	-2.145170461903263e-05	-1.9759089422276927e-05	-1.812146629736694e-05	-1.65348864334669e-05	-1.4995071951084374e-05	-1.3498053102842299e-05	-1.2039615457597414e-05	-1.061583138703477e-05	-9.222593275689983e-06	-7.856040577034233e-06	-6.512183910979593e-06	-5.187228547277711e-06	-3.877293126208809e-06	-2.578630177674625e-06	-1.287442247881033e-06	0.0	
0.0	-1.2204882417451226e-06	-2.444751885944567e-06	-3.676554281365655e-06	-4.919732943375417e-06	-6.178088572772429e-06	-7.455568461257845e-06	-8.756056207196377e-06	-1.008365062322426e-05	-1.144235588282507e-05	-1.2836453480004453e-05	-1.4270092459481136e-05	-1.5747751015607894e-05	-1.727372615896561e-05	-1.8852680358272462e-05	-2.0489029453029154e-05	-2.2187568325747123e-05	-2.395275508426377e-05	-2.578940813004825e-05	-2.7701883665927308e-05	-2.96948348146017e-05	-3.177227853961109e-05	-3.393840594319964e-05	-3.619653411236908e-05	-3.8549955928938355e-05	-4.100077288577114e-05	-4.355077360127419e-05	-4.620014644744628e-05	-4.8948379871663415e-05	-5.179286035509386e-05	-5.472979639760823e-05	-5.7752719736414455e-05	-6.085345018724055e-05	-6.402053755193528e-05	-6.724030702016123e-05	-7.049530511164554e-05	-7.376549251596426e-05	-7.702678475639572e-05	-8.02524831140008e-05	-8.341201791223717e-05	-8.647271347361838e-05	-8.939883103204177e-05	-9.215373108443928e-05	-9.46992555782007e-05	-9.699826680867264e-05	-9.901429994404326e-05	-0.00010071433051982203	-0.00010206849441899682	-0.0001030528104519619	-0.00010364866647635102	-0.00010384517030420301	-0.00010363810753648197	-0.00010303166822376317	-0.00010203672090632933	-0.00010067185239135822	-9.896102063111645e-05	-9.69340631332493e-05	-9.462398123427347e-05	-9.206721158736594e-05	-8.930086856082813e-05	-8.636308015018185e-05	-8.329046197264425e-05	-8.011872052856618e-05	-7.68805066884092e-05	-7.360635529546084e-05	-7.032293893033392e-05	-6.705430427307048e-05	-6.382046270705141e-05	-6.063882650995104e-05	-5.752304026170854e-05	-5.448450905218939e-05	-5.153137994883314e-05	-4.867007163133477e-05	-4.590433893240654e-05	-4.3236740660931774e-05	-4.066774739218084e-05	-3.8197110167320484e-05	-3.582299421051353e-05	-3.354323070066926e-05	-3.135447442070518e-05	-2.925333321750147e-05	-2.7235556332798967e-05	-2.5297042852729556e-05	-2.3433071372477648e-05	-2.1639191541720636e-05	-1.9910506567737997e-05	-1.824245250485587e-05	-1.663014429902101e-05	-1.506904690239534e-05	-1.3554394034042848e-05	-1.2081754243002752e-05	-1.06465298474905e-05	-9.24442011391239e-06	-7.871006218608195e-06	-6.522112939386633e-06	-5.193484075961738e-06	-3.881043527465661e-06	-2.5806644402640383e-06	-1.2883302721996818e-06	0.0	
0.0	-1.2179860320518191e-06	-2.4399759836142913e-06	-3.670013855293815e-06	-4.912127866236618e-06	-6.170465758185333e-06	-7.449142611460634e-06	-8.75247013716806e-06	-1.0084707959417862e-05	-1.1450384963394896e-05	-1.2853953795612729e-05	-1.4300201425408791e-05	-1.579380633781301e-05	-1.7339834300240606e-05	-1.8943197154042168e-05	-2.0609228309056006e-05	-2.2343041133485723e-05	-2.4150176893813797e-05	-2.6035859483089453e-05	-2.8005706403600816e-05	-3.0064875029902488e-05	-3.2218824941568597e-05	-3.447234933312847e-05	-3.683037492730715e-05	-3.929687107802197e-05	-4.187567241724312e-05	-4.456925870878389e-05	-4.7379586690597534e-05	-5.030673757345117e-05	-5.33497503651782e-05	-5.6505143555000774e-05	-5.9767755306614195e-05	-6.312916417593173e-05	-6.657856457476722e-05	-7.01011402942539e-05	-7.367903719804315e-05	-7.728978131880785e-05	-8.090745012709875e-05	-8.450126510209648e-05	-8.803709406643076e-05	-9.147636667141876e-05	-9.477803807181513e-05	-9.789794570369504e-05	-0.00010079129923029802	-0.00010341249277069533	-0.0001057180428742728	-0.00010766669565833364	-0.00010922254253729934	-0.00011035507492242668	-0.00011104205317044222	-0.00011126906907403783	-0.0001110317372021338	-0.00011033441925325485	-0.0001091914988767392	-0.00010762519251160754	-0.00010566598306737112	-0.0001033497561486621	-0.00010071773853643357	-9.781339060402404e-05	-9.468228939450804e-05	-9.136920172966195e-05	-8.791825926608666e-05	-8.437048252553782e-05	-8.076440851866777e-05	-7.713414388217806e-05	-7.351043097000094e-05	-6.991916509769755e-05	-6.638278079157715e-05	-6.291910278670898e-05	-5.954290407277481e-05	-5.626495806468199e-05	-5.3093638633045035e-05	-5.00340719997496e-05	-4.708968708434921e-05	-4.42614050536404e-05	-4.154908631965264e-05	-3.895072921927887e-05	-3.646378893281771e-05	-3.408437977484366e-05	-3.18084596176646e-05	-2.9631043365741243e-05	-2.754725612311577e-05	-2.555157123981474e-05	-2.3638739306415437e-05	-2.1803065461814878e-05	-2.0039221817332205e-05	-1.8341577631365326e-05	-1.6704901707248455e-05	-1.5123756958380441e-05	-1.3593097748384504e-05	-1.2107738077393932e-05	-1.066284729914556e-05	-9.253499039307844e-06	-7.875067476834628e-06	-6.522862304832657e-06	-5.1924268733297686e-06	-3.8792630452611995e-06	-2.5790319518102266e-06	-1.2873714506837099e-06	0.0	
0.0	-1.213501759457898e-06	-2.4312581646898255e-06	-3.6575205977548827e-06	-4.896626828275668e-06	-6.152904479872717e-06	-7.430852821989435e-06	-8.73495284842332e-06	-1.006993982828868e-05	-1.1440519912837241e-05	-1.2851731240886367e-05	-1.4308566777842418e-05	-1.5816420678677344e-05	-1.738061653766467e-05	-1.9006934277589958e-05	-2.0701042067045082e-05	-2.2469097144821e-05	-2.431707826092448e-05	-2.6251451492812785e-05	-2.8278398142757765e-05	-3.0404533761800806e-05	-3.263602406186085e-05	-3.497934221398705e-05	-3.744026283526285e-05	-4.0024639703922804e-05	-4.273726606134683e-05	-4.5582653341893565e-05	-4.8563746473347655e-05	-5.1682686156129904e-05	-5.493937323514683e-05	-5.833220578359017e-05	-6.185650083666001e-05	-6.550521736014322e-05	-6.926727113017899e-05	-7.312828964460246e-05	-7.706889953165686e-05	-8.106561006362457e-05	-8.508920882268928e-05	-8.910592780589995e-05	-9.307613598287523e-05	-9.69559811545797e-05	-0.0001006965834088186	-0.00010424632473108122	-0.00010755067848377143	-0.00011055519263511373	-0.00011320590452341375	-0.00011545282385479042	-0.00011725060720929235	-0.00011856206777028592	-0.00011935854232718356	-0.00011962279620233941	-0.00011934848163734407	-0.00011854192256368962	-0.00011722033048565308	-0.00011541234382890823	-0.00011315512658118757	-0.00011049399611250479	-0.00010747891991132652	-0.00010416383300737608	-0.0001006031643100713	-9.685141090817978e-05	-9.296016700893804e-05	-8.897828069769596e-05	-8.49495792769005e-05	-8.091365927510483e-05	-7.690426225855844e-05	-7.295056302476972e-05	-6.907602381609574e-05	-6.529997676318422e-05	-6.16367632548094e-05	-5.8097422077578356e-05	-5.468895985894206e-05	-5.141600926544885e-05	-4.8280133754863514e-05	-4.528137654952663e-05	-4.2417553524790725e-05	-3.9685657281295496e-05	-3.708112696478342e-05	-3.4599099262840256e-05	-3.223366376655583e-05	-2.997896694238608e-05	-2.7828470357576542e-05	-2.577591907455449e-05	-2.3814621990357046e-05	-2.193829655088047e-05	-2.0140388902181814e-05	-1.8414805008903033e-05	-1.675528538479373e-05	-1.5156030208249099e-05	-1.3611140245237368e-05	-1.2115141188415304e-05	-1.0662499542383452e-05	-9.24804949869894e-06	-7.86659020214056e-06	-6.513217085627317e-06	-5.183005082692006e-06	-3.871245442008708e-06	-2.57321803083574e-06	-1.2843341487734668e-06	0.0	
0.0	-1.2068279838161243e-06	-2.418133451008141e-06	-3.6384405918947973e-06	-4.8722767937777346e-06	-6.1243092538637665e-06	-7.399211257898885e-06	-8.701887884420334e-06	-1.0037252197465859e-05	-1.1410538514814935e-05	-1.2826988523514986e-05	-1.4292249609617621e-05	-1.5811970478911522e-05	-1.7392280721357535e-05	-1.9039294677523748e-05	-2.0759666619183e-05	-2.256000021083241e-05	-2.444747129015998e-05	-2.6429138192777223e-05	-2.8512620987506114e-05	-3.070530506569472e-05	-3.301506179379974e-05	-3.544933417971803e-05	-3.801587946613568e-05	-4.072172181047995e-05	-4.357389310410628e-05	-4.6578234602992496e-05	-4.97401099327807e-05	-5.306303788401895e-05	-5.654935438630798e-05	-6.019866642162776e-05	-6.400845292745124e-05	-6.797235114967771e-05	-7.208071684700892e-05	-7.631879645793066e-05	-8.066732091787732e-05	-8.510068381580038e-05	-8.958772039596697e-05	-9.409009633941552e-05	-9.856350714360876e-05	-0.00010295655452525489	-0.00010721264672842188	-0.00011126964023851736	-0.00011506265750603972	-0.00011852462614362225	-0.0001215899930748672	-0.0001241959674450968	-0.00012628671683678717	-0.00012781470242759782	-0.0001287445627089184	-0.0001290536602109435	-0.0001287347692415547	-0.00012779509234491057	-0.00012625724305746191	-0.00012415656021168417	-0.00012154055759840956	-0.00011846504510869868	-0.00011499278714776034	-0.00011118931407649369	-0.00010712167007977916	-0.000102854709438881	-9.845054535373746e-05	-9.39657453613911e-05	-8.945167492529029e-05	-8.495261293601424e-05	-8.050685794954012e-05	-7.614554721792138e-05	-7.189424795050049e-05	-6.777219924800136e-05	-6.379411146354417e-05	-5.9969595760373646e-05	-5.630496701988807e-05	-5.2802709354127534e-05	-4.946316247652813e-05	-4.628394875033951e-05	-4.326148974715603e-05	-4.039037434160379e-05	-3.76646942433557e-05	-3.507736305105271e-05	-3.262128091868153e-05	-3.0288627648816552e-05	-2.807187440062402e-05	-2.5963076716650605e-05	-2.3954751462555073e-05	-2.203919334806397e-05	-2.0209232294823767e-05	-1.8457592765949108e-05	-1.6777542888173237e-05	-1.5162311458727856e-05	-1.3605636564867606e-05	-1.2101251239337641e-05	-1.0643336460297882e-05	-9.226083295419494e-06	-7.844053092610686e-06	-6.491821556484101e-06	-5.164247561368371e-06	-3.8562028196235075e-06	-2.56274992484101e-06	-1.2789599638587234e-06	0.0	
0.0	-1.197734857852548e-06	-2.4001847853499556e-06	-3.6120716256672083e-06	-4.8382180023798235e-06	-6.083467012030057e-06	-7.352863219896598e-06	-8.651485634822092e-06	-9.984714858837982e-06	-1.1357979703042548e-05	-1.2777108825803325e-05	-1.4247991059712542e-05	-1.5777008715266893e-05	-1.7370611001936225e-05	-1.903582455321806e-05	-2.0779738076077725e-05	-2.261008338341248e-05	-2.4534627384640976e-05	-2.656181376759322e-05	-2.870005541407458e-05	-3.095842263325254e-05	-3.334582486266694e-05	-3.5871725912911686e-05	-3.854519842434219e-05	-4.13756401862661e-05	-4.437167883634301e-05	-4.754185701494036e-05	-5.0893359917016535e-05	-5.4432633405555745e-05	-5.816390693995279e-05	-6.208971285751215e-05	-6.620918855018546e-05	-7.05184852820565e-05	-7.500886624190308e-05	-7.966704066559541e-05	-8.447313994683651e-05	-8.940109737887148e-05	-9.441668860047639e-05	-9.947819679905802e-05	-0.00010453483159324607	-0.00010952804129235063	-0.00011439072028502663	-0.00011904957273695246	-0.00012342547756655046	-0.00012743715174455994	-0.00013100274769852903	-0.0001340446258108394	-0.00013649169837028833	-0.0001382844944749056	-0.00013937716510499997	-0.00013974156744318183	-0.0001393676511416232	-0.00013826544341771806	-0.00013646306456284387	-0.00013400633954306954	-0.00013095471701527546	-0.00012737925939150692	-0.00012335758398860947	-0.0001189715114998614	-0.000114302302239597	-0.00010942904847449338	-0.00010442502252000746	-9.935729884992354e-05	-9.428440440053176e-05	-8.925709566358993e-05	-8.431706297642376e-05	-7.949849357384185e-05	-7.482742541359809e-05	-7.032368618364946e-05	-6.600053498884086e-05	-6.186666328695362e-05	-5.792588450502121e-05	-5.417901071039233e-05	-5.062346974253932e-05	-4.725497552808083e-05	-4.406703684932541e-05	-4.105240477453266e-05	-3.820248457549782e-05	-3.5508576506802217e-05	-3.296122253392458e-05	-3.055126804927329e-05	-2.826917914783663e-05	-2.6105952787584352e-05	-2.4052436703664597e-05	-2.210011064851308e-05	-2.0240434724200766e-05	-1.8465518358771007e-05	-1.676751643154634e-05	-1.5139197256158163e-05	-1.3573400424130824e-05	-1.2063510846031908e-05	-1.060298799311472e-05	-9.185750024269269e-06	-7.805780958530467e-06	-6.457426901369624e-06	-5.135085412324617e-06	-3.833414606880771e-06	-2.5471073706432614e-06	-1.2710134449009325e-06	0.0	
0.0	-1.1860184817821839e-06	-2.3769565698733932e-06	-3.577788142943524e-06	-4.7935115530156386e-06	-6.029288293105784e-06	-7.290329746583615e-06	-8.582120104149235e-06	-9.910220391106533e-06	-1.1280574812938906e-05	-1.269923265742663e-05	-1.4172736290061377e-05	-1.5707761044845935e-05	-1.7311581714054663e-05	-1.899162953635159e-05	-2.075603202414411e-05	-2.261308438217041e-05	-2.4571854603097686e-05	-2.6641563774361875e-05	-2.8832244186852553e-05	-3.115401862557632e-05	-3.361779339298705e-05	-3.6234420481429574e-05	-3.9015399663376224e-05	-4.197189934609675e-05	-4.511543247761262e-05	-4.8456702627122986e-05	-5.2006208868227784e-05	-5.577287571242179e-05	-5.976453626778107e-05	-6.398630381939893e-05	-6.844088845669484e-05	-7.312668507276367e-05	-7.80379099684336e-05	-8.316243129245597e-05	-8.848178735436883e-05	-9.396888978444734e-05	-9.958812020447003e-05	-0.00010529320146871564	-0.00011102775678256552	-0.00011672383933764398	-0.00012230351366488584	-0.00012767865317660253	-0.00013275411764208066	-0.00013742928479083968	-0.0001416030494018187	-0.00014517697647092051	-0.00014806155267697613	-0.000150179909513905	-0.00015147380886828166	-0.00015190611195490113	-0.00015146458628909954	-0.00015016144197466542	-0.00014803379467457842	-0.0001451398605374129	-0.00014155648388071494	-0.00013737315614233343	-0.00013268828673805035	-0.0001276029587344358	-0.00012221776706256092	-0.00011662782914693688	-0.000110921242105481	-0.00010517591753036364	-9.945977021130477e-05	-9.382915152594134e-05	-8.833030358175366e-05	-8.299881726626403e-05	-7.786174235345836e-05	-7.293751035530958e-05	-6.823821034695945e-05	-6.376959244757611e-05	-5.95332140786416e-05	-5.5526327332882774e-05	-5.1743765470139134e-05	-4.817765234011492e-05	-4.4819003184495994e-05	-4.165726949322381e-05	-3.868167943804694e-05	-3.5880662847079e-05	-3.324297357891817e-05	-3.075704518536957e-05	-2.8411936706911577e-05	-2.6196663720336915e-05	-2.410100112440808e-05	-2.2114824672253607e-05	-2.0228795062626992e-05	-1.8433735644000297e-05	-1.672121403210113e-05	-1.5082973914317359e-05	-1.3511424218853256e-05	-1.19991370965163e-05	-1.053925030686134e-05	-9.125039261810022e-06	-7.750235421795541e-06	-6.40867736884054e-06	-5.094546235462612e-06	-3.802098773841274e-06	-2.5258198449085623e-06	-1.2602390814130514e-06	0.0	
0.0	-1.1714593505122235e-06	-2.3480489683552956e-06	-3.5349168779343315e-06	-4.7373278764945015e-06	-5.960600926877463e-06	-7.210289962870372e-06	-8.492042023109845e-06	-9.811859850604839e-06	-1.117588189488317e-05	-1.2590725961052516e-05	-1.4063191948372647e-05	-1.560068471140308e-05	-1.7210839703402168e-05	-1.890202157501172e-05	-2.0682871497376546e-05	-2.2562875535431053e-05	-2.4551829965387584e-05	-2.6660469680563612e-05	-2.889984377774644e-05	-3.128198860522885e-05	-3.3819199637421756e-05	-3.6524725599262984e-05	-3.941191354506939e-05	-4.249488927384365e-05	-4.5787540306868515e-05	-4.9304133727371097e-05	-5.305808732980477e-05	-5.7062461126924165e-05	-6.132845402410014e-05	-6.586569554658964e-05	-7.068040305920303e-05	-7.577540877252086e-05	-8.114793845186217e-05	-8.678935827992373e-05	-9.268261793619046e-05	-9.880182370396824e-05	-0.00010510955818666522	-0.00011155660560483837	-0.00011807962705085969	-0.00012460166185038419	-0.00013103093590762557	-0.00013726301090817214	-0.00014318162963043377	-0.00014866330232817166	-0.00015358071392165351	-0.00015780979548770942	-0.00016123510480821421	-0.0001637580250228813	-0.0001653020237362881	-0.0001658193094319978	-0.00016529310467078284	-0.00016374016464991295	-0.00016120825919769817	-0.0001577738975858606	-0.00015353567520770182	-0.0001486090099435248	-0.00014311794912387488	-0.00013718978193017514	-0.00013094797601974524	-0.0001245087607848345	-0.00011797655154948251	-0.0001114430922431141	-0.00010498531919668215	-9.866653836019081e-05	-9.253593930500837e-05	-8.663090316149641e-05	-8.09772949858196e-05	-7.559212492566603e-05	-7.048399500245812e-05	-6.565563467189595e-05	-6.11041759913314e-05	-5.682335138450364e-05	-5.280349071157481e-05	-4.9033338439689444e-05	-4.54997879337553e-05	-4.2189357177956684e-05	-3.908772511415404e-05	-3.618093098866883e-05	-3.3454786061136573e-05	-3.089585932256544e-05	-2.849082819711456e-05	-2.622730046158609e-05	-2.409315266197181e-05	-2.2077223645724944e-05	-2.0168675323492752e-05	-1.835758100570279e-05	-1.6634331909809658e-05	-1.4990134390000014e-05	-1.3416477404385699e-05	-1.1905546471286993e-05	-1.0449761652531322e-05	-9.042112029004602e-06	-7.675769968140214e-06	-6.344347450997964e-06	-5.041589896985569e-06	-3.7615542830886183e-06	-2.498384159585994e-06	-1.2464088090391428e-06	0.0	
0.0	-1.1538682511190871e-06	-2.313038351036427e-06	-3.482874536040561e-06	-4.6687882894943795e-06	-5.8763794547826e-06	-7.1113450493467815e-06	-8.379699899145322e-06	-9.687611043984322e-06	-1.1041698134799447e-05	-1.244879502462266e-05	-1.3916329366572909e-05	-1.545201261088033e-05	-1.706429701401081e-05	-1.876199432686396e-05	-2.0554806483794182e-05	-2.245287140297935e-05	-2.4467360514898175e-05	-2.6609946744830457e-05	-2.8893457092395776e-05	-3.133125222948974e-05	-3.3937914631967654e-05	-3.672852026192217e-05	-3.9719331157912524e-05	-4.2926926243471884e-05	-4.636885078537279e-05	-5.00625547810808e-05	-5.4025930237329195e-05	-5.827598288805772e-05	-6.282916465699467e-05	-6.769968315153627e-05	-7.289952030702475e-05	-7.843627879874037e-05	-8.431279014861452e-05	-9.052443761942803e-05	-9.705833697450073e-05	-0.00010389020948507136	-0.00011098332024800253	-0.00011828525653071582	-0.0001257271735265864	-0.00013322127217873538	-0.00014066138184772124	-0.00014792238858391958	-0.0001548635166142337	-0.00016133103006667703	-0.0001671652301663978	-0.0001722068506395402	-0.0001763072558474898	-0.00017933685639345527	-0.0001811955975126766	-0.00018181948782294366	-0.0001811869936439144	-0.00017931962723987858	-0.00017628135788374686	-0.00017217221928601703	-0.00016712177770945142	-0.0001612786477591438	-0.00015480207120895854	-0.00014785172546042552	-0.00014058132015836572	-0.0001331316089721007	-0.00012562767750454564	-0.00011817567312840142	-0.00011086336399819584	-0.00010375957000305163	-9.69166699232015e-05	-9.037137153481388e-05	-8.414791599459974e-05	-7.825915755462257e-05	-7.270967109486545e-05	-6.749659149118774e-05	-6.261226913997905e-05	-5.8044683987353994e-05	-5.37795754901873e-05	-4.980044801935872e-05	-4.609023577444428e-05	-4.2630996173770525e-05	-3.940521066727725e-05	-3.639527499917029e-05	-3.35845315646099e-05	-3.0956649054494564e-05	-2.8496460698932e-05	-2.6189302204546682e-05	-2.402170752871047e-05	-2.1980752551585124e-05	-2.005464143678415e-05	-1.8232086971991916e-05	-1.650280714413248e-05	-1.4856961475729052e-05	-1.328556847616407e-05	-1.178000957794331e-05	-1.0332372485452254e-05	-8.935029354603907e-06	-7.580907704862397e-06	-6.263146364168077e-06	-4.975293741040415e-06	-3.711043104238114e-06	-2.4643570730808426e-06	-1.2292825670738496e-06	0.0	
0.0	-1.133048188503915e-06	-2.2715664278267404e-06	-3.4210539473411146e-06	-4.587143348603538e-06	-5.775556637850618e-06	-6.992285987447757e-06	-8.243478739517385e-06	-9.535695892442516e-06	-1.0875728333822296e-05	-1.2270933669703362e-05	-1.3728985878942463e-05	-1.5258290282280508e-05	-1.6867668349254412e-05	-1.8566849257280898e-05	-2.036609040401941e-05	-2.227674172046142e-05	-2.4310800016900372e-05	-2.6481538323082745e-05	-2.8802987691222835e-05	-3.129061731596441e-05	-3.3960729587950364e-05	-3.683116611865017e-05	-3.9920588969270744e-05	-4.324917106008621e-05	-4.683771657078414e-05	-5.0708269601229474e-05	-5.488299818101681e-05	-5.9384621790143245e-05	-6.42349472161196e-05	-6.945497744017333e-05	-7.506295194638953e-05	-8.107397126540857e-05	-8.749738316577945e-05	-9.433577488122274e-05	-0.00010158161105427185	-0.00010921557760467412	-0.00011720260223382754	-0.00012548987630378377	-0.00013400286864030902	-0.00014264397259812142	-0.00015128986065918908	-0.00015979248420650407	-0.00016797980639015665	-0.00017566127629102014	-0.00018263381254980172	-0.00018869287172102898	-0.00019364351323319104	-0.00019731509431405916	-0.0001995734357557303	-0.00020033335582388188	-0.00019956515891918843	-0.0001972985194925339	-0.00019361859863198014	-0.00018865955356378236	-0.0001825920065803197	-0.0001756108751020365	-0.00016792068191040662	-0.00015972448369257187	-0.00015121281014359995	-0.0001425576715420112	-0.0001339070943078782	-0.00012538437707168473	-0.00011708710284613654	-0.00010908977113200085	-0.00010144516497117857	-9.418832166379482e-05	-8.733852711979525e-05	-8.090327774506936e-05	-7.487995484610423e-05	-6.925916700882366e-05	-6.402577810754584e-05	-5.916149943611959e-05	-5.464528727477133e-05	-5.0455278977465834e-05	-4.656870797203872e-05	-4.296334245273699e-05	-3.9617083413224174e-05	-3.650905342318401e-05	-3.361901506988911e-05	-3.092822166699433e-05	-2.8418755366817e-05	-2.6074215451866913e-05	-2.3879042110235037e-05	-2.1819089402407422e-05	-1.988097606737114e-05	-1.8052570327138336e-05	-1.6322392432686076e-05	-1.4680025596461733e-05	-1.3115584345330626e-05	-1.162005803576009e-05	-1.0184852545093003e-05	-8.80206831143206e-06	-7.464118986817993e-06	-6.163943508981503e-06	-4.894703036197886e-06	-3.649925368254576e-06	-2.423280118473339e-06	-1.2086533289265042e-06	0.0	
0.0	-1.1088375258226815e-06	-2.2232676924891696e-06	-3.3489535887558603e-06	-4.491628581692849e-06	-5.657239670577767e-06	-6.851879274629634e-06	-8.082003491697405e-06	-9.354298688689361e-06	-1.067597633681527e-05	-1.205457744142286e-05	-1.3498345167875156e-05	-1.501597012409952e-05	-1.661704121860342e-05	-1.8311734318875422e-05	-2.0111340361524403e-05	-2.202789850826994e-05	-2.4074797877383534e-05	-2.6266353249222458e-05	-2.8618471934921592e-05	-3.114816410162638e-05	-3.387425767377818e-05	-3.6816824508154196e-05	-3.999791146341034e-05	-4.3440845129085045e-05	-4.71709230399635e-05	-5.121452985713511e-05	-5.559969546450796e-05	-6.0354911110499965e-05	-6.550940869043897e-05	-7.109150675770396e-05	-7.712840251567431e-05	-8.364381698728002e-05	-9.065704158343251e-05	-9.81796288748708e-05	-0.00010621346111393238	-0.00011474633825345529	-0.00012374905925662785	-0.00013317014692518572	-0.0001429325302299328	-0.0001529284859400216	-0.00016301759261384634	-0.00017302423026938833	-0.0001827397546727669	-0.00019192590171652427	-0.00020032443931548437	-0.0002076689239968513	-0.00021370250892671422	-0.00021819602962292036	-0.00022096860231427353	-0.00022190345777051102	-0.0002209606638488462	-0.00021818013244942068	-0.00021367861191876666	-0.00020763696609534432	-0.00020028433760494835	-0.00019187755331767187	-0.00018268303353510622	-0.00017295898998621016	-0.0001629436619286185	-0.00015284567245463297	-0.00014284061462057403	-0.00013306888750388881	-0.00012363818488956538	-0.00011462555372409103	-0.00010608243873263721	-9.803801457895431e-05	-9.050444522129314e-05	-8.347981907582888e-05	-7.695254317437281e-05	-7.09032930269035e-05	-6.530830208005198e-05	-6.014033536289997e-05	-5.5371022668452966e-05	-5.0971088515307955e-05	-4.6911982680189024e-05	-4.31656245083044e-05	-3.97055615840204e-05	-3.650643675590353e-05	-3.354484511572278e-05	-3.079866931347277e-05	-2.8247746416752966e-05	-2.5873164646108854e-05	-2.3657807297347523e-05	-2.1585666775928488e-05	-1.9642302956776147e-05	-1.7814206223681363e-05	-1.608918911094465e-05	-1.4455815278722513e-05	-1.2903732433740863e-05	-1.1423175533475764e-05	-1.0005242991101873e-05	-8.641477528242874e-06	-7.324084585624041e-06	-6.045591570629411e-06	-4.799005975982234e-06	-3.5775523213988115e-06	-2.3747669711881195e-06	-1.1843112693216895e-06	0.0	
0.0	-1.081075383887062e-06	-2.1678527129752166e-06	-3.266074246218825e-06	-4.381631387533047e-06	-5.5205395144156474e-06	-6.689118105720248e-06	-7.893903446318381e-06	-9.141902644596464e-06	-1.0440447948228574e-05	-1.1797527074144959e-05	-1.3221583206434481e-05	-1.472192378801826e-05	-1.6308470398761373e-05	-1.7992247545773525e-05	-1.9785086210831416e-05	-2.1700192781316883e-05	-2.3751808508167774e-05	-2.5955855735363678e-05	-2.832955174688701e-05	-3.089212346229456e-05	-3.3664366320119835e-05	-3.666940721888483e-05	-3.9932184135640556e-05	-4.348021648703775e-05	-4.7342954429159534e-05	-5.155248040659543e-05	-5.6142632120877254e-05	-6.11495019183344e-05	-6.661016751353629e-05	-7.256277175992395e-05	-7.904459873292599e-05	-8.609141082768204e-05	-9.373450263299484e-05	-0.0001019988829647977	-0.00011089889263730414	-0.00012043485531572557	-0.0001305870215397762	-0.00014131070172709154	-0.00015252898837981904	-0.00016412745898047995	-0.00017594764428664582	-0.0001877843267128151	-0.00019938392302833283	-0.00021044949255410723	-0.0002206495384816981	-0.00022963553186926364	-0.000237063702650746	-0.00024262361563776383	-0.00024606601492708027	-0.0002472297005672213	-0.00024605842622059306	-0.00024260841838317387	-0.000237040857614685	-0.00022960497919948257	-0.00022061119905200438	-0.00021040326550904732	-0.00019932968800914124	-0.0001877219401715275	-0.00017587694256926	-0.00016404825340628768	-0.00015244106914765777	-0.00014121383175305017	-0.00013048094114122472	-0.00012031927479679819	-0.00011077349769300973	-0.00010186332599838757	-9.358840880848839e-05	-8.593436809593575e-05	-7.887616444482361e-05	-7.238246136808421e-05	-6.641746163962088e-05	-6.094383368411853e-05	-5.5923394540801545e-05	-5.131901228446151e-05	-4.7094547920181144e-05	-4.321610147353216e-05	-3.965153577011277e-05	-3.637132866225333e-05	-3.3347896037128804e-05	-3.0556216167120333e-05	-2.797308517225221e-05	-2.5577609580348373e-05	-2.335047034003726e-05	-2.127433471585063e-05	-1.933316952751232e-05	-1.7512596747915694e-05	-1.579927602381672e-05	-1.4181213388088061e-05	-1.2647221710279682e-05	-1.1187184091845134e-05	-9.791594882828207e-06	-8.451775549689957e-06	-7.159495884255713e-06	-5.907138563989258e-06	-4.687398753366987e-06	-3.493393139184905e-06	-2.318435475483148e-06	-1.1560859684321754e-06	0.0	
0.0	-1.0496416482640214e-06	-2.105042461442329e-06	-3.1720392466305387e-06	-4.25656071107537e-06	-5.364772016137323e-06	-6.503029480181915e-06	-7.678095440573037e-06	-8.897037695046066e-06	-1.0167518087861918e-05	-1.1497641572362255e-05	-1.2896322049523368e-05	-1.4373086555354361e-05	-1.5938521948809594e-05	-1.760404017995778e-05	-1.9382409163387117e-05	-2.1287484957176726e-05	-2.3334828993636992e-05	-2.554141149271942e-05	-2.7926314048520428e-05	-3.0510404198717388e-05	-3.331711513130287e-05	-3.637208127916635e-05	-3.9703971964223715e-05	-4.3344057397488736e-05	-4.732704424868263e-05	-5.169050270574158e-05	-5.647559963222154e-05	-6.172624892543377e-05	-6.74895491396244e-05	-7.381440774612143e-05	-8.075135275543857e-05	-8.835021963371221e-05	-9.665882489255412e-05	-0.00010571911784379212	-0.00011556403951897345	-0.0001262114470466705	-0.0001376585314120933	-0.0001498731260569392	-0.00016278575779515555	-0.0001762792190519232	-0.00019018032492725532	-0.00020425145330096005	-0.00021818764911856652	-0.00023161773971699636	-0.00024411577265274413	-0.00025522064113530155	-0.0002644682581422592	-0.00027143033274058164	-0.00027575897956951066	-0.0002772258633374693	-0.0002757517514599575	-0.00027141585766657155	-0.00026444649780906176	-0.00025519153865431895	-0.00024407925078608408	-0.00023157370256023818	-0.00021813597917275714	-0.00020419201397362994	-0.0001901129564279543	-0.00017620374168306565	-0.00016270196666472538	-0.00014978079512013246	-0.0001375574069913373	-0.00012610125257335458	-0.00011544446784607539	-0.00010558983662385928	-9.651946766154967e-05	-8.820039174634725e-05	-8.05906212097932e-05	-7.364230757983124e-05	-6.730557195267774e-05	-6.152984961983082e-05	-5.6266183574211516e-05	-5.1467432666403275e-05	-4.7089626125608225e-05	-4.3091547183014486e-05	-3.943555991871132e-05	-3.6086898715700444e-05	-3.3014216896365065e-05	-3.0188775014905282e-05	-2.758484911108899e-05	-2.5178922052478635e-05	-2.2950020816311445e-05	-2.0878962753445975e-05	-1.894865257810708e-05	-1.714340658054257e-05	-1.5449219507584642e-05	-1.3853174784924169e-05	-1.2343681406769334e-05	-1.090997097201072e-05	-9.542300281688076e-06	-8.231532792117699e-06	-6.969301088253119e-06	-5.747669158160114e-06	-4.559248751869941e-06	-3.3969385780417295e-06	-2.2539889673960407e-06	-1.1238141082729886e-06	0.0	
0.0	-1.0144257348935405e-06	-2.034644929589633e-06	-3.066501293064148e-06	-4.116000801872809e-06	-5.189304468671663e-06	-6.292906243436197e-06	-7.433573041632668e-06	-8.618592742598227e-06	-9.855666938373987e-06	-1.1153233606558136e-05	-1.2520319001817903e-05	-1.396694015739911e-05	-1.5503923458455202e-05	-1.7143392783106612e-05	-1.8898563356874816e-05	-2.0784321757007847e-05	-2.281700416309284e-05	-2.501507390212154e-05	-2.7398892142313567e-05	-2.999149566532968e-05	-3.281836329443056e-05	-3.590828820313548e-05	-3.929313085414092e-05	-4.3008760826411616e-05	-4.709475925561879e-05	-5.159536489728002e-05	-5.655903296055212e-05	-6.203924228321482e-05	-6.809371244488041e-05	-7.478478910910103e-05	-8.217794033337259e-05	-9.034120863960122e-05	-9.93423303376821e-05	-0.00010924642326602045	-0.00012011073364849535	-0.00013197941701634762	-0.00014487472202922061	-0.00015878778691750194	-0.00017366561027009632	-0.00018939809261836688	-0.00020580256469369864	-0.0002226111646488995	-0.00023946014910212554	-0.0002558884609830342	-0.00027134604748373743	-0.0002852194979834385	-0.0002968732315925503	-0.0003057083349902207	-0.0003112284662468085	-0.00031310477756366713	-0.00031122160951334386	-0.000305694603204703	-0.0002968525885149941	-0.00028519188834150145	-0.0002713113981598369	-0.000255846678790873	-0.00023941112275023373	-0.0002225547614012782	-0.00020573863308688415	-0.00018932645800047204	-0.00017358607823847764	-0.00015870013772727198	-0.00014477871470764086	-0.00013187478262748705	-0.00011999718002822491	-0.00010912362712345498	-9.92099425406594e-05	-9.01988451253485e-05	-8.202518785806721e-05	-7.462119492918085e-05	-6.791879042495751e-05	-6.185246129477662e-05	-5.635982321922648e-05	-5.138310500625695e-05	-4.686878261483398e-05	-4.276834122246044e-05	-3.903748874878451e-05	-3.563657473795582e-05	-3.252966622210022e-05	-2.9684821593369817e-05	-2.707317181508068e-05	-2.4669142450627795e-05	-2.244960537504118e-05	-2.0394086024541624e-05	-1.848401048146225e-05	-1.670290721476989e-05	-1.5035755065514881e-05	-1.3469176221860728e-05	-1.1990882232492653e-05	-1.0589850186111294e-05	-9.255860860945576e-06	-7.979648985630453e-06	-6.75252705099194e-06	-5.566501010495075e-06	-4.413973647579702e-06	-3.287818087166028e-06	-2.1811552097455737e-06	-1.0873783999592666e-06	0.0	
0.0	-9.753630135808007e-07	-1.9564960254158704e-06	-2.949252033536004e-06	-3.959594149126322e-06	-4.993739274784548e-06	-6.058134451617932e-06	-7.159666074320662e-06	-8.305591317242576e-06	-9.503818216574986e-06	-1.076279915693124e-05	-1.2091888044764396e-05	-1.350120439229781e-05	-1.5002075114770052e-05	-1.660687968123943e-05	-1.8329585695883374e-05	-2.018558770864237e-05	-2.2192347364569326e-05	-2.436924024847942e-05	-2.6738312167012834e-05	-2.9324148550539117e-05	-3.215475643566178e-05	-3.526146660848067e-05	-3.86799419314647e-05	-4.245010763303451e-05	-4.6617262350487246e-05	-5.1231994990904336e-05	-5.63513190637631e-05	-6.20384534828957e-05	-6.836378448780772e-05	-7.540422534853893e-05	-8.324358721125899e-05	-9.197093472712353e-05	-0.00010167955956218687	-0.00011246326393000191	-0.00012441255331251404	-0.0001376071455161281	-0.0001521073922441758	-0.0001679408993158556	-0.0001850872564517444	-0.00020345765091995464	-0.00022287352475581492	-0.00024304288590794245	-0.000263541292345665	-0.0002837995190548008	-0.00030310847451902267	-0.00032064539929135545	-0.0003355304702943214	-0.0003469103500532019	-0.0003540632659778801	-0.0003565026505242292	-0.0003540567907957385	-0.00034689738243621863	-0.0003355109752121888	-0.0003206193246767211	-0.00030307574969192647	-0.0002837600561950966	-0.0002634949838641158	-0.00024298960663287033	-0.0002228131282459246	-0.00020338997233815726	-0.00018501210781184303	-0.00016785807300625784	-0.0001520166551966149	-0.0001375082433306351	-0.00012430520333095137	-0.0001123471599007741	-0.00010155436359403662	-9.183628241711474e-05	-8.309907844444267e-05	-7.52494297950536e-05	-6.819823120086889e-05	-6.186163664959055e-05	-5.616268633635993e-05	-5.10309533499505e-05	-4.640316508136078e-05	-4.222226012781378e-05	-3.8437587192261175e-05	-3.500379077429926e-05	-3.1880872654093816e-05	-2.9033101964894567e-05	-2.642906194542862e-05	-2.404066370154345e-05	-2.1843219851807347e-05	-1.9814585473060817e-05	-1.793526327677512e-05	-1.6187670943348107e-05	-1.4556267676189036e-05	-1.3026938183936267e-05	-1.1587126103058601e-05	-1.0225322862662865e-05	-8.931193590988156e-06	-7.695159842703933e-06	-6.5085053513923915e-06	-5.363043176814699e-06	-4.251190741053849e-06	-3.1657135200139616e-06	-2.099760667830978e-06	-1.0466786047105543e-06	0.0	
0.0	-9.324067386849662e-07	-1.8705285429365098e-06	-2.820138431482589e-06	-3.787180091342849e-06	-4.777776558325048e-06	-5.798403097133527e-06	-6.855852701856147e-06	-7.957474986245111e-06	-9.111105747733068e-06	-1.0325378735586533e-05	-1.1609628287904142e-05	-1.29742825307551e-05	-1.4430750566058587e-05	-1.5991908087936366e-05	-1.767198383153043e-05	-1.94871517871434e-05	-2.145543553630898e-05	-2.359742496651384e-05	-2.593622123504564e-05	-2.8498299259340247e-05	-3.1313518879826844e-05	-3.4416155037620116e-05	-3.7844998524577244e-05	-4.164456796667561e-05	-4.586530781560945e-05	-5.056496744476526e-05	-5.580885646924933e-05	-6.167130029486668e-05	-6.823579671972452e-05	-7.55962835683687e-05	-8.385678789928053e-05	-9.313188171106396e-05	-0.00010354491680175204	-0.00011522637360418379	-0.0001283089051824773	-0.00014292121253584554	-0.00015917689806625745	-0.00017716027792594115	-0.0001969051501986281	-0.00021836898278770975	-0.00024139961441802535	-0.0002656994251991828	-0.00029078806900350706	-0.0003159746778529657	-0.00034034768598716156	-0.00036279960793674263	-0.00038209661394229583	-0.0003970019368035665	-0.0004064397691803472	-0.00040967168720758436	-0.000406433685556416	-0.00039698975297339147	-0.00038207829708571616	-0.00036277510800851237	-0.00034031693674615136	-0.00031593759488581213	-0.0002907445514258966	-0.0002656493526863547	-0.00024134284955662976	-0.00021830536710645116	-0.00019683450713968735	-0.00017708240786549144	-0.00015909158186400542	-0.00014282820553035902	-0.00012820794126561078	-0.00011511715816970897	-0.0001034271312778277	-9.300517543196795e-05	-8.372078301306304e-05	-7.545056578986604e-05	-6.807992051131222e-05	-6.150477844346766e-05	-5.563116541467653e-05	-5.037553560292894e-05	-4.56635208999583e-05	-4.1429755952710856e-05	-3.7616440773592295e-05	-3.417306576186641e-05	-3.105505183174321e-05	-2.8223531509513882e-05	-2.564415713122688e-05	-2.328697797416608e-05	-2.1125431095616383e-05	-1.913630688340698e-05	-1.7298908279261003e-05	-1.5595081388797153e-05	-1.400852101901876e-05	-1.2524840789371642e-05	-1.113100352348543e-05	-9.81540811053163e-06	-8.567426629713044e-06	-7.377489292442779e-06	-6.236713855604958e-06	-5.136973844873028e-06	-4.070608947312449e-06	-3.0304648832526647e-06	-2.009675821101183e-06	-1.0016666429757963e-06	0.0	
0.0	-8.855603842902163e-07	-1.7767191370733138e-06	-2.6791601127535737e-06	-3.5986899421882354e-06	-4.541377624718627e-06	-5.513549893243502e-06	-6.521991105680355e-06	-7.573903972843876e-06	-8.677176922825035e-06	-9.840319249060131e-06	-1.107280492968865e-05	-1.2384993939889156e-05	-1.3788564350077396e-05	-1.5296435386776745e-05	-1.6923303770514182e-05	-1.8685589372374582e-05	-2.060209743628928e-05	-2.2694014547934007e-05	-2.4985725659004178e-05	-2.750489633579587e-05	-3.0283481682245937e-05	-3.3357939027105665e-05	-3.677047228028258e-05	-4.056942281039429e-05	-4.4810790022557735e-05	-4.955883533400965e-05	-5.488788944274438e-05	-6.0883147018277726e-05	-6.764267134361452e-05	-7.527819406392229e-05	-8.391697004272417e-05	-9.370200273565261e-05	-0.00010479281645409014	-0.00011736368174592089	-0.00013160118635524402	-0.0001476974355456486	-0.00016584025174534007	-0.0001861958838013896	-0.00020888510713500813	-0.00023394796126604655	-0.0002612988423471938	-0.0002906696325908071	-0.0003215479705204684	-0.00035311740862367007	-0.0003842197332828163	-0.00041336120570951247	-0.0004387939593426837	-0.0004586898594801203	-0.00047140462784084954	-0.0004757805632477508	-0.00047139894512557116	-0.0004586784786076723	-0.0004387768489680652	-0.0004133383192198915	-0.0003841910074129035	-0.0003530827647182373	-0.00032150731222325545	-0.00029062284771797127	-0.0002612457996442061	-0.0002338885128669848	-0.00020881908437873757	-0.00018612310024203023	-0.0001657604980148308	-0.00014761048287002094	-0.00013150678044502023	-0.0001172615467605572	-0.00010468264789410277	-9.35834717832062e-05	-8.378971541924416e-05	-7.514182665762834e-05	-6.749676498286764e-05	-6.072724327597261e-05	-5.472148725768394e-05	-4.938139585627401e-05	-4.462172499141413e-05	-4.0368099272465184e-05	-3.6556199601004975e-05	-3.312997327259068e-05	-3.0041011099618043e-05	-2.7247045137191936e-05	-2.4711537750860945e-05	-2.24024563877075e-05	-2.0292039717348647e-05	-1.8355808535385138e-05	-1.6572461252755896e-05	-1.4923077253391095e-05	-1.3391097585722402e-05	-1.1961683510057584e-05	-1.0621746416671464e-05	-9.359432446199743e-06	-8.164173879116683e-06	-7.026277943595911e-06	-5.936978747392627e-06	-4.88811401504095e-06	-3.872161834559323e-06	-2.881993125603471e-06	-1.910881226548398e-06	-9.523206301344867e-07	0.0	
0.0	-8.348524734394162e-07	-1.675148597244481e-06	-2.5263944155412793e-06	-3.3942682383546663e-06	-4.284642002610513e-06	-5.203745072116753e-06	-6.158151768109017e-06	-7.155006338284886e-06	-8.20198545635657e-06	-9.307593318868846e-06	-1.0481110547561892e-05	-1.1732971279599476e-05	-1.3074713911639729e-05	-1.4519456558021533e-05	-1.6081870945145252e-05	-1.777877930278309e-05	-1.9629181109128086e-05	-2.1655004072689867e-05	-2.3881225081364907e-05	-2.6336821109349418e-05	-2.905504112205254e-05	-3.2074619553346985e-05	-3.544027427789377e-05	-3.9204263492678996e-05	-4.342720143807972e-05	-4.81800502403209e-05	-5.3545344430849405e-05	-5.961968681841639e-05	-6.651541329504365e-05	-7.436354009699993e-05	-8.331567970152514e-05	-9.354701107030508e-05	-0.00010525764654156821	-0.00011867423745336734	-0.00013404853478244392	-0.00015165410166093573	-0.00017177678691481413	-0.0001946989570506038	-0.0002206715396202328	-0.0002498726008124978	-0.0002823458829223427	-0.0003179196168817504	-0.0003561046261036042	-0.0003959845915949959	-0.00043611925912334605	-0.0004745044283935829	-0.0005086420688479331	-0.0005357785902402731	-0.000553326504334894	-0.0005594051338065403	-0.0005533212316018083	-0.0005357680301323162	-0.0005086261923734096	-0.00047448319135446346	-0.00043609260298710286	-0.0003959524417797072	-0.00035606689341821825	-0.0003178761949483794	-0.0002822966501653413	-0.00024981741701077145	-0.00022061024841680665	-0.00019463138162410126	-0.00017170273297153495	-0.000151573352209794	-0.00013396085356058096	-0.00011857936278233125	-0.00010515529512470896	-9.343687089926125e-05	-8.319741414844505e-05	-7.423677982876871e-05	-6.637976056497632e-05	-5.947470633016819e-05	-5.339056771155187e-05	-4.80149653755592e-05	-4.325125738010877e-05	-3.90168585605651e-05	-3.524076021857111e-05	-3.186228866480789e-05	-2.8829129839039332e-05	-2.6096495559359257e-05	-2.3625583907250396e-05	-2.1383062167136546e-05	-1.9339871308603717e-05	-1.747093396045526e-05	-1.575422202789974e-05	-1.4170614602754684e-05	-1.2703165920326662e-05	-1.1337056448702527e-05	-1.0059015172582354e-05	-8.85732247607167e-06	-7.721353879846789e-06	-6.6416049458942064e-06	-5.609333135224925e-06	-4.616583298837817e-06	-3.6559109427870547e-06	-2.7203926592293917e-06	-1.803418495226967e-06	-8.98675567939332e-07	0.0	
0.0	-7.803643052141111e-07	-1.5659543194114343e-06	-2.3620798915612235e-06	-3.17417876042944e-06	-4.007947768742059e-06	-4.869353290947722e-06	-5.764816689730987e-06	-6.701199776640125e-06	-7.68605313892335e-06	-8.727587359580637e-06	-9.834995545528842e-06	-1.1018424851632724e-05	-1.228938896025481e-05	-1.3660760317900356e-05	-1.5147295202392773e-05	-1.6765675915325574e-05	-1.8535181552395592e-05	-2.0477822548291172e-05	-2.2619205926450786e-05	-2.498882388623808e-05	-2.7621185162411146e-05	-3.055634686128074e-05	-3.384141552202863e-05	-3.7531448430603025e-05	-4.169146887070827e-05	-4.6397906616441964e-05	-5.1741313364001094e-05	-5.782854448537064e-05	-6.47863696095468e-05	-7.276456013339009e-05	-8.194046590388445e-05	-9.252289914822597e-05	-0.00010475722315727285	-0.00011892899214321039	-0.00013536752885813822	-0.0001544457437473092	-0.0001765762337199064	-0.00020219782121196593	-0.00023174987748180104	-0.00026562516052377073	-0.0003040952529254678	-0.0003471975754404449	-0.00039458132677824397	-0.00044531492982372457	-0.0004976840482315515	-0.0005490389244934158	-0.0005957977363472847	-0.0006337346602700595	-0.0006586497297317809	-0.0006673547677180872	-0.0006586448753495388	-0.0006337249380711681	-0.0005957831190687738	-0.0005490193715742562	-0.0004976595046291676	-0.0004452853270678122	-0.00039454658099479087	-0.00034715758891425835	-0.00030404991132599625	-0.00026557433495384046	-0.00023169342089635623	-0.0002021355709218651	-0.0001765080069905129	-0.000154371340716445	-0.0001352867272959384	-0.0001188415507320682	-0.00010466287538696078	-9.242135689236969e-05	-8.183141241449024e-05	-7.264765383234711e-05	-6.466123613353572e-05	-5.769478059122757e-05	-5.159847795748178e-05	-4.624552464575706e-05	-4.15290212493533e-05	-3.735837576238077e-05	-3.365710679722621e-05	-3.0360142816832146e-05	-2.7412365589509283e-05	-2.4766610377953977e-05	-2.2382747579895276e-05	-2.0226197784848753e-05	-1.8267381923907356e-05	-1.648060659340309e-05	-1.4843756499002066e-05	-1.3337446321982883e-05	-1.1944866249062884e-05	-1.0651128593849087e-05	-9.44320469733006e-06	-8.309417337657127e-06	-7.239426545460116e-06	-6.223834450292147e-06	-5.254190659164591e-06	-4.322686604078501e-06	-3.4221598956330927e-06	-2.5458620332805427e-06	-1.6874469069890895e-06	-8.408000240311248e-07	0.0	
0.0	-7.222073985802036e-07	-1.4493808524249205e-06	-2.186549110634142e-06	-2.9389062091397426e-06	-3.7118412216500835e-06	-4.511087790931979e-06	-5.342728766823747e-06	-6.213400797916072e-06	-7.130283647420054e-06	-8.101370277543377e-06	-9.135454015091323e-06	-1.0242478557614476e-05	-1.143354156954012e-05	-1.2721345512711855e-05	-1.4120244701985353e-05	-1.564682809961581e-05	-1.7320049969195154e-05	-1.9161991810343233e-05	-2.1198137058257805e-05	-2.345838430725894e-05	-2.5977557836356804e-05	-2.879678277219156e-05	-3.1964370956161616e-05	-3.5537726777576145e-05	-3.958481838210509e-05	-4.418686636238904e-05	-4.9440707073885324e-05	-5.546262324470925e-05	-6.239201593065185e-05	-7.039683156584431e-05	-7.967900794953126e-05	-9.048189394975786e-05	-0.00010309766385635803	-0.00011787646108185742	-0.00013523461827996035	-0.00015566272938592816	-0.00017972908249935804	-0.00020807646459811342	-0.0002414034258014675	-0.00028042184004178124	-0.00032577369981209294	-0.00037789035467628495	-0.00043677177007002714	-0.0005016761263435176	-0.0005707331291817594	-0.0006405591687420747	-0.0007060459249724534	-0.0007606084460452141	-0.0007971969429184747	-0.0008101347597192655	-0.0007971925148739464	-0.0007605995774440724	-0.0007060325910301377	-0.0006405413316823557	-0.0005707107389522283	-0.0005016491191751748	-0.0004367400696585308	-0.00037785387001600893	-0.0003257323268259309	-0.00028037545868258174	-0.00024135190210547918	-0.00020801964704318708	-0.00017966680444852687	-0.0001555948046870956	-0.00013516084405631014	-0.00011779661255155167	-0.00010301149741494091	-9.038914118013851e-05	-7.957937892775287e-05	-7.0290008020618e-05	-6.227765468700655e-05	-5.534034847768927e-05	-4.9310113783675516e-05	-4.404751164727063e-05	-3.9436224812280886e-05	-3.5379372586506665e-05	-3.1795693146622716e-05	-2.8617166090475236e-05	-2.5786337400546928e-05	-2.3254833182488176e-05	-2.0981468140262444e-05	-1.8931343757863672e-05	-1.7074488000701216e-05	-1.5385327955253208e-05	-1.3841691911122098e-05	-1.2424516944453364e-05	-1.1117102593803348e-05	-9.90496158867417e-06	-8.775252805539452e-06	-7.716714647175075e-06	-6.719229898009349e-06	-5.77380152634718e-06	-4.872218040629175e-06	-4.007044535516717e-06	-3.1713673103628986e-06	-2.3587813392217095e-06	-1.563199275831925e-06	-7.788218060757846e-07	0.0	
0.0	-6.605461340430087e-07	-1.3257373090693809e-06	-2.0002968075297337e-06	-2.6890718460026994e-06	-3.3971512846293228e-06	-4.129886079871247e-06	-4.893054011009622e-06	-5.6928636605657655e-06	-6.536175509546234e-06	-7.4305010044702796e-06	-8.384292741348367e-06	-9.406954846799174e-06	-1.0509220636827348e-05	-1.1703198048790319e-05	-1.3002862383460888e-05	-1.4424172506572797e-05	-1.5985721173759156e-05	-1.7708976901121155e-05	-1.961915844758981e-05	-2.174568815462095e-05	-2.4123396220458162e-05	-2.679332133710623e-05	-2.980441383127906e-05	-3.3214900369382726e-05	-3.7094757407780585e-05	-4.152798608264509e-05	-4.661628885238231e-05	-5.248279992160353e-05	-5.927763791017059e-05	-6.718391632678784e-05	-7.642614951855302e-05	-8.727966065615479e-05	-0.0001000830172508886	-0.00011525189490519164	-0.00013329608928142078	-0.000154837129893179	-0.00018062653169289384	-0.0002115588012179398	-0.0002486735477621456	-0.0002931312161346144	-0.00034614206239665015	-0.0004088120957108348	-0.0004818612906198347	-0.0005651601396630518	-0.0006570560827617667	-0.0007535397694099014	-0.0008474941317484089	-0.0009285716551949352	-0.0009845337510624216	-0.0010046748750126666	-0.0009845297565956798	-0.0009285636550133078	-0.0008474821030315378	-0.0007535236781916633	-0.0006570358829570745	-0.0005651357739146117	-0.0004818326886727835	-0.0004087791756672843	-0.00034610472843273933	-0.00029308936014353377	-0.0002486270464051748	-0.0002115075179291669	-0.0001805703130519482	-0.00015477580795638453	-0.00013322947725881028	-0.00011517978977297681	-0.00010000519470856179	-8.719587796343024e-05	-7.633613969929053e-05	-6.708739115934273e-05	-5.9174281332810075e-05	-5.2372271087599816e-05	-4.649821467551864e-05	-4.140196424629592e-05	-3.696034796767914e-05	-3.3071628577795685e-05	-2.965176068561075e-05	-2.6630726043971073e-05	-2.3950245540450832e-05	-2.1561318283714508e-05	-1.9422842957043528e-05	-1.7499927751136904e-05	-1.576307497824195e-05	-1.4186990310680481e-05	-1.2750113889025013e-05	-1.1433759675283546e-05	-1.022185721510834e-05	-9.100315330657098e-06	-8.056888701148796e-06	-7.080699147356186e-06	-6.162172060703236e-06	-5.292672560452917e-06	-4.464475931394396e-06	-3.6704907610465306e-06	-2.904239453419154e-06	-2.159649582785325e-06	-1.431027950507401e-06	-7.129069221422498e-07	0.0	
0.0	-5.955775739953176e-07	-1.1954373046142982e-06	-1.8039196488787881e-06	-2.4255136775896453e-06	-3.0648902113789467e-06	-3.7270311329183734e-06	-4.417245120407718e-06	-5.1413441873753615e-06	-5.90565190667814e-06	-6.717238048822486e-06	-7.583932976243217e-06	-8.514635905561654e-06	-9.519355423855916e-06	-1.0609614674847066e-05	-1.1798548170346773e-05	-1.3101440026433973e-05	-1.4535923957150517e-05	-1.6122711916836117e-05	-1.7885971792897058e-05	-1.985433929282412e-05	-2.206159413915029e-05	-2.4548108032090648e-05	-2.7362018685308902e-05	-3.0561369190573316e-05	-3.421611376026184e-05	-3.841137996819137e-05	-4.3250871041785894e-05	-4.8861983945386084e-05	-5.5401564764593876e-05	-6.306411871189908e-05	-7.209151049556188e-05	-8.27862807708192e-05	-9.55277892372491e-05	-0.00011079360496213083	-0.00012918537364567557	-0.00015146137255198045	-0.00017857382823115728	-0.00021171050072525547	-0.00025233257141241833	-0.00030219657457803036	-0.00036333064167035295	-0.0004379158028012158	-0.000527985402747577	-0.0006348189053675111	-0.0007578796420750489	-0.0008932105175968675	-0.0010314779811702738	-0.0011565399450407386	-0.0012464938854071647	-0.0012797878803344574	-0.0012464903312779788	-0.001156532826568299	-0.0010314672781141588	-0.0008931961991140045	-0.0007578616672800857	-0.0006347972221783281	-0.0005279599488099205	-0.0004378865037520611	-0.0003632974124124261	-0.0003021593169545691	-0.0002522911758107726	-0.00021166484315338768	-0.0001785237722222977	-0.0001514067656290508	-0.00012912604949064576	-0.00011072937924905203	-9.54584620201438e-05	-8.271163165868983e-05	-7.201130120080743e-05	-6.29780875309148e-05	-5.530942921416911e-05	-4.876343449950805e-05	-4.314557376527853e-05	-3.8298969443022906e-05	-3.4096195602600584e-05	-3.0433512076754438e-05	-2.7225756608794467e-05	-2.440293130829261e-05	-2.1906951220119195e-05	-1.9689626588542913e-05	-1.7710534810611803e-05	-1.593583368034515e-05	-1.433682516993693e-05	-1.2889265794400193e-05	-1.157236679680333e-05	-1.0368402288322032e-05	-9.261992889267052e-06	-8.239890816024462e-06	-7.290453995028548e-06	-6.403533526387552e-06	-5.570080732845962e-06	-4.7820900185542115e-06	-4.032302492220459e-06	-3.31417389293975e-06	-2.6216511766915894e-06	-1.9491453133114642e-06	-1.2913648889427152e-06	-6.432797171925952e-07	0.0	
0.0	-5.275486522012198e-07	-1.0589609097710328e-06	-1.598167851846538e-06	-2.149210768006207e-06	-2.716339844288323e-06	-3.3040390015604253e-06	-3.917162949993705e-06	-4.560952433438971e-06	-5.2412187117343645e-06	-5.964360391615055e-06	-6.73760798615197e-06	-7.569058453042233e-06	-8.467998650828386e-06	-9.444981911860414e-06	-1.05122595741513e-05	-1.1683937534632247e-05	-1.297656245060659e-05	-1.4409419086753423e-05	-1.6005347407052704e-05	-1.7791280597676028e-05	-1.9799420521201443e-05	-2.206818436105971e-05	-2.4643956245434806e-05	-2.7582731428059783e-05	-3.0952824149467636e-05	-3.4837717333164784e-05	-3.934040315707501e-05	-4.4588348947401926e-05	-5.074069457707453e-05	-5.799699043015959e-05	-6.660948666159083e-05	-7.689866187729575e-05	-8.927465250288232e-05	-0.00010426494829333163	-0.00012255194883701768	-0.00014502158144019022	-0.00017282720149080014	-0.00020746935747305295	-0.00025089217620404567	-0.00030558671185633175	-0.00037467794787127834	-0.00046193475580854964	-0.0005715810504375736	-0.0007076761447176081	-0.0008726896137131466	-0.001064782313126783	-0.0012734980351181606	-0.001474682656362046	-0.0016284009438089072	-0.00168808397362379	-0.0016283978359972317	-0.0014746764318321233	-0.0012734886758054235	-0.001064769792131928	-0.0008726738945470124	-0.0007076571819427321	-0.0005715587884067117	-0.00046190912961444845	-0.0003746488815740694	-0.0003055541197259518	-0.000250855960429148	-0.0002074294096744405	-0.00017278339990116657	-0.00014497379266000606	-0.00012250002447004968	-0.00010420872690835052	-8.921395570409213e-05	-7.683329642557408e-05	-6.653923995125939e-05	-5.7921632711646805e-05	-5.065997380118226e-05	-4.4501993016613775e-05	-3.9248114084766564e-05	-3.473917343222897e-05	-3.084767343562397e-05	-2.7470593630693463e-05	-2.4524415359667177e-05	-2.1940790334844143e-05	-1.9663680827932718e-05	-1.764666141304929e-05	-1.5851264029637883e-05	-1.42452363642928e-05	-1.2801583815854169e-05	-1.14974043685146e-05	-1.031333854213971e-05	-9.232762853441409e-06	-8.241479788988464e-06	-7.327142265254217e-06	-6.479083703500826e-06	-5.6878971206972165e-06	-4.945344421981862e-06	-4.244043339407077e-06	-3.5774178780987654e-06	-2.939463674680933e-06	-2.324715081351039e-06	-1.7280697871948432e-06	-1.1447561260613344e-06	-5.702038441378885e-07	0.0	
0.0	-4.5673824646116226e-07	-9.168833934146149e-07	-1.3838914748623649e-06	-1.8613406193379394e-06	-2.352962380242738e-06	-2.8627447049505252e-06	-3.394952328698961e-06	-3.954267145141752e-06	-4.545806548309346e-06	-5.175311178007844e-06	-5.849173754875333e-06	-6.574688783866065e-06	-7.360110640901481e-06	-8.21498769281023e-06	-9.150278826398255e-06	-1.0178807830029171e-05	-1.131548524028141e-05	-1.2577941841147443e-05	-1.3986933239465427e-05	-1.556725164041431e-05	-1.7348444510007616e-05	-1.9366176012193363e-05	-2.166348887585039e-05	-2.4292919656167928e-05	-2.73187149154925e-05	-3.0820255224995306e-05	-3.489598504747139e-05	-3.9669186984733675e-05	-4.5295069338690706e-05	-5.197090053689715e-05	-5.9949075498335995e-05	-6.955558517961528e-05	-8.121469095170083e-05	-9.548370871379289e-05	-0.0001131005893333138	-0.00013505089088715035	-0.00016266020631696765	-0.00019772265364949868	-0.00024267483933670996	-0.0003008253751028067	-0.00037663619844844134	-0.00047602016724473777	-0.0006065304377759146	-0.0007771287305203107	-0.0009968434291655571	-0.0012710274837687205	-0.0015933174791197087	-0.0019320249409515615	-0.0022151987939591465	-0.002335118713369063	-0.0022151961378749424	-0.0019320196210092329	-0.001593309479907666	-0.0012710167818089542	-0.0009968299933202389	-0.0007771125211327376	-0.0006065114073409671	-0.00047599825911618125	-0.00037661134776217475	-0.00030079750704512746	-0.00024264387030426427	-0.00019768848907049733	-0.0001626227420261062	-0.00013501001048837804	-0.00011305616576148857	-9.543560112309254e-05	-8.116274642807893e-05	-6.949963513299458e-05	-5.988893748056401e-05	-5.1906374107951216e-05	-4.5225937933261306e-05	-3.959521321211844e-05	-3.4816912535382775e-05	-3.073580329872978e-05	-2.7228580329002427e-05	-2.419677057724685e-05	-2.1560966390521213e-05	-1.925688731734985e-05	-1.723196404575223e-05	-1.5443113357498594e-05	-1.385463117260918e-05	-1.2436921272430523e-05	-1.116514247076944e-05	-1.0018479997319437e-05	-8.97924255650011e-06	-8.032447243657304e-06	-7.165195013371828e-06	-6.366437743581725e-06	-5.626532838846074e-06	-4.937114980332517e-06	-4.2907708600598135e-06	-3.6809686548012186e-06	-3.1018168521104305e-06	-2.5480221172862773e-06	-2.0147094918151635e-06	-1.4973896753759676e-06	-9.91825653341091e-07	-4.939965094796872e-07	0.0	
0.0	-3.8346872555210514e-07	-7.698416160804487e-07	-1.1620748846818567e-06	-1.5632118426480227e-06	-1.9764572513095114e-06	-2.4052009780856293e-06	-2.853120571359518e-06	-3.3242003910305623e-06	-3.822870019425269e-06	-4.354028259860251e-06	-4.923228216128551e-06	-5.536719971211226e-06	-6.20169878918944e-06	-6.926387793302496e-06	-7.720375391099838e-06	-8.594772072228096e-06	-9.562679836409025e-06	-1.0639479440980953e-05	-1.1843503986826002e-05	-1.319655241313264e-05	-1.4724892423595773e-05	-1.6460168154524418e-05	-1.8440956134745264e-05	-2.071437104216251e-05	-2.3338587354421636e-05	-2.6385712343637282e-05	-2.9946061420701303e-05	-3.413340402371834e-05	-3.909255458023884e-05	-4.500922459658107e-05	-5.2124150010247894e-05	-6.075224687690766e-05	-7.131018932540409e-05	-8.43551482952135e-05	-0.00010064122632580863	-0.00012120102853176813	-0.00014746615640958555	-0.00018144482561761053	-0.00022598599320817255	-0.0002851688202873022	-0.0003648690356067297	-0.0004735484500341517	-0.000623260647836086	-0.0008306546184433244	-0.0011171594010844959	-0.0015060626561939844	-0.0020112160584508836	-0.0026079622654624768	-0.003178533153049273	-0.003461838442922408	-0.0031785309533006543	-0.002607957859527091	-0.0020112094332757607	-0.0015060537923321819	-0.0011171482721643753	-0.0008306411916066767	-0.000623244882851219	-0.00047353029994393406	-0.00036484844548175356	-0.0002851457280724544	-0.00022596032811010537	-0.00018141650913400514	-0.00014743510034256977	-0.00012116713617895411	-0.00010060439010792558	-8.431525108199825e-05	-7.126710166128212e-05	-6.070582840761972e-05	-5.207424628449631e-05	-4.4955668550456266e-05	-3.9035162884881345e-05	-3.4071978573560827e-05	-2.9880385186721852e-05	-2.631555079742249e-05	-2.326368377255435e-05	-2.0634447780073714e-05	-1.8355709308976852e-05	-1.6369268656795614e-05	-1.4627979882369385e-05	-1.3093235807248773e-05	-1.1733354753550636e-05	-1.0522031507087743e-05	-9.437421693272638e-06	-8.461145986274528e-06	-7.577768202639615e-06	-6.774128991953539e-06	-6.0390497049552135e-06	-5.362870295308388e-06	-4.737283130006953e-06	-4.155002835340161e-06	-3.6096736587413244e-06	-3.095628333780971e-06	-2.6078347735515096e-06	-2.1417176592902765e-06	-1.6931229888164905e-06	-1.25818566806032e-06	-8.332978581483263e-07	-4.1501136203161103e-07	0.0	
0.0	-3.0809032185351656e-07	-6.185514029618982e-07	-9.337896783492676e-07	-1.2562983129221783e-06	-1.5886819952711282e-06	-1.933728002531085e-06	-2.2944252581494568e-06	-2.674061010014459e-06	-3.076240881851435e-06	-3.5050188333260674e-06	-3.964927849217507e-06	-4.461154578899794e-06	-4.99959533841062e-06	-5.587093296035108e-06	-6.2315430821943294e-06	-6.942219611368332e-06	-7.729969565634803e-06	-8.607680731684557e-06	-9.590625236282312e-06	-1.069715403068756e-05	-1.1949305443410504e-05	-1.3373876000741247e-05	-1.5003499918364062e-05	-1.6878375663768007e-05	-1.904820260424287e-05	-2.1575099425687975e-05	-2.4537153276001956e-05	-2.8033602700845185e-05	-3.219154416256244e-05	-3.717562838193738e-05	-4.320124484595176e-05	-5.0553697993166793e-05	-5.961540901499988e-05	-7.090618348268166e-05	-8.514259312381272e-05	-0.00010332817925798104	-0.000126891521078947	-0.000157902405317848	-0.00019941433080353406	-0.0002560160934335816	-0.00033472712659422853	-0.0004464541424202238	-0.0006083254656894512	-0.0008472625638252353	-0.0012047995156436037	-0.0017413192211916256	-0.00253132251626238	-0.003622563483109534	-0.004892220863314449	-0.0057217839480599945	-0.004892219123860866	-0.003622559998979984	-0.002531317277097255	-0.001741312211216513	-0.00120479071392333	-0.0008472519437075256	-0.0006083129952234641	-0.00044643978351906156	-0.0003347108356104647	-0.0002559978200366588	-0.00019939401870142483	-0.00015787999084349458	-0.00012686693404334766	-0.00010330134123741298	-8.511341842517835e-05	-7.087457712005255e-05	-5.958126776276309e-05	-5.051690803620592e-05	-4.3161682889685015e-05	-3.713315895484794e-05	-3.214602074419308e-05	-2.798486464793441e-05	-2.4485026919389983e-05	-2.1519394581343736e-05	-1.898871357706674e-05	-1.6814877291457665e-05	-1.4935748403250822e-05	-1.3301604416505303e-05	-1.1872224293943889e-05	-1.0614946125437046e-05	-9.502945845670874e-06	-8.514151703949689e-06	-7.630178908715377e-06	-6.835714679104645e-06	-6.117829358730871e-06	-5.465626417244102e-06	-4.869778780865815e-06	-4.3223301962526275e-06	-3.816372065026594e-06	-3.3459312513606145e-06	-2.9057384377361025e-06	-2.4911640434359806e-06	-2.0980488732586227e-06	-1.7226647452439929e-06	-1.3615893776131364e-06	-1.0116768840807218e-06	-6.699652389736252e-07	-3.3364673862627795e-07	0.0	
0.0	-2.30987068923626e-07	-4.637786696106753e-07	-7.002120841419863e-07	-9.421807502271148e-07	-1.1916798433322603e-06	-1.4508240184715477e-06	-1.7219097402693291e-06	-2.0074319003972243e-06	-2.3101679859886413e-06	-2.633199845177123e-06	-2.9800270269370868e-06	-3.354603038324038e-06	-3.7614891438947883e-06	-4.205919753444052e-06	-4.694014852871123e-06	-5.232898350795859e-06	-5.830999429392778e-06	-6.498263958929439e-06	-7.246596873681263e-06	-8.090236426446982e-06	-9.046430150347709e-06	-1.0136097591050258e-05	-1.1384910082487586e-05	-1.2824476855143627e-05	-1.4494153997983406e-05	-1.644321183764453e-05	-1.8734022662049172e-05	-2.1446144880628813e-05	-2.468225219722127e-05	-2.8576150634544543e-05	-3.330447479025123e-05	-3.9103256260613175e-05	-4.629255855875163e-05	-5.53129478658924e-05	-6.678139556553337e-05	-8.157789862773971e-05	-0.00010098372443235765	-0.00012690655239834753	-0.0001622578862790474	-0.00021160228817499122	-0.00028230716358218716	-0.0003866341739600246	-0.0005456365910260575	-0.0007965345171952881	-0.0012066340482088994	-0.0018984341264637805	-0.003087878310126811	-0.005106029950542193	-0.008204688843385105	-0.01129998527108694	-0.008204687567374885	-0.005106027394646344	-0.003087874466494042	-0.0018984289833861466	-0.0012066275898199828	-0.0007965267237064312	-0.000545627438221806	-0.0003866236335469779	-0.0002822952024791941	-0.00021158886896779786	-0.0001622429663014316	-0.00012689008428304208	-0.00010096565497766169	-8.15581694320936e-05	-6.675994167197608e-05	-5.528969846403534e-05	-4.6267435396617424e-05	-3.9076174393341215e-05	-3.327534074511673e-05	-2.8544863180291922e-05	-2.464870024310368e-05	-2.1410208233444946e-05	-1.869556963342094e-05	-1.6402099947147343e-05	-1.4450227254042243e-05	-1.2777566351394225e-05	-1.1334830905821575e-05	-1.0082649243625349e-05	-8.989393022325884e-06	-8.029371956566242e-06	-7.181643502574995e-06	-6.428936915035301e-06	-5.75698604919747e-06	-5.153857341457847e-06	-4.60957082514782e-06	-4.1156617639405316e-06	-3.664964230211203e-06	-3.2513137767723735e-06	-2.8694237808745034e-06	-2.514676980189907e-06	-2.183054431479888e-06	-1.8709855314281206e-06	-1.5753056942810028e-06	-1.293146562762309e-06	-1.0219076605363605e-06	-7.59175334552999e-07	-5.02698875753577e-07	-2.503306173539382e-07	0.0	
0.0	-1.5256372497583293e-07	-3.063457327749964e-07	-4.625832764531206e-07	-6.225582820042257e-07	-7.876119902554604e-07	-9.591798781012943e-07	-1.138804727514038e-06	-1.3281837942131505e-06	-1.5291839288792395e-06	-1.7439051762258712e-06	-1.9747031898114113e-06	-2.2242755372721412e-06	-2.495699469960992e-06	-2.792550872394138e-06	-3.1189703390510594e-06	-3.479831134107743e-06	-3.880855145944125e-06	-4.328857723898041e-06	-4.831950663902046e-06	-5.3999129448618595e-06	-6.044546992187844e-06	-6.780264591331442e-06	-7.624719049542151e-06	-8.599775224474543e-06	-9.732654167433257e-06	-1.1057621096605542e-05	-1.261812090214468e-05	-1.4469877287911397e-05	-1.6685039830219208e-05	-1.9358218953098192e-05	-2.261496235275804e-05	-2.6624312340657293e-05	-3.1617274629092314e-05	-3.7915033767908736e-05	-4.5972509283349894e-05	-5.644782945146698e-05	-7.031566452140236e-05	-8.905849794963328e-05	-0.00011500010000836279	-0.00015191049133412952	-0.000206151117954384	-0.0002889501106481422	-0.00042116702219127406	-0.0006438530193388905	-0.0010430483370307136	-0.001811170113937278	-0.0034039466840827814	-0.006927980647195575	-0.014833910575175543	-0.02925937497768217	-0.014833909765042532	-0.006927979024335727	-0.0034039442433428085	-0.0018111668474804481	-0.0010430442344392492	-0.0006438480673653388	-0.0004211612049268088	-0.000288943409147876	-0.00020614351046793463	-0.00015190195280265868	-0.00011499060235205293	-8.904800943320291e-05	-7.030415009128379e-05	-5.643524996518925e-05	-4.595882188700314e-05	-3.79001909831065e-05	-3.160122475863512e-05	-2.660699840455606e-05	-2.259632250676191e-05	-1.933818526230727e-05	-1.666353868110134e-05	-1.444682798412548e-05	-1.259343604551131e-05	-1.1031204984574016e-05	-9.704403111850026e-06	-8.569575723175668e-06	-7.592448003119687e-06	-6.745787211998012e-06	-6.007716867334413e-06	-5.36056963373313e-06	-4.789919541508636e-06	-4.283947198894405e-06	-3.832856197911777e-06	-3.4285140625449004e-06	-3.0640838790197203e-06	-2.73381835212027e-06	-2.432817351204371e-06	-2.156908813904623e-06	-1.9024831454296119e-06	-1.6664237926238446e-06	-1.4459905775521243e-06	-1.238778333501468e-06	-1.0426327364563095e-06	-8.556239915319657e-07	-6.759851272885036e-07	-5.020925800534626e-07	-3.324205382230697e-07	-1.655230427266254e-07	0.0	
0.0	-7.324637133328477e-08	-1.4710788145493964e-07	-2.2221055532271492e-07	-2.9920042865773876e-07	-3.787574128083233e-07	-4.616039378114848e-07	-5.485231721310603e-07	-6.403687633690913e-07	-7.38089214175129e-07	-8.427409127988086e-07	-9.55521275953575e-07	-1.07778835795123e-06	-1.211106802350044e-06	-1.357279226299479e-06	-1.5184115273476754e-06	-1.6969645829029503e-06	-1.8958499025328673e-06	-2.1185161702235973e-06	-2.3690943174261604e-06	-2.6525444833067633e-06	-2.9748847708059795e-06	-3.343445318044645e-06	-3.767244623047411e-06	-4.257439469655786e-06	-4.827973055100687e-06	-5.496397253001669e-06	-6.285046023376921e-06	-7.222599693997456e-06	-8.346330432493438e-06	-9.705231123485411e-06	-1.1364591942315946e-05	-1.3412659271076505e-05	-1.5970676871773825e-05	-1.920818986796461e-05	-2.3367119445219823e-05	-2.880049033899103e-05	-3.603686984923792e-05	-4.589119410662156e-05	-5.966341341550555e-05	-7.951130155464973e-05	-0.00010918972708955652	-0.0001556145213723794	-0.0002324376623832761	-0.00036901583863412774	-0.0006355314348007778	-0.0012228920160940564	-0.002734751899751236	-0.0074168473366388096	-0.02506614623023783	-0.10492062391456988	-0.025066145887609574	-0.0074168466501282546	-0.002734750866826993	-0.00122289063296541	-0.0006355296963475527	-0.0003690137384421083	-0.00023243519262663472	-0.00015561167286513508	-0.00010918648911952206	-7.950766194887498e-05	-5.965935832414433e-05	-4.5886708079453335e-05	-3.603193556721198e-05	-2.8795088697975476e-05	-2.3361229232160552e-05	-1.9201787846840658e-05	-1.5963737400285062e-05	-1.3405154382365152e-05	-1.1356490896741785e-05	-9.696500477917366e-06	-8.336933519971675e-06	-7.212496670161526e-06	-6.274193264496327e-06	-5.484747366218436e-06	-4.815474182244604e-06	-4.244035244237469e-06	-3.7528733631638942e-06	-3.3280399081157992e-06	-2.9583717213763983e-06	-2.6348437089309014e-06	-2.350118033723125e-06	-2.0981685304593016e-06	-1.8740256921308393e-06	-1.6735486652194272e-06	-1.4932772818979979e-06	-1.3302877376682892e-06	-1.1821049690552204e-06	-1.046607735450387e-06	-9.219757560117699e-07	-8.066250992993412e-07	-6.991755346029134e-07	-5.984052103518009e-07	-5.032296539674518e-07	-4.126691529066507e-07	-3.258341670778274e-07	-2.4190131435554766e-07	-1.6010184726483924e-07	-7.970355068977008e-08	0.0	
0.0	6.527666660704383e-09	1.3050598695922772e-08	1.9563548247009317e-08	2.6062256774960543e-08	3.254092854706081e-08	3.899574336653348e-08	4.5420327379053346e-08	5.181126226682688e-08	5.816157201636433e-08	6.446820680506421e-08	7.072357232718127e-08	7.692495861968355e-08	8.306414637972853e-08	8.913874310315269e-08	9.513990851595707e-08	1.0106555266601539e-07	1.069062300984385e-07	1.1266014698127057e-07	1.1831728095629702e-07	1.2387613701763008e-07	1.2932615703277646e-07	1.3466615697500968e-07	1.3988509690193197e-07	1.4498212528375916e-07	1.4994578674163653e-07	1.5477559264722059e-07	1.5945975011819394e-07	1.639981718295526e-07	1.6837881562387774e-07	1.7260204059174784e-07	1.7665565216532474e-07	1.8054050601886383e-07	1.8424435865253136e-07	1.8776861557203046e-07	1.9110109211717928e-07	1.9424379771315614e-07	1.9718471604927151e-07	1.9992651299196793e-07	2.0245744913405597e-07	2.0478089523406906e-07	2.0688549366276038e-07	2.0877536197755342e-07	2.1043962284729434e-07	2.118831736504928e-07	2.1309570705230207e-07	2.1408292226986203e-07	2.1483516063867947e-07	2.1535893248922355e-07	2.1564529364623275e-07	2.1570156074485203e-07	2.1551955574697357e-07	2.151073818443261e-07	2.144576637715806e-07	2.135792563136979e-07	2.1246560836032935e-07	2.1112627638861237e-07	2.0955553983650205e-07	2.0776359287242446e-07	2.0574553774447071e-07	2.035121295738268e-07	2.0105927289564007e-07	1.9839819610963094e-07	1.9552557451113853e-07	1.924530133642216e-07	1.8917791829646362e-07	1.8571216878031371e-07	1.8205385378042283e-07	1.782150207394785e-07	1.7419439087679699e-07	1.7000407249458636e-07	1.656433663919498e-07	1.6112433643398517e-07	1.5644681111964126e-07	1.5162270892207091e-07	1.4665233717767873e-07	1.4154737464978136e-07	1.363085636121343e-07	1.3094725741919205e-07	1.2546459596425585e-07	1.1987153172886896e-07	1.1416957272929098e-07	1.0836920655429242e-07	1.0247228850570125e-07	9.648878948766539e-08	9.042090032680651e-08	8.427803603367097e-08	7.806272028570635e-08	7.178378551395571e-08	6.544409427333871e-08	5.905188179791037e-08	5.261036350526758e-08	4.612717407109822e-08	3.960590265114899e-08	3.3053590131794245e-08	2.6474225829777693e-08	1.9874272346928883e-08	1.3258149561109415e-08	6.6317644207353405e-09	0.0	
0.0	8.631408180120853e-08	1.7323333313063534e-07	2.613747987705137e-07	3.513734833011814e-07	4.4390123108751546e-07	5.396683132692301e-07	6.394506693440793e-07	7.4408860503564e-07	8.545241612932563e-07	9.717991604726623e-07	1.0971052620175606e-06	1.231784706732348e-06	1.3773970336000045e-06	1.5357277953395566e-06	1.7088783997530046e-06	1.899291428235036e-06	2.109874493705778e-06	2.344056796322572e-06	2.6059659600582855e-06	2.9005415217388166e-06	3.2337988808541027e-06	3.6130465498759e-06	4.047300961294484e-06	4.547696370658873e-06	5.12817459994428e-06	5.806264236692224e-06	6.60429862540772e-06	7.5509342169276066e-06	8.683443407492795e-06	1.0050794799992694e-05	1.171827973884057e-05	1.3774120121083037e-05	1.6339561922888192e-05	1.9584125791980572e-05	2.3749736281851886e-05	2.91893938799909e-05	3.6431670516044994e-05	4.629147852006944e-05	6.0068774190269545e-05	7.992130816698991e-05	0.0001096039564654626	0.00015603252816634612	0.0002328590102316213	0.0003694400699580172	0.0006359581025914525	0.0012233206533533315	0.002735182051671465	0.0074172785297939355	0.025066578005017905	0.10492105579423557	0.025066577410839	0.007417277340047709	0.002735180263526985	0.0012233182626200448	0.0006359551035568364	0.0003694364555524776	0.00023285477175767535	0.00015602765554370134	0.00010959843785132402	7.991513027857163e-05	6.006192181550558e-05	4.628393491371745e-05	3.642341679969616e-05	2.9180409506742062e-05	2.37399983239264e-05	1.957360946754777e-05	1.632823976880412e-05	1.3761962573788844e-05	1.1705254188602117e-05	1.0036866215816249e-05	8.668573267691217e-06	7.535081165525393e-06	6.58741727173188e-06	5.7883058276274975e-06	5.109085678362511e-06	4.527419443907388e-06	4.0257730043297656e-06	3.590199645201776e-06	3.2095585468716256e-06	2.874827292531179e-06	2.578689512148808e-06	2.315122427623724e-06	2.079177011824135e-06	1.8667164756334324e-06	1.674300052882671e-06	1.499008666287977e-06	1.338385510063901e-06	1.190314737229152e-06	1.0529931397021256e-06	9.248428665315812e-07	8.044995573810315e-07	6.907481634935283e-07	5.82518884361126e-07	4.788395806210001e-07	3.7883420902592893e-07	2.816877886765908e-07	1.86643932753278e-07	9.297971938694203e-08	0.0	
0.0	1.6566807466719766e-07	3.325449787148688e-07	5.018574867146099e-07	6.748790198383368e-07	8.529392439864851e-07	1.0374660022897724e-06	1.2299893428035884e-06	1.4321996836545899e-06	1.6459499326153314e-06	1.8733340244224883e-06	2.1166924267303515e-06	2.3787172659848164e-06	2.662469349735356e-06	2.971519744023694e-06	3.30999134848459e-06	3.6827532007921784e-06	4.095508274180035e-06	4.555068270054811e-06	5.06952490500652e-06	5.648654093885525e-06	6.304237100811043e-06	7.050683255708395e-06	7.90562373096347e-06	8.890921581102885e-06	1.0033774882654465e-05	1.1368447765195571e-05	1.29383614614338e-05	1.4799239379716805e-05	1.7023206934518474e-05	1.9704875139884333e-05	2.296976722172676e-05	2.698692706996431e-05	3.198733582763483e-05	3.82921807208596e-05	4.635635682598456e-05	5.683799630440932e-05	7.071174529668395e-05	8.94600924619157e-05	0.00011540678452508354	0.0001523218487426807	0.0002065667083688931	0.00028936950230682226	0.000421589761532711	0.0006442786624986305	0.0010434764194999883	0.0018116001825235258	0.0034043782662635975	0.006928413283404371	0.014834343787963326	0.02925980830418695	0.01483434272607135	0.006928411156874932	0.0034043750696725102	0.0018115959075824572	0.001043471055255948	0.0006442721949627226	0.0004215821740098189	0.0002893607748376695	0.00020655681818571286	0.00015231076952310334	0.00011539448696765197	8.944654334954762e-05	7.069690818376244e-05	5.682183038648687e-05	4.633881772774374e-05	3.82732191672524e-05	3.196689851911981e-05	2.6964955148265583e-05	2.2946197215278213e-05	1.9679637214663507e-05	1.6996225888337574e-05	1.4770432664882541e-05	1.290764020115331e-05	1.133571452980014e-05	9.998924694534913e-06	8.853839419461313e-06	7.866185482818377e-06	7.008752914957456e-06	6.259667611215221e-06	5.6012841957494425e-06	5.019179800597033e-06	4.501556054173914e-06	4.038620331702663e-06	3.6222601340240223e-06	3.2456429882557654e-06	2.903040454389468e-06	2.589557495213512e-06	2.301039729077467e-06	2.033883319849149e-06	1.7849881922938444e-06	1.5516206213577713e-06	1.3313907100126335e-06	1.122151324461473e-06	9.219867463844172e-07	7.291379863872896e-07	5.419943970670968e-07	3.590390033593474e-07	1.7883764941661694e-07	0.0	
0.0	2.441528588858237e-07	4.901003144242583e-07	7.396706976842067e-07	9.94746450089332e-07	1.257314700065979e-06	1.5294779750855145e-06	1.813525517461908e-06	2.1119389008321973e-06	2.4274891402147373e-06	2.763243530486332e-06	3.122695832489435e-06	3.5097837379383817e-06	3.929063352648169e-06	4.385752002961237e-06	4.885965105333966e-06	5.436808234101059e-06	6.046706568071686e-06	6.725586434852353e-06	7.4853493268336275e-06	8.340212814606342e-06	9.30742156597707e-06	1.0407873400484894e-05	1.1667237398381805e-05	1.3117100142132098e-05	1.4796816133163192e-05	1.675563227535818e-05	1.9055920007811714e-05	2.1777213712610927e-05	2.5022187071864054e-05	2.8924621666472474e-05	3.366115300061602e-05	3.946778802054948e-05	4.66645921843071e-05	5.5692107032801873e-05	6.716730704750908e-05	8.197016479229895e-05	0.00010138195201238797	0.00012731032418008062	0.0001626667907902407	0.00021201589067699166	0.00028272503655195737	0.00038705586749863746	0.0005460616640062524	0.0007969625071988316	0.0012070645032065319	0.0018988665743937417	0.003088312290970001	0.0051064649856539385	0.00820512446782528	0.011300421002816783	0.008205122939699749	0.005106461925389119	0.003088307690407274	0.0018988604214134194	0.0012070567813342245	0.0007969531959706438	0.0005460507383115831	0.0003870432981219153	0.00028271078925002843	0.00021199992688984443	0.00016264906645007716	0.00012729079058059227	0.00010136055434515614	8.194684316084784e-05	6.714199472477754e-05	5.5664731602327305e-05	4.663507350990796e-05	3.9436039492343755e-05	3.3627079204536425e-05	2.888811970717161e-05	2.4983143924916813e-05	2.173550758931015e-05	1.901141736649855e-05	1.6708189184184096e-05	1.474627490832749e-05	1.3063290653218189e-05	1.1609973289588888e-05	1.0346953268197288e-05	9.2426247032387e-06	8.271300170850215e-06	7.412058694312258e-06	6.647633074097843e-06	5.963777725560924e-06	5.348563281387859e-06	4.792029236726258e-06	4.285715687588813e-06	3.822475004770494e-06	3.396148213925961e-06	3.0014657878532007e-06	2.6338165997008773e-06	2.289197583689391e-06	1.9640449724934994e-06	1.6552088467051854e-06	1.3598284366370377e-06	1.0753167476885696e-06	7.992685272206453e-07	5.294454061736012e-07	2.637089988953235e-07	0.0	
0.0	3.213419092280002e-07	6.450451739989526e-07	9.73505804833773e-07	1.3092085008434729e-06	1.654746427489582e-06	2.0128992501700083e-06	2.3866432017994937e-06	2.779258691745307e-06	3.1943374299483866e-06	3.635927236777907e-06	4.108545920687625e-06	4.617374627410853e-06	5.168293214667826e-06	5.768139932816815e-06	6.424791675185577e-06	7.147518990458456e-06	7.947149573004546e-06	8.83656738078322e-06	9.831024356965847e-06	1.0948868166088164e-05	1.2212115839365279e-05	1.3647561184065241e-05	1.5287816114578374e-05	1.7173076993433323e-05	1.9353020019043663e-05	2.1889762452485784e-05	2.486136756661185e-05	2.8367073246349152e-05	3.253395155660842e-05	3.75266534206446e-05	4.356054360826929e-05	5.0920927734463125e-05	5.99902021709499e-05	7.128817475744102e-05	8.55313925261069e-05	0.00010372340027770335	0.00012729275286567192	0.00015830924183286507	0.00019982634225197823	0.0002564328562724722	0.0003351481943298868	0.00044687907634693384	0.0006087538051639625	0.0008476938576053462	0.0012052332917513895	0.0017417550187167306	0.0025317598549253126	0.00362300189539079	0.004892659863828869	0.00572222306587023	0.00489265787177346	0.003622997905900085	0.0025317538573569	0.0017417469968270321	0.0012052232240461896	0.0008476817166615828	0.0006087395582087029	0.00044686268423770395	0.00033512961235401643	0.00025641203278277055	0.00019980321967478067	0.00015828375495421758	0.00012726483003233256	0.00010369296132683222	8.549835015878677e-05	7.125243210189805e-05	5.995165430263674e-05	5.087945885883741e-05	4.3516028694806684e-05	3.7478954985806006e-05	3.248292137090288e-05	2.8312548690864834e-05	2.480317336190545e-05	2.1827706552274674e-05	1.928689529649859e-05	1.7102656622458405e-05	1.5212855132019356e-05	1.3567791291216932e-05	1.2127246736229444e-05	1.0858581681657468e-05	9.734975421981967e-06	8.734377362544792e-06	7.83840671323197e-06	7.031770775464295e-06	6.301544511375231e-06	5.6368503211285574e-06	5.028366362024776e-06	4.468154108260101e-06	3.949310819731117e-06	3.465879859717929e-06	3.012598428298632e-06	2.584852213900605e-06	2.178489245513221e-06	1.7897954002791486e-06	1.4153563867049364e-06	1.0520392059082439e-06	6.96890656935819e-07	3.471148051152556e-07	0.0	
0.0	3.968310500352433e-07	7.965564028639246e-07	1.2021233835040902e-06	1.616564381176267e-06	2.0430761544932142e-06	2.4850365102748796e-06	2.9461157920224906e-06	3.4302850931060367e-06	3.941967506564104e-06	4.48604731099003e-06	5.068071763376057e-06	5.6942751302617705e-06	6.371847410976267e-06	7.1089946090116605e-06	7.915300404553061e-06	8.801856877235087e-06	9.781761810493533e-06	1.0870376301135823e-05	1.2086029738825571e-05	1.3450500219513084e-05	1.4990052256237739e-05	1.6736308055803682e-05	1.872784151434688e-05	2.1011744418749224e-05	2.36461892307501e-05	2.6703259521734606e-05	3.0273269382312396e-05	3.446996391681385e-05	3.943815702464842e-05	4.5363535443687306e-05	5.2486835486394504e-05	6.112294822135955e-05	7.168854917682997e-05	8.474078431544053e-05	0.00010103375872745797	0.00012160005279706525	0.00014787127185015864	0.000181855607298719	0.00022640202142491447	0.0002855896518051634	0.00036529423393209543	0.0004739775560822137	0.000623693210867771	0.0008310901662714094	0.0011175974715439876	0.0015065027669969163	0.002011657739052977	0.0026084050266766317	0.0031789765191680827	0.00346228192119993	0.003178974066188162	0.002608400114132367	0.0020116503535684274	0.0015064928886895897	0.0011175850734029763	0.000831075214723493	0.00062367566473907	0.0004739573674376017	0.0003652713466172522	0.0002855640025472505	0.00022637353795012518	0.00018182420967746086	0.00014783687018288943	0.00012156254878191485	0.00010099304290398436	8.46967378264037e-05	7.164104055529252e-05	6.107183531090746e-05	5.243196175131609e-05	4.530473200287295e-05	3.937523845692643e-05	3.440273035250222e-05	3.0201501765497307e-05	2.6626721689208257e-05	2.3564622579173118e-05	2.0924869882441867e-05	1.863535356663292e-05	1.6637876473359937e-05	1.4885315358744615e-05	1.3339066276974267e-05	1.1967469319525614e-05	1.0744223136640923e-05	9.647504075405329e-06	8.658937270402821e-06	7.76310612032638e-06	6.9468563166579064e-06	6.199027589005271e-06	5.50996552065345e-06	4.871379617780937e-06	4.27599074963249e-06	3.7174590525259775e-06	3.1901241591650743e-06	2.6889686341200554e-06	2.2094247712468006e-06	1.7473520159370248e-06	1.2988936686914032e-06	8.604541850057621e-07	4.2859462025604533e-07	0.0	
0.0	4.702358520667015e-07	9.438692915791978e-07	1.4243460257008821e-06	1.915235789831505e-06	2.420258707939044e-06	2.943395159580556e-06	3.488897268559397e-06	4.061440095018182e-06	4.666127173718807e-06	5.3086929619734855e-06	5.995515024986755e-06	6.733882264541079e-06	7.532032577709446e-06	8.39950925086416e-06	9.347253365495512e-06	1.0388084113718604e-05	1.1536892924017908e-05	1.2811306450350281e-05	1.4232059940980438e-05	1.582394194149224e-05	1.7616478390833704e-05	1.9645330291158565e-05	2.195351778767668e-05	2.4593574822096118e-05	2.762972445753773e-05	3.114134527274523e-05	3.522685748420383e-05	4.000954241540982e-05	4.564458356803099e-05	5.232924891590291e-05	6.031590823794364e-05	6.993055298574482e-05	8.159741928080722e-05	9.587382459907154e-05	0.00011349769469040996	0.00013545459042688286	0.0001630700800106656	0.00019813828561653134	0.0002430957895795502	0.0003012512092509063	0.0003770664588732464	0.00047645440353519773	0.0006069681773434119	0.0007775695096754994	0.0009972867633226837	0.0012714728989886553	0.0015937644820225496	0.0019324730505868304	0.002215647511534991	0.002335567554307749	0.0022156446014664653	0.0019324672225085864	0.001593755720220337	0.0012714611794859493	0.0009972720543828502	0.0007775517708220412	0.0006069473601893307	0.0004764304503098926	0.00037703930356742296	0.00030122077564550534	0.00024306199268931588	0.0001981010292139646	0.00016302925834551845	0.00013541008523496804	0.00011344937715954823	9.582155184833727e-05	8.154103653552208e-05	6.986988950701141e-05	6.0250779659684226e-05	5.2259452596829835e-05	4.5569901031954855e-05	3.992973408743989e-05	3.514166516077556e-05	3.105048618994911e-05	2.753289369855237e-05	2.449043864685501e-05	2.1843715861173305e-05	1.9528468178521552e-05	1.7492129458333405e-05	1.5691638887125464e-05	1.4091296178182604e-05	1.2661526498114928e-05	1.1377493027387928e-05	1.021840125460733e-05	9.16656479843335e-06	8.20701980936572e-06	7.3268727004679795e-06	6.515093152742533e-06	5.762044591526791e-06	5.059378228435083e-06	4.399687376109384e-06	3.7764554743530436e-06	3.183798285618083e-06	2.616436498982782e-06	2.069503153201283e-06	1.5385217802725104e-06	1.0192641632603562e-06	5.07721090413255e-07	0.0	
0.0	5.412067042395339e-07	1.0862672728146686e-06	1.639104002882101e-06	2.2037473847169326e-06	2.7844396793912085e-06	3.385652858351807e-06	4.0122344635003064e-06	4.669412059132833e-06	5.362990399347732e-06	6.099353617269822e-06	6.885726298960413e-06	7.730189590588084e-06	8.642024932875754e-06	9.631768488480388e-06	1.0711666634960395e-05	1.1895806747789334e-05	1.3200730949978654e-05	1.4645704168422986e-05	1.6253562250627602e-05	1.8051217294766755e-05	2.007086748072914e-05	2.235090775129999e-05	2.4937719026612605e-05	2.7887273295938275e-05	3.126788213174121e-05	3.516300432814326e-05	3.9675630023387385e-05	4.4933201736041106e-05	5.1094858036736506e-05	5.836012403475895e-05	6.69812494462007e-05	7.727868736622043e-05	8.966257478372074e-05	0.00010466037595282867	0.00012295449217331576	0.00014543082551505561	0.00017324273437277363	0.0002078907425153223	0.000251318981204101	0.00030601848066887484	0.0003751142303632664	0.0004623750789162031	0.0005720249487895339	0.0007081231312444868	0.0008731392108060898	0.0010652340229072286	0.0012739513709945543	0.0014751371130666815	0.001628856029212017	0.0016885391786436565	0.0016288526665285009	0.0014751303786348785	0.001273941246403447	0.0010652204807861522	0.0008731222139795694	0.0007081026335002604	0.0005720008934674203	0.0004623474000470234	0.00037508285068760814	0.0003059833131306695	0.0002512799263928193	0.00020784769049167658	0.0001731955615247873	0.00014537939668620922	0.0001228986569188034	0.0001045999709321818	8.959741939798278e-05	7.720858636719573e-05	6.690598792778333e-05	5.827947019892521e-05	5.10085575022056e-05	4.4840980386225094e-05	3.957718758204815e-05	3.505801719575169e-05	3.115599615967151e-05	2.776810649369457e-05	2.4810853441777428e-05	2.221589189900584e-05	1.992720720383036e-05	1.7898377726179894e-05	1.6090957483969786e-05	1.4472698509790719e-05	1.3016627169266525e-05	1.1699846304004575e-05	1.0503016196485102e-05	9.409518717818364e-06	8.405174851484486e-06	7.477643374495264e-06	6.6162749077739325e-06	5.811668866074495e-06	5.0556030535370234e-06	4.340702187862302e-06	3.660404894632852e-06	3.0087144509880447e-06	2.3801785954073306e-06	1.7697033920698122e-06	1.1725293897639136e-06	5.840955326513052e-07	0.0	
0.0	6.09420888471218e-07	1.223114764114158e-06	1.845411910327604e-06	2.4807931228239304e-06	3.1339179397622726e-06	3.809760752940207e-06	4.5136177544312026e-06	5.251294145341311e-06	6.0290997284247975e-06	6.854098043407796e-06	7.734104337163059e-06	8.678012093615145e-06	9.695813400181406e-06	1.0799026099577987e-05	1.2000766807594872e-05	1.3316314725187242e-05	1.4763284291070117e-05	1.6362382907902126e-05	1.8137757857051412e-05	2.01180406607422e-05	2.2336989186276155e-05	2.4834971344566466e-05	2.766010185972171e-05	3.0870420486492096e-05	3.4535857460976606e-05	3.874153755447317e-05	4.359113920998951e-05	4.9212057229962606e-05	5.5761112314118384e-05	6.34328082805551e-05	7.246898408092548e-05	8.317217988704283e-05	9.592172952080672e-05	0.00011119520263184655	0.00012959421918415696	0.0001518770582500371	0.0001789959210534227	0.000212138570829086	0.00025276616430629966	0.0003026352404978815	0.0003637739071389004	0.0004383632007379252	0.0005284364435363931	0.0006352731075705675	0.0007583365031151867	0.0008936695449400329	0.0010319386627281857	0.0011570017806826448	0.00124695635718706	0.001280250484189757	0.0012469525471849696	0.0011569941502834065	0.0010319271913608614	0.0008936542012218506	0.0007583172455061763	0.0006352498831000341	0.0005284091888842681	0.00043833184032022153	0.00036373835460086403	0.0003025953961527249	0.0002527219170185757	0.00021208979479804871	0.00017894247805760573	0.00015181879376267686	0.00012953096494140964	0.0001111267720624383	9.58479205902963e-05	8.309276981676317e-05	7.238373240864445e-05	6.33414508342462e-05	5.5663364414597306e-05	4.910760687222083e-05	4.347965031499632e-05	3.862264229366301e-05	3.440915944109325e-05	3.0735486129863845e-05	2.7516463376117315e-05	2.468211704907534e-05	2.2174366073265473e-05	1.994504349971105e-05	1.795373113264707e-05	1.6166608478137255e-05	1.4554982389380303e-05	1.3094629889411958e-05	1.1764767548733005e-05	1.0547688706175821e-05	9.428019754491356e-06	8.392530813366268e-06	7.429586049884497e-06	6.529053129873403e-06	5.6818901305130014e-06	4.880106699179759e-06	4.116451277743282e-06	3.3843935662477816e-06	2.6778885132120085e-06	1.9913598287000817e-06	1.3195248429759835e-06	6.573649677896299e-07	0.0	
0.0	6.746001803355357e-07	1.3538358446227823e-06	2.042421657152721e-06	2.74519422077255e-06	3.4672345958722007e-06	4.213881958329971e-06	4.9909069880152825e-06	5.804505222486907e-06	6.661530632927446e-06	7.569480276371212e-06	8.536800729866542e-06	9.572880327727174e-06	1.0688446775542794e-05	1.1895590783139471e-05	1.320828238746e-05	1.4642461788473712e-05	1.621671678632441e-05	1.7952495822348355e-05	1.987501299645768e-05	2.2013669229845457e-05	2.4403290374525955e-05	2.7084892455608357e-05	3.010742181170983e-05	3.352908132997056e-05	3.741984391090656e-05	4.1863685967583465e-05	4.696230693627425e-05	5.2838815555082165e-05	5.9643328081615326e-05	6.755893204340698e-05	7.681014023217599e-05	8.767224957498439e-05	0.00010048382699741581	0.00011566052186554867	0.00013371213039822176	0.00015526015616026153	0.00018105611597812486	0.00021199449101124714	0.00024911489391573303	0.00029357774497166655	0.0003465933052491611	0.0004092675604954166	0.00048232049204665305	0.0005656225703839124	0.0006575212441177055	0.0007540071422553925	0.0008479632076001066	0.0009290419068345721	0.0009850046639453265	0.0010051459177508318	0.0009850004124820266	0.0009290333924857025	0.0008479504071674613	0.0007539900212536316	0.0006574997557125279	0.0005655966563632812	0.00048229008104814196	0.00040923256944692737	0.000346553636880644	0.0002935332897053668	0.0002490655266547538	0.00021194007345166086	0.00018099649266321415	0.00015519515717816058	0.00013364156668577978	0.00011558418824508723	0.00010040149670760817	8.75836775883741e-05	7.671505698162448e-05	6.745704694757684e-05	5.953432242367324e-05	5.2722346125546465e-05	4.683799800477798e-05	4.173113293017808e-05	3.7278604274444574e-05	3.337867822260257e-05	2.9947333871011136e-05	2.6914557024489312e-05	2.4222092146119036e-05	2.1820942903458523e-05	1.967003048099908e-05	1.7734468064234442e-05	1.5984779264063625e-05	1.4395675140922877e-05	1.2945615838351118e-05	1.1615921085744924e-05	1.0390539077832924e-05	9.25538479691374e-06	8.198230192816474e-06	7.2082036781918825e-06	6.2757465433970914e-06	5.3922309929196215e-06	4.549946873872048e-06	3.7418104329629977e-06	2.961357359483721e-06	2.2025235562898513e-06	1.459627912724895e-06	7.272118979063751e-07	0.0	
0.0	7.36497339326573e-07	1.4779517784364933e-06	2.2293821188412434e-06	2.9959743019099375e-06	3.783106335662634e-06	4.596504498174947e-06	5.442239339999893e-06	6.326940749285269e-06	7.257774856520217e-06	8.242728352643382e-06	9.290579519041602e-06	1.0411266171505618e-05	1.1615869462236667e-05	1.2917086281050486e-05	1.4329252938900014e-05	1.586895307981726e-05	1.7555121479666052e-05	1.94098345448794e-05	2.1458554782392033e-05	2.3731175919261722e-05	2.626249994624357e-05	2.9093647380732464e-05	3.2272906534427134e-05	3.5857677509153955e-05	3.991590383556104e-05	4.4528802235195976e-05	4.9793183555150045e-05	5.5825327192276e-05	6.27646080254131e-05	7.077896984609587e-05	8.007032386113454e-05	9.088201715414033e-05	0.00010350619728273676	0.00011829300691736902	0.00013565875213114348	0.0001560940273514506	0.00018016709454808546	0.00020852074261691893	0.00024185349629662098	0.00028087723304655874	0.00032623392101707206	0.0003783549150741237	0.000437240157618726	0.0005021478362190442	0.0005712076350766356	0.0006410359535906928	0.0007065244519856764	0.0007610881897684558	0.0007976773601015572	0.0008106153205638339	0.0007976726738367092	0.0007610788045280151	0.0007065103426186483	0.0006410170817280647	0.000571183949939413	0.0005021192730609377	0.0004372066390613059	0.00037831634876614884	0.0003261902014790167	0.00028082823854025775	0.00024179909115351205	0.00020846077330838905	0.0001801013924629738	0.00015602240405305882	0.00013558100253951836	0.00011820890373298392	0.0001034154945173402	9.07844436930825e-05	7.996558727256715e-05	7.066674904311707e-05	6.264455726634293e-05	5.5697067789347004e-05	4.9656307957439416e-05	4.4382864711262266e-05	3.9760424504037186e-05	3.569213189691877e-05	3.209672938596321e-05	2.8906220958936895e-05	2.606315740789314e-05	2.3519188179401697e-05	2.1233133186110095e-05	1.9170116054214844e-05	1.7300170296507135e-05	1.5597743830669862e-05	1.4040670803258692e-05	1.2609907736044223e-05	1.1288760335652977e-05	1.0062759353800677e-05	8.919070176621052e-06	7.846447802571871e-06	6.834781924006496e-06	5.87509070699898e-06	4.95917004549501e-06	4.079598890614048e-06	3.2294715025110856e-06	2.4023954505811437e-06	1.592292036014831e-06	7.933733778272837e-07	0.0	
0.0	7.949159797759722e-07	1.5950483787415519e-06	2.4056986695362352e-06	3.2322942454456348e-06	4.080524341701692e-06	4.9563437974206245e-06	5.866166995240974e-06	6.816842900986676e-06	7.815915616702566e-06	8.871581467743994e-06	9.993027452185135e-06	1.1190384977905138e-05	1.2475161895447208e-05	1.3860213366364595e-05	1.536029003806655e-05	1.6992055373537857e-05	1.8774782991550117e-05	2.073046295521122e-05	2.2884696947541162e-05	2.5266955322986542e-05	2.7911741628655336e-05	3.0859089752740014e-05	3.4156101250271e-05	3.785780895686414e-05	4.202923146075493e-05	4.674677303435405e-05	5.210098108532476e-05	5.819868465092718e-05	6.516664962704483e-05	7.315462049462657e-05	8.233994409737153e-05	9.293140544537073e-05	0.00010517436575060882	0.00011935435200830413	0.00013580068602380931	0.00015488625134020334	0.0001770236452647686	0.00020265166396515768	0.000232209680651439	0.0002660904279971324	0.00030456549229083323	0.0003476722702114997	0.00039505996609201467	0.0004457969802630123	0.0004981689840666457	0.0005495261992014611	0.0005962868132598112	0.0006342249838862165	0.0006591407566292652	0.0006678459377556381	0.0006591356426958015	0.000634214742390784	0.0005962714165222453	0.0005495056060815318	0.0004981431386936928	0.00044576581321174175	0.00039502339226215114	0.00034763019057274967	0.00030451779090747604	0.0002660369743190435	0.00023215032567560669	0.00020258624304077722	0.00017695197337974818	0.00015480812639838523	0.0001357158832392348	0.00011926262760115114	0.000105075450424811	9.282500843635572e-05	8.22257456989735e-05	7.303227637547459e-05	6.503578235976038e-05	5.805888819412973e-05	5.1951811250796525e-05	4.658775200690581e-05	4.1859837115953914e-05	3.767747925980357e-05	3.396422230568302e-05	3.065499988384008e-05	2.7694718000417025e-05	2.503621745067778e-05	2.2639391679078736e-05	2.046966709163818e-05	1.8497486340835845e-05	1.669716207633237e-05	1.504659930628814e-05	1.3526418989102723e-05	1.2119830141690087e-05	1.0811951598200522e-05	9.589772042493553e-06	8.441621066442967e-06	7.3571745767492605e-06	6.327041886264458e-06	5.342787063621339e-06	4.3966091924695305e-06	3.481359010307298e-06	2.5902962528499027e-06	1.7170867043281695e-06	8.556248213029168e-07	0.0	
0.0	8.496914509151859e-07	1.7048179046327843e-06	2.570875779881921e-06	3.453535558244517e-06	4.358658419981949e-06	5.292466561599091e-06	6.261522274221131e-06	7.272963148097201e-06	8.334452428309313e-06	9.454488025036338e-06	1.0642335630524238e-05	1.1908423345962705e-05	1.326427306332274e-05	1.4722997013946445e-05	1.629924880285267e-05	1.8009844860335104e-05	1.9873764922024868e-05	2.1912930942957992e-05	2.4152298483205703e-05	2.6620838807062423e-05	2.9351778045567153e-05	3.238384500098236e-05	3.576173332980252e-05	3.9537695748401245e-05	4.377232106183985e-05	4.853656617684831e-05	5.391293918131565e-05	5.999803807102443e-05	6.690417153411602e-05	7.476235157737466e-05	8.3724162995858e-05	9.396478130838277e-05	0.00010568429100229039	0.00011910934098177109	0.0001344916545331274	0.00015210479359699966	0.00017223457980880953	0.00019516337996090577	0.00022114209525408036	0.00025034879386674974	0.00028282719291103397	0.00031840552721997613	0.0003565945964995091	0.00039647808774795866	0.00043661572477766584	0.0004750033155154934	0.0005091428094357434	0.0005362806268392624	0.000553829261696513	0.0005599080495961944	0.0005538237279981272	0.0005362695445803858	0.0005091261492142386	0.0004749810324754639	0.0004365877595717896	0.0003964443647082286	0.000356555025227993	0.00031835999984019636	0.0002827755862670235	0.0002502909658486578	0.00022107788757648526	0.00019509261355279885	0.00017215705813227074	0.00015202029708709006	0.00013439994440683973	0.00011901015270708148	0.00010557733853431618	9.384974955835702e-05	8.36007124160197e-05	7.463010958921271e-05	6.67627373649196e-05	5.984697308544795e-05	5.3751771849648534e-05	4.836478123357985e-05	4.3589364457167264e-05	3.9342962530359064e-05	3.5554572394447194e-05	3.216354555858863e-05	2.911757393875595e-05	2.637189337357333e-05	2.3887708151506236e-05	2.1631708240099905e-05	1.957484097821812e-05	1.7692050224786115e-05	1.5961314385846124e-05	1.4363532258577258e-05	1.2881764716665169e-05	1.1501210379432866e-05	1.020860504793002e-05	8.992245713757485e-06	7.841514963391233e-06	6.74692346903428e-06	5.699736105197183e-06	4.692011413851081e-06	3.716312782271671e-06	2.765729178787966e-06	1.8336591356579273e-06	9.138009566104602e-07	0.0	
0.0	9.00712922719999e-07	1.8070153015313143e-06	2.724582961138736e-06	3.6592125641202362e-06	4.616965787515158e-06	5.604158175405644e-06	6.627567299752953e-06	7.69438331218585e-06	8.812488230680273e-06	9.990377290260887e-06	1.1237518290947203e-05	1.2564255548282795e-05	1.3982261065186561e-05	1.5504436737675815e-05	1.714547323588769e-05	1.892177139718314e-05	2.085213037133322e-05	2.2957716016254416e-05	2.526290712146661e-05	2.779534688549803e-05	3.0586984197475235e-05	3.367425247941956e-05	3.709934943058079e-05	4.091059112277932e-05	4.516397085317181e-05	4.992372354815607e-05	5.526417403950521e-05	6.127048955257848e-05	6.804072792242883e-05	7.568659267792859e-05	8.433533386211249e-05	9.412992645772616e-05	0.00010522989081836469	0.00011780946900450382	0.00013205524591814897	0.00014815929868012678	0.00016630944825328227	0.0001866719160521363	0.0002093674776675891	0.0002344361462575564	0.000261792320023681	0.00029116785623033853	0.00032205039754801723	0.0003536234732447723	0.00038472887613013674	0.0004138728461998238	0.00043930752573621834	0.0004592047610507727	0.000471920285204232	0.000476296380432251	0.0004719143400214866	0.00045919285502527604	0.00043928962705842584	0.0004138489076055303	0.0003846988334310409	0.0003535872467099845	0.0003220078894520437	0.0002911189529045165	0.0002617368884166723	0.00023437403663101688	0.00020929851916134208	0.00018659591998862468	0.00016622620269563307	0.0001480685722990299	0.00013195678152562083	0.00011770298792436918	0.00010511508537119495	9.400646476152678e-05	8.420285123399585e-05	7.554469677423334e-05	6.788898900938643e-05	6.11084458740092e-05	5.5091320890981706e-05	4.97395187344299e-05	4.496782247672326e-05	4.070186296063912e-05	3.687734731682628e-05	3.3438229389924374e-05	3.033612506436528e-05	2.752877312571316e-05	2.497965966604689e-05	2.2656758950520507e-05	2.0532331888551227e-05	1.8581906129317403e-05	1.6784200743413368e-05	1.5120301992889386e-05	1.357366995906079e-05	1.2129472833093363e-05	1.0774639409120475e-05	9.497322875489685e-06	8.28697132603792e-06	7.133899249259191e-06	6.029355050534796e-06	4.9651840496095685e-06	3.9338772220705954e-06	2.9283135607375925e-06	1.9417780122088165e-06	9.677737779760728e-07	0.0	
0.0	9.478988535584139e-07	1.9015045575649937e-06	2.866580953991554e-06	3.849064283141117e-06	4.855067254569013e-06	5.891058262855832e-06	6.963818650631897e-06	8.08069155450251e-06	9.249499638343874e-06	1.0478870398476103e-05	1.1778123425735284e-05	1.3157680669937917e-05	1.4628934771878429e-05	1.620475520596826e-05	1.7899352469378865e-05	1.9728894202031104e-05	2.171138394992545e-05	2.3867405070111846e-05	2.6220036912598442e-05	2.879574767674731e-05	3.1624373699516814e-05	3.4740183053338664e-05	3.818194145759188e-05	4.1994160602005387e-05	4.622725847593372e-05	5.0938977577755446e-05	5.619459990004205e-05	6.206844420730676e-05	6.864397979171593e-05	7.6015138282301e-05	8.428591766667336e-05	9.357088443922939e-05	0.000103993361114889	0.00011568382358449108	0.00012877489579430452	0.00014339527545015438	0.00015965853639269938	0.0001776489930199654	0.0001974004158036538	0.00021887027271453923	0.00024190637619586966	0.0002662111085076776	0.0002913040989275218	0.0003164944839387936	0.0003408706751921401	0.00036332519417343846	0.00038262419081030877	0.0003975309074791247	0.00040696951901458985	0.00041020161381417593	0.0004069631713583752	0.0003975181953384062	0.00038260508090235627	0.00036329963571802757	0.00034083860102881135	0.0003164558084391227	0.00029125871984284025	0.0002661589038331384	0.00024184720672664438	0.00021880397785570423	0.00019732681680318894	0.00017756788771519086	0.00015956970307775772	0.00014329846654517796	0.00012866984229309105	0.00011557022762636042	0.0001038709009444647	9.343920585247988e-05	8.41446393985098e-05	7.586384228688565e-05	6.848221695417416e-05	6.189572340312697e-05	5.6010393903580436e-05	5.074271082523016e-05	4.601831301423475e-05	4.177186245285741e-05	3.794556641368012e-05	3.448894150560194e-05	3.1357416041393154e-05	2.8512147409490228e-05	2.5918795359345054e-05	2.3547432511867206e-05	2.1371503274861302e-05	1.9367819742318248e-05	1.751569211178852e-05	1.579698649022067e-05	1.4195404858272716e-05	1.2696579113984389e-05	1.128747922627348e-05	9.956520668255429e-06	8.693082726891709e-06	7.487610572383646e-06	6.331229354495049e-06	5.215826037968478e-06	4.1337480363740905e-06	3.0778531246429764e-06	2.0412836991661723e-06	1.01747547064786e-06	0.0	
0.0	9.91221407556732e-07	1.9882044229587194e-06	2.9967945002603506e-06	4.022945302182055e-06	5.072866820344217e-06	6.152995386754715e-06	7.270210910119207e-06	8.431758408693202e-06	9.645539662252487e-06	1.091999328922612e-05	1.2264466993432019e-05	1.3689064777815054e-05	1.5205107259369153e-05	1.682495655834764e-05	1.8562573768472312e-05	2.043333419746076e-05	2.2454692689687496e-05	2.464600368823057e-05	2.702930587440228e-05	2.9629161683305562e-05	3.247357071464567e-05	3.559383900684056e-05	3.90256217370357e-05	4.280881779132064e-05	4.69887179873706e-05	5.1615883509413605e-05	5.674732007711922e-05	6.244621776909103e-05	6.87829552758134e-05	7.583441623732878e-05	8.368440474401933e-05	9.242195538246528e-05	0.00010214035354242984	0.00011293337133196058	0.00012489150904646234	0.00013809445476182158	0.00015260255640711195	0.00016844339087128532	0.00018559654583457513	0.00020397318085566213	0.00022339473797011863	0.00024356919903907029	0.0002640721243501176	0.0002843342647907256	0.00030364653371540333	0.00032118614988768126	0.0003360732978327629	0.00034745462085573973	0.0003546083568148465	0.00035704792170687455	0.0003546016159702626	0.0003474411216676798	0.00033605300475102857	0.0003211590101091597	0.0003036124755260933	0.0002842931991536488	0.00026402394213946275	0.00024351377339962114	0.0002233319204392242	0.00020390280446654758	0.0001855184201191495	0.00016835730566931392	0.00015250827573914114	0.00013799172129465298	0.00012478003682032295	0.00011281285081964835	0.00010201044320775742	9.228228725531259e-05	8.353457477746273e-05	7.567399030296914e-05	6.861145827405434e-05	6.226313992766452e-05	5.6552104751709446e-05	5.1407933642155074e-05	4.676738251212687e-05	4.257339807659736e-05	3.87753564800047e-05	3.532791044467357e-05	3.219108785155122e-05	2.9329166003160955e-05	2.6710752692662857e-05	2.4307767033473083e-05	2.209554450324937e-05	2.0051947967499896e-05	1.8157501209228454e-05	1.6394629471379622e-05	1.4747811204182996e-05	1.3202938492679945e-05	1.1747472410051176e-05	1.0369911658648375e-05	9.059937055079861e-06	7.807977444779333e-06	6.605330604668664e-06	5.443817054979496e-06	4.3158667545751785e-06	3.214252986415291e-06	2.1321361015341964e-06	1.0628708680922303e-06	0.0	
0.0	1.0306768838236788e-06	2.067139608004728e-06	3.115223318213307e-06	4.180927079643838e-06	5.270402167496146e-06	6.39013609490619e-06	7.546884648606579e-06	8.747929521951518e-06	1.000095959061118e-05	1.1314406690897763e-05	1.269728260534092e-05	1.4159598089394333e-05	1.5712163167631995e-05	1.7367095154799687e-05	1.913759093701001e-05	2.1038530132322722e-05	2.3086228560236833e-05	2.5299142127395522e-05	2.769760963335381e-05	3.030465996288912e-05	3.314574763236004e-05	3.624965748029224e-05	3.9648223855642557e-05	4.337730765871604e-05	4.747646229810547e-05	5.198991765775578e-05	5.696609986093092e-05	6.245847888605087e-05	6.852474418011958e-05	7.522723281465262e-05	8.2631382031503e-05	9.080522632599647e-05	9.981647091602424e-05	0.0001097302265105223	0.00012060370840358985	0.00013248106624743727	0.00014538451839137315	0.0001593051987983543	0.0001741900768272445	0.00018992905070733257	0.00020633942346861417	0.00022315333325758106	0.00024000701093911613	0.0002564394020235386	0.0002719004302725258	0.00028577669047018164	0.00029743258093494103	0.0003062691967455403	0.00031179017806330926	0.0003136666885774162	0.00031178305399879344	0.0003062549300222933	0.0002974111347901693	0.00028574800880742436	0.0002718644389340188	0.00025639600645873187	0.0002399560983099929	0.0002230947689379119	0.00020627305395887912	0.00018985469895973963	0.00017410754593670096	0.0001592142661453167	0.00014528494006417828	0.00013237256999089125	0.00012048599871555148	0.00010960297637832486	9.96793275160427e-05	9.065780152202958e-05	8.24732585895802e-05	7.505795362670669e-05	6.834381888679974e-05	6.226537177453752e-05	5.6760236765072167e-05	5.1770672459656346e-05	4.724316394629359e-05	4.312922517775181e-05	3.938457328768387e-05	3.596958527359842e-05	3.284833726747413e-05	2.9988913547158167e-05	2.736245391726669e-05	2.494340807493705e-05	2.270865639010072e-05	2.0637746558894565e-05	1.871211278042811e-05	1.6915303849085754e-05	1.5232306366549648e-05	1.364976090937242e-05	1.2155386502339161e-05	1.0738176736550462e-05	9.387919697650715e-06	8.095364829523697e-06	6.851831915394367e-06	5.649339976797528e-06	4.480299258887796e-06	3.3375944812618236e-06	2.2143543627704397e-06	1.1039826091769738e-06	0.0	
0.0	1.0663126959793762e-06	2.138376876265783e-06	3.2220224718213913e-06	4.3231694461450416e-06	5.447976628816559e-06	6.6027902822752914e-06	7.794366703064846e-06	9.029762089550128e-06	1.0316632297632236e-05	1.1663068932415982e-05	1.3077979743461067e-05	1.4570876498028445e-05	1.6152339555991035e-05	1.7833763547962518e-05	1.9627909395697615e-05	2.154861370560595e-05	2.361143032293721e-05	2.5833307857496665e-05	2.8233319673523342e-05	3.08323095746321e-05	3.365370188466131e-05	3.6723105278145475e-05	4.006917964778081e-05	4.3723167589134154e-05	4.771976590936652e-05	5.209651555905439e-05	5.68945732995588e-05	6.215782247000873e-05	6.793335153538918e-05	7.427003645019972e-05	8.121839545411475e-05	8.882823195332514e-05	9.714735335656635e-05	0.0001062176768308375	0.00011607213535467283	0.00012672855431449664	0.00013818411809241363	0.00015040662929184765	0.00016332660997548363	0.00017682682313154593	0.00019073408134689723	0.00020481073494109294	0.00021875182893725943	0.00023218616542386938	0.00024468779492735717	0.00025579558809824747	0.00026504546401120337	0.0002720091121689418	0.00027633865658975446	0.0002778057456334171	0.0002763311594417132	0.00027199409873965795	0.00026502289542272594	0.00025576540662967506	0.0002446499221796664	0.0002321405041141784	0.00021869825983834032	0.00020474911954919232	0.00019066425759266454	0.00017674860889247963	0.00016323979755276377	0.0001503109897276842	0.0001380793944040391	0.00012661446656484204	0.00011594837263015877	0.00010608390300050584	9.700319777386328e-05	8.867329582358833e-05	8.105224123169626e-05	7.409219471645465e-05	6.77433090505461e-05	6.195502944274765e-05	5.667843003710543e-05	5.186637998409727e-05	4.747493873077371e-05	4.346289989107688e-05	3.9792656475779635e-05	3.642945308717871e-05	3.3341970399039544e-05	3.0501478834428378e-05	2.7882279979569112e-05	2.5460866095880985e-05	2.3216287744984743e-05	2.1129371134797584e-05	1.9183042512635213e-05	1.736162648807737e-05	1.5651137265743466e-05	1.4038666108977184e-05	1.2512639431158689e-05	1.1062296294722749e-05	9.677908972743465e-06	8.350348163412068e-06	7.0712601158764434e-06	5.832716028192136e-06	4.627339686142111e-06	3.448037195498253e-06	2.2880695055566607e-06	1.1408586286211782e-06	0.0	
0.0	1.098193247334471e-06	2.2020816275059057e-06	3.317399662207777e-06	4.450032580371872e-06	5.605986815424133e-06	6.791576024175769e-06	8.013326072967963e-06	9.278238328414636e-06	1.0593632900467886e-05	1.1967491592344403e-05	1.340824351799821e-05	1.4925189811580296e-05	1.6528235877167274e-05	1.822839933249081e-05	2.0037492752815965e-05	2.1968714915669718e-05	2.4036286365553732e-05	2.6256121029437016e-05	2.8645413178506106e-05	3.12233804812229e-05	3.40107931190282e-05	3.703076794329182e-05	4.03082155643709e-05	4.387064466209389e-05	4.774747612565746e-05	5.1970781149050316e-05	5.6574366550414795e-05	6.159431315554966e-05	6.706766653377628e-05	7.303255805528363e-05	7.952623880746752e-05	8.658446010220428e-05	9.423848317113175e-05	0.00010251330655396042	0.00011142323785372395	0.00012096859170355415	0.0001311295861184884	0.0001418615241784132	0.00015308746709475317	0.0001646929871508833	0.00017651958558194077	0.00018836204216015479	0.00019996674640127693	0.00021103675791298774	0.00022124055534879184	0.00023022961328977333	0.0002376601402218695	0.0002432217079412738	0.00024666504247374335	0.0002478289544448175	0.0002466571830108393	0.00024320596886461508	0.0002376364817069977	0.00023019797455924333	0.0002212008560991683	0.00021098889575526733	0.00019991059922333022	0.00018829746428506832	0.0001764464110416788	0.00016461102455908442	0.00015299650379690553	0.0001417613198332465	0.00013101987767860884	0.00012084908569604783	0.00011129361613265417	0.00010237321726575314	9.408754720619157e-05	8.64222607235859e-05	7.935232871264357e-05	7.284644763693793e-05	6.68688314437927e-05	6.138218115376735e-05	5.6348325440426354e-05	5.173016415348632e-05	4.749157003635285e-05	4.3598673657756475e-05	4.001934938479277e-05	3.672410403558139e-05	3.3685364605136705e-05	3.0878136480360675e-05	2.8279226287154682e-05	2.5867765617656677e-05	2.3624445226096526e-05	2.153195526744618e-05	1.957427163715744e-05	1.7737036974041758e-05	1.600691930622695e-05	1.4371943125981475e-05	1.2820929085037097e-05	1.1343776618327945e-05	9.930987406807503e-06	8.573897260427606e-06	7.264283043394146e-06	5.994539969745062e-06	4.757370246751141e-06	3.545901512334328e-06	2.353454789826088e-06	1.1735999018236146e-06	0.0	
0.0	1.126429749192269e-06	2.2584454096848136e-06	3.401704097308862e-06	4.56193137741066e-06	5.74506871632982e-06	6.957199354065815e-06	8.20477398701599e-06	9.49446813949245e-06	1.0833487721616236e-05	1.2229360975526862e-05	1.3690325081403215e-05	1.52250557439627e-05	1.684313523390269e-05	1.855472220304628e-05	2.037110011406172e-05	2.2304288483822668e-05	2.4367667990750136e-05	2.6575531288398565e-05	2.8943776214060933e-05	3.1489388344564456e-05	3.423118509696246e-05	3.718921136971977e-05	4.03855025547239e-05	4.3843356091746916e-05	4.758805724032987e-05	5.164595957937441e-05	5.6045080137025714e-05	6.081387748710799e-05	6.59815703907958e-05	7.157644355054293e-05	7.762568112704149e-05	8.415296959946852e-05	9.117758785489303e-05	9.871105376598431e-05	0.00010675523805106046	0.00011529790638804545	0.00012430984769316248	0.0001337395515136231	0.00014350993876365535	0.0001535132545736459	0.00016360907192317542	0.00017362174137773296	0.00018334261605095024	0.00019253340509166003	0.0002009358770759934	0.0002082835649488237	0.00021431962615735224	0.000218814876161873	0.00022158843929960016	0.000222523530066321	0.0002215802283513555	0.00021879843370834883	0.00021429491041775385	0.00020825051392317625	0.00020089440654472222	0.00019248341061514174	0.00018328396963454108	0.00017355429444687164	0.00016353265065202432	0.00015342766380607416	0.00014341495600205868	0.00013363493174519325	0.00012419531603291459	0.00011517316375789959	0.00010661995246731982	9.856486680555646e-05	9.102010457199704e-05	8.398376569842246e-05	7.744429148534907e-05	7.138237000052928e-05	6.577426881582767e-05	6.059276609434014e-05	5.5809525079585586e-05	5.139528357876581e-05	4.7321523669029706e-05	4.356017777537428e-05	4.0084824225454074e-05	3.687011844386918e-05	3.3892684378437595e-05	3.113041653138803e-05	2.8563178690859422e-05	2.617207006351324e-05	2.3939998365171624e-05	2.185096605628636e-05	1.989055504790461e-05	1.8045264856816716e-05	1.630292766369176e-05	1.4652115417540334e-05	1.3082493147211795e-05	1.1584303394321035e-05	1.0148659699167552e-05	8.767111855444197e-06	7.43187842031708e-06	6.1354935978388255e-06	4.870976216523836e-06	3.631557588361313e-06	2.410783898811415e-06	1.202323575109069e-06	0.0	
0.0	1.1511420685692023e-06	2.3077484533495055e-06	3.4753117439161258e-06	4.659459362628269e-06	5.865905426668969e-06	7.10063713881825e-06	8.369792374232323e-06	9.679927039261531e-06	1.1037820673145282e-05	1.24508253590012e-05	1.3926601577485785e-05	1.5473548420653406e-05	1.710047148649165e-05	1.8817092786699188e-05	2.0633651305290994e-05	2.2561488692652957e-05	2.461258069884917e-05	2.6800190843064822e-05	2.91383264392811e-05	3.164244589783029e-05	3.432882524243155e-05	3.7215294061061365e-05	4.0320485555307164e-05	4.36645595007913e-05	4.726828895117445e-05	5.115370394444751e-05	5.534293943499388e-05	5.9858700212764814e-05	6.47227584461206e-05	6.995610216765165e-05	7.557693518467877e-05	8.160034326197259e-05	8.803563798988204e-05	9.488539251908783e-05	0.00010214203542299131	0.00010978623976266161	0.00011778289792474246	0.00012607919019903813	0.00013460055150821076	0.00014324936647999286	0.0001519022757489573	0.00016041122484647266	0.0001686041477355954	0.00017629049099655	0.0001832671472828983	0.00018932957439616498	0.00019428280942839068	0.00019795621489817825	0.00020021559325405017	0.00020097577227494814	0.00020020704222956597	0.00019793909135403767	0.00019425707090262533	0.00018929515607441806	0.0001832239635787211	0.0001762384327800284	0.00016854308495099194	0.00016034100235445023	0.000151822716956945	0.0001431602677964992	0.0001345016869507208	0.0001259703044572864	0.0001176637118996208	0.00010965644223267634	0.00010200128945528494	9.473332572926838e-05	8.787184975250458e-05	8.142439354811822e-05	7.538835248365372e-05	6.975437087859671e-05	6.450732740477777e-05	5.962896860240514e-05	5.5098265791207355e-05	5.0893390536044356e-05	4.699159111128928e-05	4.337066840919755e-05	4.0008537714672824e-05	3.688435238719304e-05	3.397788846903877e-05	3.1270427849143664e-05	2.87440651036282e-05	2.6382425661361226e-05	2.416996099475924e-05	2.209254875849923e-05	2.0136817812268777e-05	1.8290657384240213e-05	1.654259673716671e-05	1.4882237546964464e-05	1.3299702369544886e-05	1.1785996600711376e-05	1.0332533352964084e-05	8.931426862151772e-06	7.575097463241031e-06	6.256495886618825e-06	4.968789705319323e-06	3.705516786685066e-06	2.460353206408369e-06	1.2271936618218528e-06	0.0	
0.0	1.1724916446433333e-06	2.3502796663042914e-06	3.538723532130211e-06	4.743228167368739e-06	5.969388964538621e-06	7.222894923794039e-06	8.509756363700102e-06	9.83613049588655e-06	1.1208632052510121e-05	1.2634082927367259e-05	1.4119905119093409e-05	1.567379570962068e-05	1.730420028224036e-05	1.90199135854008e-05	2.0830629630807346e-05	2.2746466538544697e-05	2.4778586399083356e-05	2.6938639456396748e-05	2.9239441857885698e-05	3.169432870675531e-05	3.43178701016605e-05	3.712511363591355e-05	4.013230752251544e-05	4.335599970084589e-05	4.681372033464473e-05	5.052288610709222e-05	5.4501372911205806e-05	5.876615122178523e-05	6.333365619859844e-05	6.821805872561908e-05	7.343132377130241e-05	7.898101638962273e-05	8.486995145526831e-05	9.109347434962294e-05	9.763868508967221e-05	0.00010448126749508578	0.00011158447243607081	0.00011889585087674172	0.00012634654593467122	0.0001338487241178617	0.00014129620547759984	0.00014856384418960428	0.00015551085850900714	0.00016198348388463796	0.0001678220194048399	0.00017286717386153319	0.000176970313711753	0.0001800018288083795	0.00018186167098993458	0.00018248583261613535	0.0001818527912538742	0.0001799840475658447	0.00017694358670409345	0.00017283143544798304	0.00016777718040915184	0.00016192943379761252	0.0001554474618997621	0.00014849094398491263	0.00014121361793773663	0.00013375624316288204	0.00012624393668396656	0.00011878285498153718	0.00011146080018020201	0.00010434660408131303	9.749268129644344e-05	9.093575370600841e-05	8.470009944427416e-05	7.879858843230162e-05	7.323583296110357e-05	6.800898452611226e-05	6.31104306849119e-05	5.852816837788311e-05	5.424797334307053e-05	5.025336680399516e-05	4.652731780365252e-05	4.3051900031265016e-05	3.980962787166435e-05	3.678291240595506e-05	3.395512668133432e-05	3.130995353400792e-05	2.883225429011377e-05	2.6507377449298646e-05	2.4321882337421442e-05	2.226285620986169e-05	2.03185257980387e-05	1.847761387170513e-05	1.672985820402615e-05	1.5065427013739342e-05	1.3475355917935819e-05	1.1951033940057153e-05	1.0484563390753568e-05	9.068323154893106e-06	7.695253097094362e-06	6.358498207050426e-06	5.051617269592011e-06	3.7683094827375415e-06	2.502546205968954e-06	1.2483804185890848e-06	0.0	
0.0	1.1906398202894999e-06	2.386405593959413e-06	3.5924401462420874e-06	4.814004421651357e-06	6.056410880432513e-06	7.3252096457338125e-06	8.626039548483122e-06	9.964899159713023e-06	1.1347916641857428e-05	1.2781704890081971e-05	1.4273051101520019e-05	1.5829354144454105e-05	1.745823406949692e-05	1.9168048176340674e-05	2.0967419309393946e-05	2.2865824591574715e-05	2.48730388983352e-05	2.69997864371682e-05	2.9257091765049425e-05	3.165697873255981e-05	3.4211715165352857e-05	3.693453550498993e-05	3.983875618177951e-05	4.293848705368586e-05	4.624758228585779e-05	4.978029159704569e-05	5.354999704833968e-05	5.756974020554816e-05	6.185068232809638e-05	6.64024338553398e-05	7.123117316087111e-05	7.633971326693892e-05	8.172524025969034e-05	8.737910164540526e-05	9.328420746542148e-05	9.9414646509914e-05	0.00010573296256205695	0.0001121899242350978	0.00011872215541548141	0.00012525268241115153	0.00013168969631881266	0.0001379287490684434	0.00014385355176770314	0.0001493406087848591	0.00015426257716558167	0.0001584953864830188	0.00016192357099038476	0.0001644485170927009	0.00016599367362597458	0.00016651125734817602	0.00016598447707070248	0.00016443010135221712	0.000161895891383518	0.00015845837479379864	0.0001542161433745208	0.00014928463810236952	0.0001437879075033416	0.00013785326818221218	0.00013160419340374051	0.00012515694376331703	0.00011861594409483722	0.00011207297265435295	0.00010560497857956561	9.927530453594845e-05	9.31331555289722e-05	8.721595101360356e-05	8.154957340724474e-05	7.615107200016288e-05	7.102906740387839e-05	6.61863282639208e-05	6.162000579030787e-05	5.732387092207932e-05	5.328827262629304e-05	4.9501992561880965e-05	4.595194262537556e-05	4.262467611147958e-05	3.9505889483021155e-05	3.658165496175269e-05	3.383779998593616e-05	3.126092384416867e-05	2.8837718573132348e-05	2.6555819339691626e-05	2.440311561986892e-05	2.236847062463685e-05	2.0441057498635305e-05	1.8610970874944824e-05	1.686861159063167e-05	1.520520436336392e-05	1.3612246323443337e-05	1.2081938560664133e-05	1.0606708102505776e-05	9.179557050240436e-06	7.793663833012321e-06	6.442651203551536e-06	5.120270090788593e-06	3.820586345996598e-06	2.537748865124147e-06	1.266094295503759e-06	0.0	
0.0	1.205784050859867e-06	2.4164838801309526e-06	3.6370701808867225e-06	4.8725363704110345e-06	6.128040933608858e-06	7.408788759128955e-06	8.720260753151396e-06	1.0068009455828223e-05	1.145797508023938e-05	1.2896196042489052e-05	1.4389209610698279e-05	1.594367751108896e-05	1.7566867983409974e-05	1.9266195632023346e-05	2.104977967132282e-05	2.292589542694719e-05	2.4903600630742193e-05	2.6992093113058647e-05	2.920139280975019e-05	3.1541595835022545e-05	3.402359400857805e-05	3.6658209311011733e-05	3.9456924978980884e-05	4.24308762571211e-05	4.5591557694903216e-05	4.894963686090885e-05	5.251559287721471e-05	5.629831185367687e-05	6.030560582202869e-05	6.454254782167226e-05	6.901182628068266e-05	7.371179466926405e-05	7.863664768033968e-05	8.37742116226916e-05	8.910600396885957e-05	9.460489492233175e-05	0.00010023524680939785	0.00010595074234203046	0.00011169498776400695	0.00011739999828750053	0.0001229878245944259	0.00012837030512880486	0.00013345228965091084	0.00013813312471318913	0.00014231169956429928	0.00014588955248932768	0.00014877716963088996	0.0001508976607756256	0.00015219279263044175	0.0001526254100795686	0.00015218329100292983	0.0001508786347416708	0.00014874857286784721	0.00014585131633654486	0.00014226373072925716	0.00013807530767325068	0.00013338448283176639	0.00012829234448277728	0.00012289951825320857	0.00011730113128740921	0.00011158531517512383	0.00010582999510018497	0.0001001031233232554	9.446106796060557e-05	8.895011074535881e-05	8.360586167509613e-05	7.845541143047786e-05	7.351721221644585e-05	6.880339443019682e-05	6.431972970087163e-05	6.006781636383614e-05	5.6044928126983574e-05	5.224593800363746e-05	4.866299093216411e-05	4.528714008966353e-05	4.2107856996350074e-05	3.9114405394918784e-05	3.629523366643287e-05	3.363912845103282e-05	3.113454007695277e-05	2.8770557277429563e-05	2.6536210450767617e-05	2.442130092464263e-05	2.2415717257394667e-05	2.051014325648662e-05	1.8695413107301998e-05	1.6963114267464218e-05	1.530499943991367e-05	1.3713494279774603e-05	1.2181178365632076e-05	1.070120330652269e-05	9.266850661255563e-06	7.871863172070163e-06	6.510084653422066e-06	5.175705320282963e-06	3.862986655071221e-06	2.5664208151873657e-06	1.280542106055827e-06	0.0	
0.0	1.2181131760873145e-06	2.440938958736267e-06	3.6731958625342705e-06	4.91970440179671e-06	6.185302973138259e-06	7.475033880405878e-06	8.79396957278562e-06	1.0147487750181738e-05	1.1541008345343273e-05	1.2980356015078232e-05	1.4471407977993244e-05	1.6020541027678034e-05	1.7634189662388104e-05	1.931937312406597e-05	2.1083162019010812e-05	2.2933278605636546e-05	2.4877468094844596e-05	2.6924162254441818e-05	2.9081748559692017e-05	3.135928293154376e-05	3.376564569465107e-05	3.6310283813575516e-05	3.900223723487666e-05	4.1850884578271974e-05	4.486481746494961e-05	4.8052557307644024e-05	5.142125035816357e-05	5.497731959328727e-05	5.8724953135983024e-05	6.26666593090305e-05	6.680153243871553e-05	7.112569929729402e-05	7.563037905933571e-05	8.030225674589752e-05	8.512141966372853e-05	9.006177800089678e-05	9.508906417844676e-05	0.00010016154026716649	0.00010522837450988975	0.00011023099697529508	0.00011510226348128406	0.00011976886368313447	0.00012415164164396243	0.00012816930433227685	0.0001317399738503429	0.00013478600574644425	0.0001372362871926656	0.00013903134812582327	0.0001401253201263273	0.0001404900672080751	0.00014011552565238524	0.00013901173561470552	0.00013720681014576684	0.00013474659315653446	0.00013169053208035987	0.00012810971397021038	0.0001240817606181369	0.00011968852254783374	0.00011501126974423361	0.00011012912881750055	0.00010511538629083138	0.00010003715468265772	9.495297889835044e-05	8.991365626839938e-05	8.496089800900464e-05	8.01289340288167e-05	7.544382519022595e-05	7.092544272248509e-05	6.658706978615245e-05	6.243744131192931e-05	5.848039510623459e-05	5.4716785772511304e-05	5.11440651053169e-05	4.7757987858537156e-05	4.455208570185881e-05	4.1519148168108486e-05	3.865060182749912e-05	3.5937782514827016e-05	3.337125151604831e-05	3.094188653684994e-05	2.864017076129651e-05	2.6457129950582e-05	2.4383626576917846e-05	2.2411165577283342e-05	2.053121944360414e-05	1.8735919186516374e-05	1.7017429847252766e-05	1.5368537850084707e-05	1.3782090940910345e-05	1.2251488898316811e-05	1.0770197647293612e-05	9.332147285943924e-06	7.931326964617845e-06	6.562092182412375e-06	5.21884474218281e-06	3.896250045241563e-06	2.5890048084405907e-06	1.2919644290960647e-06	0.0	
0.0	1.227847021984246e-06	2.460169825097483e-06	3.701491472789363e-06	4.956336515152215e-06	6.229371038395576e-06	7.525263808288684e-06	8.848918260790831e-06	1.020524073332851e-05	1.1599462846617094e-05	1.3036816867357978e-05	1.4522945945028763e-05	1.606348623476713e-05	1.7664561117672507e-05	1.9332268882109148e-05	2.107325525355723e-05	2.2894104052536418e-05	2.4801979951666873e-05	2.6803917457853986e-05	2.89075226749599e-05	3.112015310132181e-05	3.344966327354173e-05	3.590346429104734e-05	3.848929376715302e-05	4.12141401254087e-05	4.4085013035384155e-05	4.710771453414448e-05	5.028758378893228e-05	5.362809738103575e-05	5.713156505066509e-05	6.079754922662373e-05	6.462350157539372e-05	6.860301323362717e-05	7.272641238632296e-05	7.697889871701607e-05	8.134117617011969e-05	8.578759193915311e-05	9.0286955820338e-05	9.480088852296161e-05	9.928506263533177e-05	0.00010368803740633801	0.00010795320169609563	0.00011201837307483814	0.00011581865906236399	0.00011928695287637375	0.00012235769178384746	0.00012496805589372242	0.0001270622090737332	0.00012859258948947564	0.00012952383833513166	0.0001298333016114566	0.00012951376300085926	0.00012857241522773607	0.00012703188789052033	0.00012492751669677038	0.00012230683796070427	0.0001192256648900041	0.00011574679041761017	0.00011193575418794687	0.00010785963425381112	0.00010358329948037157	9.916890143946751e-05	9.467302673326922e-05	9.014708273624673e-05	8.563537095947855e-05	8.117623436387409e-05	7.680083539392084e-05	7.253478708196955e-05	6.839735530090034e-05	6.440329658623971e-05	6.056224949750892e-05	5.6880574459392745e-05	5.336078272477873e-05	5.000325800899141e-05	4.680564878896463e-05	4.376441831856274e-05	4.0874179918169544e-05	3.8129064024984994e-05	3.552200652009844e-05	3.304594284870671e-05	3.069307258869692e-05	2.845589842877098e-05	2.6326492986336126e-05	2.4297400721827575e-05	2.2360930669627975e-05	2.0509936381450395e-05	1.873715397727766e-05	1.703587134949599e-05	1.53993264845843e-05	1.382127358631589e-05	1.2295452710813203e-05	1.0816057617404553e-05	9.377284617740294e-06	7.973704901060197e-06	6.599898090958069e-06	5.2507304240553585e-06	3.921076712795186e-06	2.6060049443409183e-06	1.3005890290665037e-06	0.0	
0.0	1.235188995366787e-06	2.4746325592460487e-06	3.7225811498889635e-06	4.983372691935232e-06	6.2613324301883435e-06	7.560959413415781e-06	8.886730211154329e-06	1.0243378906982467e-05	1.1635604622899239e-05	1.3068442790356441e-05	1.4546876225771268e-05	1.6076294344781255e-05	1.766200701823885e-05	1.9309786950356782e-05	2.1025284633853524e-05	2.2814647242672126e-05	2.4683831614924473e-05	2.663929064844852e-05	2.868717932686673e-05	3.083409675540825e-05	3.308617788079916e-05	3.544987614544651e-05	3.7930931062466584e-05	4.053517353228155e-05	4.326735762247378e-05	4.613196903608188e-05	4.913190989630148e-05	5.226929278253094e-05	5.554397271590264e-05	5.89543178896977e-05	6.249559727471718e-05	6.616073898586654e-05	6.993860942478567e-05	7.381480519276333e-05	7.776990329083481e-05	8.178038308186294e-05	8.581698341720103e-05	8.984590847227209e-05	9.382748057873858e-05	9.771782292439929e-05	0.00010146801224439719	0.00010502641020646757	0.00010833845123820309	0.00011134966828242436	0.00011400606517668408	0.00011625764274600175	0.00011805903035050011	0.00011937303909422231	0.00012017098545923045	0.00012043563991330313	0.00012016064168566469	0.00011935232723927038	0.00011802790247394837	0.000116216025620532	0.00011395386230946913	0.00011128675660799169	0.00010826468447208996	0.00010494161389009782	0.00010137198840711424	9.761034348666406e-05	9.370829328904015e-05	8.971472867639338e-05	8.567350122632019e-05	8.162425351649629e-05	7.760075462576567e-05	7.363222748437424e-05	6.974216396715585e-05	6.594994522938016e-05	6.226994331559588e-05	5.871324578580453e-05	5.528688991897904e-05	5.199555585381615e-05	4.88408367766248e-05	4.582282115907151e-05	4.293935290226511e-05	4.018746686549376e-05	3.75626278964681e-05	3.506001135176437e-05	3.2673729748534486e-05	3.0397964208221065e-05	2.8226196166261576e-05	2.6152201073993383e-05	2.4169304520912683e-05	2.2271249987083664e-05	2.0451497169854816e-05	1.8703973774395036e-05	1.702243089599079e-05	1.5401086354050223e-05	1.3834048816695346e-05	1.2315857826861702e-05	1.0840985502379096e-05	9.404276498964058e-06	8.000533757415387e-06	6.624860270722845e-06	5.272333486090711e-06	3.938249850113867e-06	2.6178910423327174e-06	1.3066717835607328e-06	0.0	
0.0	1.240369077080914e-06	2.484743093169214e-06	3.7371675700490723e-06	5.001670574468249e-06	6.282401201161681e-06	7.583472547803037e-06	8.9091968531716e-06	1.0263829294682614e-05	1.1651897828682318e-05	1.3077847595475425e-05	1.4546462588363495e-05	1.6062410184856008e-05	1.763075059526138e-05	1.9256380481108988e-05	2.0944624655151994e-05	2.270057685220921e-05	2.452976633756683e-05	2.643739264610506e-05	2.842905762634305e-05	3.050988942965261e-05	3.2685328217486246e-05	3.4960133107345517e-05	3.733920768413758e-05	3.982648255178073e-05	4.242576570259271e-05	4.5139493842331695e-05	4.796959397032331e-05	5.0916100488476506e-05	5.397802015961122e-05	5.715182166307679e-05	6.043230918916409e-05	6.381100941547772e-05	6.727708200044303e-05	7.081565788279176e-05	7.440884848494743e-05	7.803412723630628e-05	8.166553867579177e-05	8.527225323618078e-05	8.88201085715493e-05	9.22704861817294e-05	9.558231506758051e-05	9.871138871555391e-05	0.00010161289583604245	0.00010424119201140312	0.00010655277909593912	0.00010850637113468133	0.00011006605197089181	0.00011120128824244999	0.00011188984048206968	0.00011211728357857177	0.00011187924036483899	0.00011118006377986637	0.00011003415386033513	0.00010846372639484558	0.00010649928852909355	0.00010417673298576343	0.00010153731806075976	9.862451839107492e-05	9.548394897997158e-05	9.216039719296134e-05	8.869803804198982e-05	8.513791781699807e-05	8.151862107021938e-05	7.787428424628343e-05	7.423570012296391e-05	7.062879661435954e-05	6.707606021881041e-05	6.359534981046136e-05	6.0201490596635326e-05	5.690529047895626e-05	5.3715174574630817e-05	5.063630285364641e-05	4.767215342490398e-05	4.48236795237291e-05	4.2090787771622456e-05	3.947150612565795e-05	3.6963332257893065e-05	3.456240707334668e-05	3.2264726675272745e-05	3.0065329139349636e-05	2.795937319136088e-05	2.5941351731162263e-05	2.4006044200012818e-05	2.214777163872777e-05	2.0361230248660216e-05	1.8640801674591807e-05	1.6981274213583107e-05	1.5377219921325304e-05	1.382360835656908e-05	1.2315259806925505e-05	1.0847354932471434e-05	9.414971277349634e-06	8.013490939144487e-06	6.6382257223419135e-06	5.284724080550441e-06	3.948488799941146e-06	2.625183926271216e-06	1.310447710826787e-06	0.0	
0.0	1.2435940446970084e-06	2.490966460070266e-06	3.745882734284078e-06	5.012183446716556e-06	6.293669881328768e-06	7.594291763127732e-06	8.917931007985423e-06	1.0268687523974076e-05	1.165056085834879e-05	1.306783158900709e-05	1.4524640558988392e-05	1.602546241093731e-05	1.7574581810144866e-05	1.9176654482041242e-05	2.08360792921811e-05	2.2557640721124656e-05	2.4345774893952767e-05	2.6205285796155117e-05	2.8140502387137708e-05	3.0156059139953935e-05	3.225594041449142e-05	3.4444314369653963e-05	3.672446020429971e-05	3.909964368480702e-05	4.1571923402527306e-05	4.414305700948108e-05	4.6813185444100546e-05	4.95817628686099e-05	5.244612449711812e-05	5.5402441971277416e-05	5.844419284045308e-05	6.156315843957488e-05	6.474783257343699e-05	6.798450146192135e-05	7.12556551001216e-05	7.45412160000886e-05	7.781704404197036e-05	8.105640450147553e-05	8.422867442150225e-05	8.730114570919224e-05	9.023803016757772e-05	9.300266085435238e-05	9.55568355562531e-05	9.786339538608662e-05	9.988583790102197e-05	0.00010159112481269409	0.00010294936201032912	0.00010393656269619021	0.00010453409314611472	0.0001047310643379776	0.00010452324917846663	0.00010391484988051946	0.00010291673130686358	0.00010154750129416916	9.983112291107356e-05	9.779746308628064e-05	9.547953650823366e-05	9.291381684833379e-05	9.013743920538182e-05	8.718857512344169e-05	8.410386722731186e-05	8.091907081817559e-05	7.76668687716205e-05	7.43778485657148e-05	7.107871839933354e-05	6.779357993726121e-05	6.454248237912374e-05	6.134289386052107e-05	5.8208497599467675e-05	5.5150754013504587e-05	5.217784835383378e-05	4.929625282317477e-05	4.6509758856748786e-05	4.38209758792887e-05	4.123040854529792e-05	3.873785470301041e-05	3.63415103973643e-05	3.403924912039004e-05	3.182775269795334e-05	2.9703666330715766e-05	2.76627622197093e-05	2.570097159302568e-05	2.3813591817914876e-05	2.1996199419962434e-05	2.024391227215715e-05	1.855218816269942e-05	1.691615284022435e-05	1.533128812794283e-05	1.3792835066397778e-05	1.2296374623080108e-05	1.0837313452489189e-05	9.411359304341429e-06	8.014095292972835e-06	6.6413513466443845e-06	5.288871461000714e-06	3.952582019397052e-06	2.628355328064826e-06	1.3121753753566577e-06	0.0	
0.0	1.2450937584637926e-06	2.493715094296814e-06	3.74942659747949e-06	5.015757163670573e-06	6.296339786281789e-06	7.59473857172271e-06	8.914687849860515e-06	1.0259814592087507e-05	1.163397671469056e-05	1.304088066550017e-05	1.4484515976769088e-05	1.5968667702804742e-05	1.7497443296837903e-05	1.9074679319588836e-05	2.0704555567855064e-05	2.239089504042782e-05	2.413785896387391e-05	2.5949138449406797e-05	2.7828722734344572e-05	2.977998042708567e-05	3.180649211216395e-05	3.3911018837657096e-05	3.609638959533169e-05	3.836435524675957e-05	4.0716521915785974e-05	4.315309064899589e-05	4.5673830373314794e-05	4.82767083107051e-05	5.095890203941808e-05	5.371533425538094e-05	5.653973379560786e-05	5.942310169781165e-05	6.235484629074075e-05	6.532122539860681e-05	6.830659943532697e-05	7.12919142080115e-05	7.425613368767939e-05	7.717484234341025e-05	8.002192679312792e-05	8.27683747822881e-05	8.538425970111509e-05	8.783778254254498e-05	9.009756442086489e-05	9.213191146433984e-05	9.391133838071604e-05	9.540794431388657e-05	9.659799667178408e-05	9.746122160094579e-05	9.798321425004896e-05	9.815441780013057e-05	9.797213852435864e-05	9.743904544746009e-05	9.656466980515095e-05	9.536339235011301e-05	9.385546019559127e-05	9.206458215372723e-05	9.001863090419551e-05	8.77470679809015e-05	8.528155735483111e-05	8.265345385987072e-05	7.98945245752958e-05	7.70346714267082e-05	7.41028723902804e-05	7.11252151624971e-05	6.812607829416879e-05	6.512647072098442e-05	6.214540656772843e-05	5.919849646823425e-05	5.629943901250777e-05	5.34587945557531e-05	5.06855144744585e-05	4.798583568380591e-05	4.536478335687459e-05	4.282514209432597e-05	4.036888737889746e-05	3.799620816292439e-05	3.57068402353541e-05	3.349913022892724e-05	3.137125744567988e-05	2.9320339596271457e-05	2.7343538211912306e-05	2.5437212305545655e-05	2.359790723160558e-05	2.182156506691209e-05	2.0104398888294827e-05	1.8442169190743227e-05	1.6830946104479116e-05	1.526646052722841e-05	1.3744756569885079e-05	1.2261624907380843e-05	1.0813147217453254e-05	9.395217929032256e-06	8.003981880018654e-06	6.635449365727578e-06	5.285827825951995e-06	3.951233961156279e-06	2.6279200200447234e-06	1.3120857891408655e-06	0.0	
0.0	1.2450692507911967e-06	2.493444518904231e-06	3.7484115371734446e-06	5.01332112984544e-06	6.29146248822656e-06	7.586252971145447e-06	8.901004495946816e-06	1.0239215950394334e-05	1.1604232462692548e-05	1.2999637910980877e-05	1.4428806911998676e-05	1.5895394088161365e-05	1.7402778555303662e-05	1.8954645661891826e-05	2.0554323573529915e-05	2.220545216204909e-05	2.391121102123756e-05	2.5675069126897336e-05	2.7499903376152342e-05	2.9388821710598392e-05	3.134417124843605e-05	3.336842702768278e-05	3.546308933634226e-05	3.7629630522231555e-05	3.98682827453216e-05	4.217903704028923e-05	4.456032613140955e-05	4.701007391229566e-05	4.952428399543151e-05	5.2098144777973615e-05	5.472454369850367e-05	5.7395243476943375e-05	6.0099354563380265e-05	6.282461126221929e-05	6.55558489703997e-05	6.827642197088465e-05	7.096674367091602e-05	7.360589531964175e-05	7.617028960270507e-05	7.86355133292557e-05	8.097515886298944e-05	8.31629159126629e-05	8.517157527249673e-05	8.697533271095816e-05	8.854890814564021e-05	8.986995783977691e-05	9.091818659391301e-05	9.167770735952758e-05	9.213598391973857e-05	9.228596104718075e-05	9.212468889650382e-05	9.165509201245793e-05	9.088420108588552e-05	8.98245260035316e-05	8.849192977163816e-05	8.69066799643126e-05	8.509109649148736e-05	8.307043024445191e-05	8.087046155086895e-05	7.851836857933217e-05	7.60404373290858e-05	7.346304225799372e-05	7.081057154183614e-05	6.810657685967528e-05	6.537195085978809e-05	6.262624170078702e-05	5.9886067509580705e-05	5.716655128131654e-05	5.447992919159868e-05	5.183704559373847e-05	4.924610582618811e-05	4.6714173202517867e-05	4.4246024413384356e-05	4.184560202891472e-05	3.951494365863256e-05	3.725555760897899e-05	3.5067410076359596e-05	3.2950204125067124e-05	3.090241959811558e-05	2.8922484891299603e-05	2.700787126202724e-05	2.5156152916749007e-05	2.3364161368489753e-05	2.1628932780879355e-05	1.994692975804146e-05	1.8314876517338706e-05	1.672905577988369e-05	1.5186032890585315e-05	1.368203493953741e-05	1.2213564936414259e-05	1.0776869363962268e-05	9.368443285041373e-06	7.984591476423812e-06	6.621825099679339e-06	5.2765205352053e-06	3.9452080856300565e-06	2.624331699567187e-06	1.310430143087977e-06	0.0	
0.0	1.2437421247768753e-06	2.490547595272029e-06	3.7435103703728164e-06	5.005677269843198e-06	6.280185938470676e-06	7.5700781234000665e-06	8.878543463056057e-06	1.0208623494667186e-05	1.1563559129208466e-05	1.2946385289154647e-05	1.4360379220024284e-05	1.580854575357167e-05	1.7294162807105797e-05	1.8820157270683577e-05	2.03897431826636e-05	2.2005688186313725e-05	2.3671039000521736e-05	2.5388278357953246e-05	2.7160131622618055e-05	2.898861425068653e-05	3.08759129312745e-05	3.282332414016742e-05	3.483220329604644e-05	3.6902796266093866e-05	3.9035251163877926e-05	4.122834719825965e-05	4.3480566425566915e-05	4.578872866329247e-05	4.814912528654637e-05	5.055607551324019e-05	5.300313150167368e-05	5.5481580180604154e-05	5.7981738088445694e-05	6.0491433143030965e-05	6.299741723118755e-05	6.548387140638175e-05	6.793397076653557e-05	7.032846015586635e-05	7.264740415875823e-05	7.48688727489718e-05	7.697089358338263e-05	7.893026328154907e-05	8.072468649158028e-05	8.233168833030567e-05	8.373087857664857e-05	8.490289263046703e-05	8.583167299813614e-05	8.650332767199764e-05	8.690829543297454e-05	8.704000285046935e-05	8.689679310780018e-05	8.64802979855619e-05	8.579706496622433e-05	8.485663088880942e-05	8.367286064711176e-05	8.226178774847618e-05	8.064274825810133e-05	7.88361085320869e-05	7.686431323652738e-05	7.474963369286265e-05	7.251524111134052e-05	7.018308333382322e-05	6.777505597786726e-05	6.531106915863056e-05	6.281034108024424e-05	6.028967018894296e-05	5.7764835608023176e-05	5.524905745039546e-05	5.275446474531912e-05	5.0290710982520614e-05	4.7866462557536685e-05	4.548813489781129e-05	4.316135805305964e-05	4.0889805271626136e-05	3.867660146679176e-05	3.652322566926545e-05	3.4430838332564074e-05	3.2399248261077995e-05	3.0428143594873934e-05	2.851612097035233e-05	2.666181162032342e-05	2.4862975293289007e-05	2.311751724490529e-05	2.142265212114864e-05	1.9775810160003597e-05	1.817387737204694e-05	1.661399057054967e-05	1.5092860295014748e-05	1.360745482839506e-05	1.2154411832311911e-05	1.0730611651726271e-05	9.33268286496127e-06	7.957465157578354e-06	6.601613126410238e-06	5.261948968943929e-06	3.935168028645199e-06	2.6180815714539687e-06	1.3074267776590615e-06	0.0	
0.0	1.2413006986033687e-06	2.4854562165634766e-06	3.7352950468491087e-06	4.993703098269721e-06	6.263486511163933e-06	7.547564213944222e-06	8.848719471670779e-06	1.0169899454939962e-05	1.1513855407014627e-05	1.2883546797380979e-05	1.4281670206079539e-05	1.5711164940865788e-05	1.7174630880323983e-05	1.8674931694918418e-05	2.021450199192907e-05	2.1796043541463572e-05	2.342172218382013e-05	2.5093951803217742e-05	2.6814481695085516e-05	2.8585262589367078e-05	3.0407425699498176e-05	3.228222508400288e-05	3.420991065981958e-05	3.6190741900703216e-05	3.8223759027038965e-05	4.030786483877216e-05	4.2440501471210945e-05	4.461880042127577e-05	4.683817700635375e-05	4.909355359149713e-05	5.137789026293571e-05	5.368349271090263e-05	5.600050509515066e-05	5.831832100568012e-05	6.062407153519016e-05	6.290416309930128e-05	6.514279757080071e-05	6.732366113281358e-05	6.942851016944728e-05	7.143902678880161e-05	7.333549030900856e-05	7.509879476760319e-05	7.670919994968322e-05	7.814847498138669e-05	7.93986886515229e-05	8.044440804166474e-05	8.127145558847873e-05	8.186906549504215e-05	8.222851893207537e-05	8.234515783663471e-05	8.221682164785189e-05	8.184564533631004e-05	8.123626217895741e-05	8.039736436755865e-05	7.933969347020763e-05	7.807739912343858e-05	7.66258903194129e-05	7.50030688087351e-05	7.322714157614602e-05	7.131781759179954e-05	6.929417868654323e-05	6.717591225355692e-05	6.4981311513255e-05	6.27285844760612e-05	6.043401942877125e-05	5.8113376286647665e-05	5.578022190160539e-05	5.344738405206351e-05	5.112544084054707e-05	4.882420372637544e-05	4.655133673167822e-05	4.431383177368322e-05	4.2116733778414794e-05	3.996457542089629e-05	3.786018959403613e-05	3.580607771395294e-05	3.380329794868721e-05	3.1852748722604795e-05	2.995412754689284e-05	2.8107117742298123e-05	2.6310417653355324e-05	2.4562823366879993e-05	2.2862331345164914e-05	2.1207113105590217e-05	1.9594696100767444e-05	1.8022828264870587e-05	1.6488742673681175e-05	1.4989910935384268e-05	1.3523397147559873e-05	1.2086499646583594e-05	1.067619933753925e-05	9.28968956682447e-06	7.92392324576742e-06	6.5760307443226416e-06	5.242969497227211e-06	3.921829936889705e-06	2.6095905447209444e-06	1.3033120071163517e-06	0.0	
0.0	1.2379522744231177e-06	2.4785318412770618e-06	3.7243933070926576e-06	4.978133355876559e-06	6.242429625765857e-06	7.519842368702407e-06	8.813063399412942e-06	1.0124604465774906e-05	1.1457154215506219e-05	1.2813153394363767e-05	1.4195257159022587e-05	1.5605797468597936e-05	1.704734742195827e-05	1.8522071424708904e-05	2.003238758100699e-05	2.1580206446557867e-05	2.3167686920209804e-05	2.4796364708988024e-05	2.6467996742673467e-05	2.8183580999141604e-05	2.9944284355289108e-05	3.175035632452421e-05	3.360213566629792e-05	3.54988621025241e-05	3.7439758189972074e-05	3.94227454711109e-05	4.14456003290434e-05	4.3504584519194096e-05	4.559567714490433e-05	4.7713134172155654e-05	4.985080319436393e-05	5.200063204233602e-05	5.415407805886167e-05	5.630059134136857e-05	5.842913448494795e-05	6.052666956985137e-05	6.257980557570689e-05	6.457331742217351e-05	6.649193378238812e-05	6.831890861361918e-05	7.003794958499859e-05	7.163184605407555e-05	7.30845174709436e-05	7.437967804985385e-05	7.550295874605447e-05	7.64405635706668e-05	7.718139577089951e-05	7.771564314424447e-05	7.803682890724923e-05	7.814026300948429e-05	7.80249484901826e-05	7.769185705749405e-05	7.714565257003271e-05	7.639278726478407e-05	7.544304598295216e-05	7.430750139854597e-05	7.299992073944451e-05	7.153464919275977e-05	6.992794215071927e-05	6.819585626944842e-05	6.63555699271745e-05	6.442335125414261e-05	6.24159119118606e-05	6.034849843293945e-05	5.823629914231159e-05	5.609267936696616e-05	5.3930637626269215e-05	5.17611844058827e-05	4.959482727605861e-05	4.744008039865588e-05	4.530495037319667e-05	4.319555915921898e-05	4.111760165814184e-05	3.907506596584603e-05	3.7071637284843235e-05	3.5109503649137877e-05	3.3190686197933516e-05	3.131592355670349e-05	2.948591402487027e-05	2.7700276318069848e-05	2.5958693889000672e-05	2.425995314592956e-05	2.2602983627710842e-05	2.098597702181941e-05	1.940731931417746e-05	1.7864795106267017e-05	1.6356409386519317e-05	1.4879682050995602e-05	1.343235785842642e-05	1.2011795947357873e-05	1.061556707188525e-05	9.240942487061038e-06	7.885377892041332e-06	6.546105475091858e-06	5.2205042355908635e-06	3.905798340224949e-06	2.5993137310958305e-06	1.2982853078003497e-06	0.0	
0.0	1.233867493684322e-06	2.470172656374212e-06	3.7113220474812074e-06	4.9597740598237975e-06	6.217893037597788e-06	7.48814507932407e-06	8.772837084265663e-06	1.007442370078828e-05	1.1395131372493608e-05	1.2737374154724303e-05	1.4103263159683806e-05	1.5495128376100454e-05	1.6914914215797108e-05	1.8364803886770318e-05	1.984650205475065e-05	2.1361957784627773e-05	2.2912535704657216e-05	2.44998331182585e-05	2.612474158155106e-05	2.77883536044941e-05	2.9490917347688904e-05	3.123282852470502e-05	3.301348215242839e-05	3.4832346013788254e-05	3.668771524060365e-05	3.857786518151953e-05	4.049971722006756e-05	4.2450071243300676e-05	4.442419455854662e-05	4.641713733522705e-05	4.842226060141052e-05	5.043264167579843e-05	5.243956141393546e-05	5.443400991400285e-05	5.6405156307514444e-05	5.834196648903502e-05	6.023167912386988e-05	6.206154495362782e-05	6.381732840457375e-05	6.5485170378533e-05	6.705012449415276e-05	6.849813146774983e-05	6.981458286728657e-05	7.09863767414644e-05	7.200048278155569e-05	7.284603023209732e-05	7.351283233154009e-05	7.399344545614707e-05	7.428160465043241e-05	7.437419386637986e-05	7.426955326225341e-05	7.39693169074384e-05	7.347657591880662e-05	7.279756841860373e-05	7.193971371694967e-05	7.091317046352473e-05	6.972878548799509e-05	6.839955949074341e-05	6.693857064734795e-05	6.536039606503102e-05	6.36790711540994e-05	6.190950903048315e-05	6.006554456172757e-05	5.8161377885345236e-05	5.6209733398654676e-05	5.422333459132443e-05	5.221318978898201e-05	5.019008935897479e-05	4.816301620004309e-05	4.614064604170799e-05	4.412987301755263e-05	4.2137289502325195e-05	4.016781489631896e-05	3.822613183416916e-05	3.631540776300525e-05	3.443866749379193e-05	3.2597600411947414e-05	3.079385354243943e-05	2.902792086618969e-05	2.730034519912868e-05	2.5610689255741505e-05	2.3958638114226962e-05	2.234305401134398e-05	2.0762973800693608e-05	1.921675094203047e-05	1.7702944215560693e-05	1.6219551111219894e-05	1.4764785301726448e-05	1.3336405827055103e-05	1.1932381636339969e-05	1.0550320778839457e-05	9.188020860875331e-06	7.843002043552433e-06	6.512942649500715e-06	5.195319237437592e-06	3.8877269209215705e-06	2.5876292140693e-06	1.2925629464755922e-06	0.0	
0.0	1.2292351917674706e-06	2.4607006829991437e-06	3.6966517480703008e-06	4.939277342993272e-06	6.190840448092177e-06	7.45347006377781e-06	8.729415525825957e-06	1.0020721767461095e-05	1.1329595686219223e-05	1.2657965037262623e-05	1.4007954386372994e-05	1.5381328367766687e-05	1.678007421660652e-05	1.8205730497943337e-05	1.966007270961216e-05	2.1144329007706888e-05	2.2659964960924006e-05	2.420778832409347e-05	2.57888287859107e-05	2.740333456320953e-05	2.905174302002229e-05	3.0733572884875164e-05	3.244848205688708e-05	3.4195060715324716e-05	3.597197359886441e-05	3.777666129743944e-05	3.96065658886064e-05	4.145775032569286e-05	4.3326208528628716e-05	4.520641590528618e-05	4.70927276038978e-05	4.897787645753319e-05	5.0854465571832685e-05	5.27134326304366e-05	5.454564438160442e-05	5.634034716014931e-05	5.8086869876214353e-05	5.977307844214346e-05	6.138718923391482e-05	6.291623871356377e-05	6.434800024471488e-05	6.566946934896055e-05	6.686886375079282e-05	6.793411086403363e-05	6.885489650445507e-05	6.962112785835473e-05	7.022498476631561e-05	7.06593234358721e-05	7.091968047674008e-05	7.100258436342318e-05	7.090746972328608e-05	7.063487655407772e-05	7.018825004365164e-05	6.957202896027873e-05	6.879332958931595e-05	6.785994800653382e-05	6.678194814407424e-05	6.55696204203476e-05	6.423500696083815e-05	6.27898663651696e-05	6.12471708662124e-05	5.96191232779399e-05	5.791865290000371e-05	5.6157519141511935e-05	5.434781964790608e-05	5.2500200645391715e-05	5.0625376938097215e-05	4.87324559986715e-05	4.68304586446929e-05	4.49267547992018e-05	4.302856727043388e-05	4.114151246104535e-05	3.9271067520741884e-05	3.742120831095268e-05	3.5595821129974834e-05	3.3797431618602284e-05	3.202854491728626e-05	3.0290461654466374e-05	2.8584533660023245e-05	2.6911065778297482e-05	2.5270477396482596e-05	2.366229102919573e-05	2.2086192555762993e-05	2.054110911364342e-05	1.9026162970630078e-05	1.7539842228832963e-05	1.6080844736154475e-05	1.4647345535921487e-05	1.3237728263273141e-05	1.1849953309068744e-05	1.0482174880233544e-05	9.132213607251956e-06	7.798057986738047e-06	6.4774447544783555e-06	5.168243861563987e-06	3.868149437910367e-06	2.5749478424237158e-06	1.2863215095990792e-06	0.0	
0.0	1.2242051051298174e-06	2.4504738071384535e-06	3.680834914908696e-06	4.917365248802463e-06	6.162036658571652e-06	7.416915323346535e-06	8.683890423485953e-06	9.964988351408231e-06	1.1261983316763355e-05	1.2576824362633003e-05	1.3911128600439403e-05	1.5266718413929907e-05	1.6644998440645345e-05	1.804759986456484e-05	1.9475642714205207e-05	2.0930483734169506e-05	2.241286610075294e-05	2.392376707999522e-05	2.5463437932711996e-05	2.7032347487394485e-05	2.8630115898267575e-05	3.0256550476204404e-05	3.191047816698456e-05	3.359087058628818e-05	3.529558168437273e-05	3.702255999293871e-05	3.876849997702707e-05	4.0530141023464546e-05	4.2302843390710164e-05	4.4081975316116295e-05	4.58614270253952e-05	4.7635089161947764e-05	4.939532052909083e-05	5.113452223247015e-05	5.2843575945038144e-05	5.451351783305623e-05	5.613396320528033e-05	5.7694881500089726e-05	5.918501931285341e-05	6.0593771750029016e-05	6.190960863017238e-05	6.312202842394569e-05	6.421998253770855e-05	6.519388717709683e-05	6.603403008083688e-05	6.673260567478128e-05	6.728208065870194e-05	6.76772122697179e-05	6.791334718651712e-05	6.798838458256068e-05	6.790098900647608e-05	6.76524700397419e-05	6.724490351343388e-05	6.668291580778614e-05	6.597172536408348e-05	6.511883727646509e-05	6.41320332661181e-05	6.302099593146442e-05	6.17952854718764e-05	6.046591917094622e-05	5.904337500427069e-05	5.7539150006348223e-05	5.596382533508979e-05	5.43286192219957e-05	5.264353808157404e-05	5.091892921695024e-05	4.916373166769563e-05	4.7387023970058494e-05	4.559637933676503e-05	4.3799396585845535e-05	4.200215826166294e-05	4.021072899183307e-05	3.8429712353659303e-05	3.666370000281069e-05	3.491592275730798e-05	3.318963497085623e-05	3.148685648344401e-05	2.9809678935779124e-05	2.8159097051511155e-05	2.6536226151963385e-05	2.494122307335336e-05	2.337440656250954e-05	2.183526964626709e-05	2.032349663485134e-05	1.8838069815456515e-05	1.737817840037574e-05	1.5942423014188406e-05	1.452961313872295e-05	1.313807307426739e-05	1.1766325336818055e-05	1.0412501692536047e-05	9.074910645910474e-06	7.751556864275843e-06	6.440591439104898e-06	5.139942609431159e-06	3.847647945341386e-06	2.5615988028841845e-06	1.279754013739713e-06	0.0	
0.0	1.2189450019378132e-06	2.4397697311056076e-06	3.6643773348227953e-06	4.894598289996014e-06	6.13233255114545e-06	7.37933364321892e-06	8.637468264239049e-06	9.9083807172704e-06	1.1193868195780424e-05	1.2495426163228494e-05	1.3814737055193639e-05	1.5153097670725995e-05	1.651201855610444e-05	1.789253495198856e-05	1.9295913709511573e-05	2.0722849873599145e-05	2.217427766508199e-05	2.365045541818933e-05	2.515187699738612e-05	2.6678248603218772e-05	2.822949704516035e-05	2.9804642949501285e-05	3.1402902647620855e-05	3.302246362248617e-05	3.4661677448274844e-05	3.631774492970742e-05	3.798799855088766e-05	3.966850665939039e-05	4.135544516659041e-05	4.304363215565317e-05	4.4727989897267015e-05	4.6402023100612156e-05	4.80593732570947e-05	4.969225489623048e-05	5.1293104250003756e-05	5.285298765564237e-05	5.4363344849429375e-05	5.581438139897583e-05	5.719690300348142e-05	5.850069912710957e-05	5.971645835926062e-05	6.083414347173618e-05	6.184496983155819e-05	6.273976405992326e-05	6.351097933163371e-05	6.415102275656836e-05	6.465427555262524e-05	6.501537074373647e-05	6.523118509084089e-05	6.529905074595448e-05	6.521869084032117e-05	6.499035681689554e-05	6.461669011500928e-05	6.410078934323274e-05	6.344799390214082e-05	6.26638985472284e-05	6.175606724551764e-05	6.073202320390524e-05	5.960090935270808e-05	5.837148691507406e-05	5.705376097046443e-05	5.565701952417191e-05	5.4191439091320144e-05	5.2666190364375834e-05	5.109103171508386e-05	4.947449938567621e-05	4.782548877537061e-05	4.615153900657605e-05	4.4460394927310274e-05	4.275838956729975e-05	4.10519750900345e-05	3.934620270933388e-05	3.764620857845359e-05	3.5955789041945555e-05	3.427882724202195e-05	3.26179615492522e-05	3.097593982167717e-05	2.9354379795985694e-05	2.775503978692047e-05	2.6178671132470825e-05	2.4626196160167107e-05	2.3097654055438715e-05	2.1593278830680802e-05	2.0112541000167258e-05	1.865511991684661e-05	1.7220044307255782e-05	1.580655465519378e-05	1.4413345983192588e-05	1.3039316993066787e-05	1.1682918529666011e-05	1.0342786995938785e-05	9.017201768105735e-06	7.704601052239304e-06	6.403151203341527e-06	5.111143738825346e-06	3.826679102265596e-06	2.5479440414409177e-06	1.2730118928206443e-06	0.0	
0.0	1.2135818805239763e-06	2.428902234898496e-06	3.6476620000605748e-06	4.871607691408067e-06	6.102372736681794e-06	7.341680279070512e-06	8.591063386517023e-06	9.852186087544584e-06	1.1126442938149227e-05	1.2415396350885755e-05	1.372025648297437e-05	1.504243245582817e-05	1.6382894028224058e-05	1.7742833883762924e-05	1.9122913094907218e-05	2.0524031311063194e-05	2.194645863503537e-05	2.3390710314794076e-05	2.4856568384182975e-05	2.6344057394682245e-05	2.7852360063108158e-05	2.9380890725306928e-05	3.092811032808635e-05	3.249269468417088e-05	3.4072255467642654e-05	3.566460100747643e-05	3.72663714750582e-05	3.8874390820724356e-05	4.04842259804821e-05	4.2091629488692685e-05	4.369103406783761e-05	4.52770861658965e-05	4.684308838137459e-05	4.838262426671178e-05	4.9887961214396874e-05	5.13517658398423e-05	5.2765478709930204e-05	5.4121117008893154e-05	5.540962945767454e-05	5.662277856062606e-05	5.775147924593838e-05	5.87877470745856e-05	5.972301814017683e-05	6.055014316007313e-05	6.126168031470258e-05	6.185190973502139e-05	6.23150870305418e-05	6.264745018435809e-05	6.284542123631662e-05	6.29075793974016e-05	6.283280261030425e-05	6.262218702703977e-05	6.227712843493989e-05	6.180117781012258e-05	6.119807289264623e-05	6.0473529838898194e-05	5.963324478370499e-05	5.8684629895187695e-05	5.763481107909818e-05	5.6492321010171136e-05	5.526512092006631e-05	5.39622629109746e-05	5.2591961251331054e-05	5.116323236103437e-05	4.9684035619331846e-05	4.816289356690247e-05	4.660711575512136e-05	4.502439573231777e-05	4.342112553393164e-05	4.1803961215837834e-05	4.017823116630979e-05	3.854945892974745e-05	3.6921865899121456e-05	3.5299838942057834e-05	3.368652699277898e-05	3.208524117887776e-05	3.0498144913483562e-05	2.8927575321863788e-05	2.737482713965699e-05	2.5841385787269696e-05	2.4327806299310684e-05	2.2834850045115113e-05	2.136246077318945e-05	1.9910798517022244e-05	1.8479315489024672e-05	1.7067682044140937e-05	1.5674965549103642e-05	1.4300444382013902e-05	1.2942893043686431e-05	1.1601281073329189e-05	1.0274167598858013e-05	8.96028279010444e-06	7.658034813843011e-06	6.365972072689877e-06	5.08240518595302e-06	3.805748815231327e-06	2.5342608742845715e-06	1.2662632531534837e-06	0.0	
0.0	1.2082610547139212e-06	2.4181022560757547e-06	3.631126216776183e-06	4.848858211053667e-06	6.0728902532426275e-06	7.304658856619432e-06	8.54570957684242e-06	9.797352661514657e-06	1.1061046429343485e-05	1.2337931637196778e-05	1.3629331603210915e-05	1.493616663328388e-05	1.6259568369497878e-05	1.7600176164997203e-05	1.895886277118558e-05	2.03359151515062e-05	2.1731868341672152e-05	2.314657387792085e-05	2.4580138509007593e-05	2.6031884215719885e-05	2.750138845774711e-05	2.8987340709206845e-05	3.048868111713975e-05	3.200335959019338e-05	3.3529570136973545e-05	3.506441980958362e-05	3.660525654709983e-05	3.814825662738463e-05	3.9689844465812794e-05	4.12252085251704e-05	4.274981202651441e-05	4.425784827041709e-05	4.574384132275728e-05	4.7201052083330566e-05	4.8623167358506826e-05	5.0002667404603886e-05	5.13326000373467e-05	5.260491846846173e-05	5.3812334009977695e-05	5.4946629724653715e-05	5.600058095147671e-05	5.6966245907954545e-05	5.7836938241113674e-05	5.86054910525116e-05	5.9266261004362855e-05	5.9813358512479826e-05	6.0242659949254814e-05	6.054999530906229e-05	6.0733144970535674e-05	6.078997794521339e-05	6.072041306681968e-05	6.0524506074515876e-05	6.0204361530035924e-05	5.9762174460290766e-05	5.920208728149381e-05	5.852819968926975e-05	5.774637235718633e-05	5.6862225180849064e-05	5.588289467369352e-05	5.481504406212715e-05	5.366658312246474e-05	5.24447135303696e-05	5.115761845678925e-05	4.981256357276592e-05	4.8417560011060345e-05	4.6979536738734376e-05	4.5505975838238414e-05	4.400316692447997e-05	4.247780933058491e-05	4.0935354901260615e-05	3.9381568384331796e-05	3.782096182757845e-05	3.6258302581632036e-05	3.469714075329691e-05	3.3141253629864195e-05	3.1593266979525815e-05	3.005602510267562e-05	2.853130686512599e-05	2.702111159781298e-05	2.5526471245278476e-05	2.4048643643641868e-05	2.258802278257561e-05	2.1145232354841234e-05	1.9720136678937883e-05	1.83128286894547e-05	1.6922744452085154e-05	1.554954088754986e-05	1.4192316998558576e-05	1.285037757886514e-05	1.1522564271707812e-05	1.0207902327351176e-05	8.905044453952465e-06	7.612798382292116e-06	6.329686189144537e-06	5.054351039374448e-06	3.7852342936131413e-06	2.520860354201862e-06	1.2596334427817205e-06	0.0	
0.0	1.2030859915163615e-06	2.4076377335816287e-06	3.615081446434834e-06	4.8268875196554015e-06	6.044407401815678e-06	7.269079685514414e-06	8.502143568815989e-06	9.744965997094903e-06	1.0998632358734866e-05	1.2264392889317912e-05	1.3543131789411011e-05	1.4835930661158642e-05	1.6143417786891303e-05	1.74664459803913e-05	1.8805324357371007e-05	2.016060766565751e-05	2.1532213532664014e-05	2.2920320116285426e-05	2.4324372553341427e-05	2.5744085672754985e-05	2.7178344214118353e-05	2.8626307388562514e-05	3.0086208400670713e-05	3.155655783780142e-05	3.303484910352464e-05	3.451885794237124e-05	3.6005261534540774e-05	3.7491031854363044e-05	3.8971977286395097e-05	4.044422784507483e-05	4.190270908663269e-05	4.3342717287713796e-05	4.4758335914084194e-05	4.614409841279511e-05	4.7493357285631217e-05	4.8800030924865526e-05	5.00569341794036e-05	5.125760346242036e-05	5.2394595472139114e-05	5.346138161429017e-05	5.4450618379669216e-05	5.5356098254735704e-05	5.617099164185186e-05	5.6889837536254804e-05	5.750675362063812e-05	5.8017447007520406e-05	5.841738724792861e-05	5.870381635691502e-05	5.887387981580607e-05	5.892661657832385e-05	5.886104608503808e-05	5.867812299600281e-05	5.8378783386546593e-05	5.796585479183889e-05	5.7442070995114135e-05	5.681193422658399e-05	5.6079713779696864e-05	5.525126237234713e-05	5.433201786032534e-05	5.332877872292786e-05	5.224772960771076e-05	5.1096181257183484e-05	4.9880639523172e-05	4.8608513174100984e-05	4.728624302379031e-05	4.5920977819129615e-05	4.451877621910178e-05	4.308624736071442e-05	4.1628834540872106e-05	4.0152413912670175e-05	3.866166552429136e-05	3.716162138548795e-05	3.56561273033538e-05	3.414933041223604e-05	3.2644234009737146e-05	3.114411444332473e-05	2.9651170695420842e-05	2.8167861019227003e-05	2.6695649081512254e-05	2.5236251666795246e-05	2.3790483505937152e-05	2.2359408490126443e-05	2.094328569591646e-05	1.9542617703585246e-05	1.8157200647700843e-05	1.6787064320545662e-05	1.5431629265969513e-05	1.4090534323417687e-05	1.2762903821141116e-05	1.144805907190373e-05	1.0144898617063115e-05	8.852490933776517e-06	7.569570455850585e-06	6.295009415638882e-06	5.027432047447804e-06	3.7655640881155736e-06	2.5079671797249823e-06	1.2532651110490878e-06	0.0	
0.0	1.1981790280746359e-06	2.3976921233803037e-06	3.599895293138012e-06	4.806063883814025e-06	6.0175385194643156e-06	7.2354979217854655e-06	8.46122781378003e-06	9.695769638262912e-06	1.0940310921353842e-05	1.2195710898331848e-05	1.3463010386061744e-05	1.474283587828372e-05	1.6036026570539375e-05	1.734291907288931e-05	1.866408888167407e-05	1.99995184903828e-05	2.134945032884022e-05	2.2713441748524883e-05	2.4091326271249625e-05	2.548215969856855e-05	2.6885286444934122e-05	2.8299181880476007e-05	2.972262057402447e-05	3.115342091856207e-05	3.2589712263740795e-05	3.40285888624802e-05	3.546747308550346e-05	3.690268669718648e-05	3.833090752778588e-05	3.97476669205258e-05	4.114889725211383e-05	4.252936492575872e-05	4.388430579426906e-05	4.520780310565177e-05	4.649450699474982e-05	4.77379661256107e-05	4.8932425812838696e-05	5.007112062821453e-05	5.114814334301616e-05	5.2156703515579485e-05	5.309105646384403e-05	5.394473010248273e-05	5.471249997167734e-05	5.538858388377292e-05	5.596864629720872e-05	5.644795838533214e-05	5.6823413505133354e-05	5.7091649834093924e-05	5.7251058964255704e-05	5.729986972304144e-05	5.7238134256528864e-05	5.706577502000336e-05	5.678453677424771e-05	5.639600339279595e-05	5.5903509128430357e-05	5.5310136802328564e-05	5.46205863743484e-05	5.38391701241164e-05	5.29716399436547e-05	5.202319743884411e-05	5.100028284808192e-05	4.990861825866571e-05	4.875496060335866e-05	4.754519463243524e-05	4.62860505074869e-05	4.498326041856612e-05	4.364323860046006e-05	4.2271312287255465e-05	4.0873359242559745e-05	3.945412074837863e-05	3.801878950400017e-05	3.657140996321461e-05	3.511640799357647e-05	3.365708225883801e-05	3.219706638120356e-05	3.0738914165765184e-05	2.928548505330594e-05	2.7838625636189286e-05	2.6400469734567247e-05	2.4972218657840726e-05	2.3555348083194403e-05	2.2150489690490085e-05	2.0758538003435266e-05	1.937963623019325e-05	1.8014177227970656e-05	1.6661896528376462e-05	1.5322762537063034e-05	1.3996179766816192e-05	1.2681764253838311e-05	1.1378659949060852e-05	1.0086196115711098e-05	8.803319646429399e-06	7.529131911316778e-06	6.262439491228504e-06	5.00216858626182e-06	3.7470363036049822e-06	2.495841329066916e-06	1.2472574998850054e-06	0.0	
0.0	1.1936200110489544e-06	2.3884871809824495e-06	3.585807743149594e-06	4.786831386841639e-06	5.99268478590775e-06	7.204580547843354e-06	8.423525474346277e-06	9.650652856972436e-06	1.0886806280594506e-05	1.2132993588067018e-05	1.3389847591076037e-05	1.465819960429202e-05	1.5938419008915315e-05	1.7231103881688446e-05	1.853630197408746e-05	1.9854315647677663e-05	2.1184807497328734e-05	2.252771656646008e-05	2.3882252565965374e-05	2.524792019299759e-05	2.6623406683895658e-05	2.8007711002998127e-05	2.9398930312777964e-05	3.0795490825309127e-05	3.219483965302087e-05	3.359477419299623e-05	3.499204668760503e-05	3.638378907806208e-05	3.776603837199623e-05	3.913525385865194e-05	4.048677193027123e-05	4.1816412264129784e-05	4.311887092884367e-05	4.438941145756467e-05	4.562220473879733e-05	4.6812099697160465e-05	4.795291751290539e-05	4.903929482888452e-05	5.006493825752731e-05	5.102453071518007e-05	5.1911950114907484e-05	5.2722226844488914e-05	5.344972835553299e-05	5.4090153388371956e-05	5.463868236348234e-05	5.5091992273561825e-05	5.5446371927959795e-05	5.569974101076071e-05	5.584972976905558e-05	5.589568689139609e-05	5.583672530820144e-05	5.567370621837621e-05	5.540725601130519e-05	5.5039717481392006e-05	5.457314682851981e-05	5.401122706298611e-05	5.3357257738028454e-05	5.261602890408194e-05	5.179181888525876e-05	5.089022923455687e-05	4.991620700674733e-05	4.887584172142903e-05	4.7774428148553226e-05	4.661822544592585e-05	4.541257477615659e-05	4.4163618995514734e-05	4.2876486993900326e-05	4.155697013864763e-05	4.0209782630486955e-05	3.8840188859797214e-05	3.7452346740763916e-05	3.6050878566138035e-05	3.463930247127046e-05	3.3221538431685494e-05	3.1800431788594666e-05	3.037918571534111e-05	2.8959980043630958e-05	2.754532172201419e-05	2.6136761884114617e-05	2.4736156384579604e-05	2.3344483996576174e-05	2.19630098904317e-05	2.0592207904804377e-05	1.9232820710587775e-05	1.7884889169517326e-05	1.6548703817092265e-05	1.5223944341257101e-05	1.3910517873392777e-05	1.260781155624212e-05	1.1315413928333737e-05	1.0032483395029583e-05	8.75834972393941e-06	7.492000990446903e-06	6.232562874957931e-06	4.9789063364094235e-06	3.730003026350978e-06	2.4846555651613934e-06	1.2417279734787867e-06	0.0	
0.0	1.1895083267674607e-06	2.3801592537229435e-06	3.573117073074528e-06	4.769463146642858e-06	5.970343466604762e-06	7.1767377858039406e-06	8.389732108674255e-06	9.610162172944847e-06	1.0839009463534796e-05	1.2076920196018624e-05	1.3324723008673042e-05	1.4582825173998464e-05	1.5851849726781872e-05	1.7131911236325026e-05	1.8423369782238903e-05	1.9725989264102078e-05	2.1039805352865044e-05	2.2364170003080967e-05	2.3698730295389987e-05	2.5042363552331965e-05	2.6394263849976676e-05	2.7752772917042368e-05	2.911657102450242e-05	3.0483409651517528e-05	3.1851403437574056e-05	3.321767139045291e-05	3.4579726560473646e-05	3.593403328342235e-05	3.72774911384803e-05	3.860591627385823e-05	3.9915615940930895e-05	4.120180223147167e-05	4.246025292663151e-05	4.36856658654292e-05	4.487340090176697e-05	4.60177825313185e-05	4.7113916349336655e-05	4.8155946459873435e-05	4.9138937996393044e-05	5.0057094306087054e-05	5.0905694987223534e-05	5.167927610549348e-05	5.237361111283802e-05	5.298385577021965e-05	5.3506557650352936e-05	5.393776644471029e-05	5.4275056948544924e-05	5.451560541337613e-05	5.46582112905144e-05	5.470134147082123e-05	5.4645137706575095e-05	5.4489432887948726e-05	5.423573374294685e-05	5.388521635209232e-05	5.344067692932545e-05	5.290451696417407e-05	5.228065795395519e-05	5.1572529227299733e-05	5.078494482102321e-05	4.992210866734319e-05	4.898945300463825e-05	4.7991675973548195e-05	4.693454094945509e-05	4.582296077389856e-05	4.46627564150399e-05	4.345880038409875e-05	4.221673156231381e-05	4.094116824887883e-05	3.9637374271631225e-05	3.830954999127349e-05	3.696244329609832e-05	3.559972504343082e-05	3.4225537449409404e-05	3.284295903559734e-05	3.1455482345877855e-05	3.0065572508815086e-05	2.8676066117636642e-05	2.7288826953807393e-05	2.5906058159939625e-05	2.45290583905027e-05	2.315943997457759e-05	2.1797988651951696e-05	2.044578115207576e-05	1.910315163998251e-05	1.777070294070113e-05	1.6448382787208922e-05	1.5136383733895576e-05	1.38343322224447e-05	1.2542073016481e-05	1.125897395763678e-05	9.984591498343376e-06	8.718093802435891e-06	7.458804649361896e-06	6.205747244916079e-06	4.958064420745955e-06	3.7146851700204944e-06	2.4746196772300534e-06	1.2367501914934069e-06	0.0	
0.0	1.1859005223604048e-06	2.3728843725011193e-06	3.561993024113803e-06	4.754311115937514e-06	5.9507975735248795e-06	7.152496845199911e-06	8.360243375435285e-06	9.574997919590278e-06	1.0797426292254035e-05	1.2028359169891254e-05	1.3268246607972272e-05	1.4517739323608712e-05	1.5777021072352835e-05	1.7046509030000807e-05	1.8326066748271624e-05	1.9615820934800723e-05	2.09152583706874e-05	2.222415612734438e-05	2.3541566529611178e-05	2.4866857650360008e-05	2.619859113613125e-05	2.753566968011653e-05	2.88761132787777e-05	3.0218310283621348e-05	3.15596983982262e-05	3.2898115814863676e-05	3.423039394443208e-05	3.555380500119658e-05	3.6864574015586695e-05	3.815941896501855e-05	3.943398996620679e-05	4.068449757466034e-05	4.190608709709553e-05	4.309454991104357e-05	4.424464050050775e-05	4.535186452138205e-05	4.641074540880026e-05	4.741668143421534e-05	4.8364167601238104e-05	4.924871219774682e-05	5.0065018331504394e-05	5.080894867572208e-05	5.147566964703328e-05	5.206165147246983e-05	5.2562777007328544e-05	5.297636325720482e-05	5.329923650297406e-05	5.3529761290949465e-05	5.366588411214188e-05	5.370715677783913e-05	5.365275243532048e-05	5.350347210250392e-05	5.3259739097246295e-05	5.2923580003487344e-05	5.2496606238437984e-05	5.198196338530427e-05	5.138231110602121e-05	5.070173708607878e-05	4.994374834148998e-05	4.9113147571690465e-05	4.821404979850601e-05	4.725171951837644e-05	4.623062647558057e-05	4.515624168991224e-05	4.403314515745957e-05	4.28667778398187e-05	4.166161250095297e-05	4.042285741008445e-05	3.915469970431002e-05	3.7861955206291176e-05	3.65483919463883e-05	3.521831937878884e-05	3.38749982041646e-05	3.252216152700164e-05	3.116251598172955e-05	2.979918704999682e-05	2.8434315710404914e-05	2.7070420191402787e-05	2.5709091878432787e-05	2.435226613733612e-05	2.3001020937214262e-05	2.1656749948701688e-05	2.032006718867406e-05	1.8991876292251234e-05	1.7672384382559225e-05	1.6362062167077174e-05	1.5060770127714562e-05	1.376860485366323e-05	1.2485140499824557e-05	1.1210157510745562e-05	9.943002091421782e-06	8.683194185690603e-06	7.4299074373842976e-06	6.182453957074659e-06	4.9398869260017594e-06	3.70136031842408e-06	2.4658559223811093e-06	1.2324167847890914e-06	0.0	
0.0	1.1828733391556403e-06	2.366752698588289e-06	3.552665700561918e-06	4.741555585480129e-06	5.934430025891318e-06	7.132127702000017e-06	8.335593458704405e-06	9.545518126944438e-06	1.076273868699533e-05	1.1987752586048011e-05	1.3221241135877089e-05	1.4463460165532229e-05	1.5714884485629248e-05	1.6975477330892348e-05	1.8245453373539353e-05	1.9524430056175456e-05	2.081230633874709e-05	2.2108299698395115e-05	2.3411937550616796e-05	2.4721984395034057e-05	2.60375426579568e-05	2.7356875179804807e-05	2.867861206987778e-05	3.0000474439376285e-05	3.1320583713496346e-05	3.263609317623685e-05	3.39445960079852e-05	3.524267177123613e-05	3.652738917589455e-05	3.779477503116609e-05	3.904140731662145e-05	4.026281428039666e-05	4.145515274142582e-05	4.261354486051511e-05	4.373383566475484e-05	4.481087451731574e-05	4.584034462637523e-05	4.681699540675326e-05	4.773653526598363e-05	4.859381997755118e-05	4.938479846227862e-05	5.010466115581244e-05	5.074982704190691e-05	5.1316055043298486e-05	5.1800459483817245e-05	5.219958703452847e-05	5.2511447344980516e-05	5.273355826273775e-05	5.286497875645906e-05	5.290432610128888e-05	5.285179943867414e-05	5.270717430934446e-05	5.247180708935685e-05	5.214661439992807e-05	5.173405089498594e-05	5.123608329737266e-05	5.065613617627564e-05	4.999707223845449e-05	4.9263102438727984e-05	4.845778536178133e-05	4.758589899869508e-05	4.665147242216172e-05	4.5659616763631965e-05	4.461460193328978e-05	4.3521643850306504e-05	4.2385037864725564e-05	4.1209898354770786e-05	4.000035903203168e-05	3.876125989736009e-05	3.749642302255416e-05	3.62102807974263e-05	3.49062342982413e-05	3.358821593987136e-05	3.225913629989046e-05	3.0922373802700585e-05	2.9580314921727596e-05	2.82357633820916e-05	2.6890577999326815e-05	2.5546994054844267e-05	2.4206362594755516e-05	2.2870377040794998e-05	2.1539917496990476e-05	2.0216176233362062e-05	1.889961036212357e-05	1.7590960504782914e-05	1.6290315045555583e-05	1.4998017011019412e-05	1.3713842944479658e-05	1.2437793753560855e-05	1.116939104894826e-05	9.908348426037556e-06	8.653987861324743e-06	7.405788577430598e-06	6.1629257864291595e-06	4.924694938780021e-06	3.6901747471361155e-06	2.4585252389609645e-06	1.2287765920833635e-06	0.0	
0.0	1.1804605140775892e-06	2.3618953148517013e-06	3.5452362723401725e-06	4.731458344477966e-06	5.921409148545793e-06	7.116021787480577e-06	8.316016851677968e-06	9.522241484948498e-06	1.0735244814963142e-05	1.1955741724780103e-05	1.3184063289943783e-05	1.4420743305260669e-05	1.5665845911554244e-05	1.6919672552559324e-05	1.8181969606018238e-05	1.9452753117070513e-05	2.0731399906651473e-05	2.2017587147901346e-05	2.331027110603641e-05	2.4608738390536803e-05	2.5911477175027247e-05	2.721733676013987e-05	2.852429681072495e-05	2.9830731681659404e-05	3.11340838625812e-05	3.243222931818676e-05	3.372206190426257e-05	3.500095570874081e-05	3.6265267641662135e-05	3.751189237670037e-05	3.873669055938667e-05	3.993613138149447e-05	4.110565383727049e-05	4.224139116596838e-05	4.333847227510462e-05	4.439282123919124e-05	4.5399405401315874e-05	4.635410184720215e-05	4.725189784887597e-05	4.808881483584614e-05	4.8860065883406915e-05	4.9562026338757914e-05	5.0190352171155775e-05	5.074198529404761e-05	5.121323600962989e-05	5.160181042471579e-05	5.1904860148269406e-05	5.2121019209498566e-05	5.224842473733482e-05	5.2286751529311554e-05	5.223520866106617e-05	5.20945612530389e-05	5.1865109678038237e-05	5.1548689911523935e-05	5.114664394826914e-05	5.066179208059269e-05	5.0096404958328206e-05	4.945414287494929e-05	4.873804128809219e-05	4.795241342819046e-05	4.7100861821595946e-05	4.6188141122211314e-05	4.5218208174982196e-05	4.4196041912349556e-05	4.3125743837774285e-05	4.2012311259308614e-05	4.085979894165695e-05	3.967304107872316e-05	3.84558834847319e-05	3.721284876101073e-05	3.5947446985820935e-05	3.4663777697387686e-05	3.336492576015651e-05	3.20544931922921e-05	3.0735085826414304e-05	2.9409767712577655e-05	2.8080643382656297e-05	2.675022755829845e-05	2.542012724972042e-05	2.4092319752391166e-05	2.2767938414082302e-05	2.1448452354901203e-05	2.0134559461576042e-05	1.8827261850406183e-05	1.7526869438207754e-05	1.6233965831265915e-05	1.494852563166078e-05	1.367076613388149e-05	1.2400381319992343e-05	1.1137275448708906e-05	9.880916452269523e-06	8.630948191514004e-06	7.386665681021497e-06	6.14750344799811e-06	4.912634677400848e-06	3.6813337481790533e-06	2.4527010086634264e-06	1.2258981703172608e-06	0.0	
0.0	1.1787165168780022e-06	2.358357241902465e-06	3.5398679661413446e-06	4.724109295974148e-06	5.912006256771984e-06	7.104313367594265e-06	8.301891438970005e-06	9.505345229365108e-06	1.07154261423905e-05	1.1932543774790484e-05	1.3157292783573525e-05	1.4389840229820535e-05	1.5630574489491207e-05	1.6879370916939607e-05	1.8136360318966603e-05	1.9401076106296998e-05	2.0673339541402248e-05	2.1952292212336362e-05	2.32373949996618e-05	2.4527350387054783e-05	2.582121186383693e-05	2.711720126538255e-05	2.841392511910291e-05	2.9709092859960027e-05	3.1000836412338134e-05	3.228633571572481e-05	3.3563237574317976e-05	3.482819540815303e-05	3.6078383048367435e-05	3.730995594531728e-05	3.85196550876955e-05	3.97031969973944e-05	4.0856962258448246e-05	4.1976321467163116e-05	4.305740194565499e-05	4.4095356382466544e-05	4.5086200185931845e-05	4.602502887793552e-05	4.690791727722191e-05	4.773009088718494e-05	4.848787681036781e-05	4.9176833547827974e-05	4.9793742406486685e-05	5.033469949088494e-05	5.079713557238297e-05	5.117787379691365e-05	5.147516571783741e-05	5.1686718514112716e-05	5.181173525516424e-05	5.18489162777785e-05	5.179849274723807e-05	5.166020820848886e-05	5.1435335999587567e-05	5.112464868016354e-05	5.07304115987946e-05	5.025434963172819e-05	4.969961090893537e-05	4.906874177230969e-05	4.8365616048024925e-05	4.759343011392622e-05	4.6756593975271065e-05	4.585875868237924e-05	4.490466575309356e-05	4.389821889961771e-05	4.2844288099098457e-05	4.174683678129469e-05	4.0610676227013614e-05	3.943965821441762e-05	3.8238374616502894e-05	3.701042420116538e-05	3.57600514916397e-05	3.449049513701691e-05	3.320555944114687e-05	3.190805058800153e-05	3.060127382500137e-05	2.9287562904272845e-05	2.796969575844824e-05	2.66495218151585e-05	2.532928911440785e-05	2.4010373643143093e-05	2.2694511171865764e-05	2.138263239215695e-05	2.0075993242092424e-05	1.877511935973237e-05	1.748082926764646e-05	1.6193291431421078e-05	1.4912935336044784e-05	1.3639624221976139e-05	1.2373449773966953e-05	1.111402337114472e-05	9.861150796900465e-06	8.614244567424742e-06	7.372875744028278e-06	6.13630958889766e-06	4.9039322103932904e-06	3.6749114338449074e-06	2.4484966325314988e-06	1.2238062972485516e-06	0.0	
0.0	1.177652748229716e-06	2.356225341636277e-06	3.5365949443893485e-06	4.7196818050955934e-06	5.906278069291155e-06	7.097261420561343e-06	8.293295862321235e-06	9.495172180624165e-06	1.0703381730854524e-05	1.1918582216151104e-05	1.3141046098409014e-05	1.4371249769658323e-05	1.560919881487404e-05	1.685513827690518e-05	1.810875763086652e-05	1.9370019509370247e-05	2.0638247902569544e-05	2.1913072419601462e-05	2.3193403898636426e-05	2.4478491027640916e-05	2.576678822293274e-05	2.7057121205315534e-05	2.8347452663196767e-05	2.9636153157125754e-05	3.09206706940325e-05	3.219890308196676e-05	3.3467778064675754e-05	3.472472292687532e-05	3.596616222426175e-05	3.718907999995616e-05	3.8389442342735074e-05	3.956384697114427e-05	4.070787781821822e-05	4.181783593854028e-05	4.288903302796378e-05	4.391759660637126e-05	4.489870884906495e-05	4.582847783291966e-05	4.670212734429191e-05	4.751592473990875e-05	4.826532662012385e-05	4.894695269041614e-05	4.9556691509066566e-05	5.009170881647748e-05	5.054851716240764e-05	5.0925006674625795e-05	5.121848240138126e-05	5.142770555037938e-05	5.155090293960434e-05	5.158780739764423e-05	5.1537644790043235e-05	5.140116346489095e-05	5.117860578668388e-05	5.087171805871735e-05	5.048171512974807e-05	5.0011263873711584e-05	4.946245096648772e-05	4.8838734483947684e-05	4.814292612351174e-05	4.73791065712228e-05	4.655063408749691e-05	4.566201986689464e-05	4.4716974951839005e-05	4.372024185468583e-05	4.267569125267284e-05	4.158810575315165e-05	4.0461336889902406e-05	3.930003624759499e-05	3.8107882100076325e-05	3.6889252348783585e-05	3.564752889366797e-05	3.438670614281463e-05	3.310978002854383e-05	3.1820285327627265e-05	3.052077522010324e-05	2.921428038328636e-05	2.790288417777052e-05	2.6589096457015138e-05	2.5274528849705705e-05	2.3961176436970435e-05	2.2650197150138535e-05	2.1343094865516476e-05	2.0040606605417598e-05	1.8743781134420652e-05	1.74529773913483e-05	1.6168833291996933e-05	1.4891378588464117e-05	1.3620889250556019e-05	1.2357117714179547e-05	1.1100028896354162e-05	9.84915053445457e-06	8.604187567287251e-06	7.364494969293177e-06	6.129567890057197e-06	4.8986390469120685e-06	3.671042651096232e-06	2.445938038248644e-06	1.2225460185647342e-06	0.0	
0.0	5.886508465075094e-07	1.1777501761876886e-06	1.7677572634121073e-06	2.3590886620774613e-06	2.9521931421958884e-06	3.547433979765139e-06	4.145227632514308e-06	4.745862209894365e-06	5.34969924763389e-06	5.956929022550228e-06	6.567834568098454e-06	7.182484796867219e-06	7.801059700644217e-06	8.423482553715052e-06	9.049805062963486e-06	9.679780246850805e-06	1.0313306144503156e-05	1.0949941296460333e-05	1.1589405485358346e-05	1.2231040080659224e-05	1.2874364163105533e-05	1.3518482328540258e-05	1.4162694435305206e-05	1.4805853779223962e-05	1.5447028584078673e-05	1.6084813743082687e-05	1.6718042028979606e-05	1.7345052824495738e-05	1.7964450838018745e-05	1.857433539156958e-05	1.917310416694524e-05	1.975864666089127e-05	2.0329190135377418e-05	2.0882460769164245e-05	2.1416568535336678e-05	2.1929139373874793e-05	2.2418235178312467e-05	2.288146000400928e-05	2.3316910746251796e-05	2.3722260028040408e-05	2.4095732552327587e-05	2.443516695018266e-05	2.473901226952018e-05	2.500537079432055e-05	2.5233008778999863e-05	2.542038215635216e-05	2.556665551762614e-05	2.5670712773706095e-05	2.5732178560352766e-05	2.575041632439586e-05	2.5725546795932034e-05	2.5657436605008923e-05	2.554670914651541e-05	2.5393727606113596e-05	2.519959434140016e-05	2.496513298585756e-05	2.4691873250986907e-05	2.4381037453206256e-05	2.4034508283197284e-05	2.3653825555299888e-05	2.3241134905370003e-05	2.2798200733996968e-05	2.2327333948759553e-05	2.1830426956020905e-05	2.1309858478111693e-05	2.0767556087928675e-05	2.0205875868934726e-05	1.9626697459307503e-05	1.9032275967111115e-05	1.8424373884198438e-05	1.780508230528927e-05	1.7175993465609363e-05	1.6538988009785513e-05	1.5895451359553533e-05	1.5247023580689444e-05	1.4594862330487032e-05	1.3940351797128714e-05	1.3284414619660245e-05	1.2628176421772063e-05	1.1972328830519387e-05	1.1317746278684093e-05	1.0664902052860332e-05	1.0014434271567741e-05	9.366616745059979e-06	8.721871325092152e-06	8.080295235460903e-06	7.4421173113524395e-06	6.80728334264026e-06	6.1758540581989575e-06	5.547649899858542e-06	4.922588947149871e-06	4.300392399973539e-06	3.680860973671086e-06	3.063642208480132e-06	2.448444188881995e-06	1.8348656163967689e-06	1.2225460185647342e-06	6.110593191482176e-07	0.0	
