0.0	0.0	0.0	0.0	0.0	0.0	0.0	0.0	0.0	0.0	0.0	0.0	0.0	0.0	0.0	0.0	0.0	0.0	0.0	0.0	0.0	0.0	0.0	0.0	0.0	0.0	0.0	0.0	0.0	0.0	0.0	0.0	0.0	0.0	0.0	0.0	0.0	0.0	0.0	0.0	0.0	0.0	0.0	0.0	0.0	0.0	0.0	0.0	0.0	0.0	0.0	0.0	0.0	0.0	0.0	0.0	0.0	0.0	0.0	0.0	0.0	0.0	0.0	0.0	0.0	0.0	0.0	0.0	0.0	0.0	0.0	0.0	0.0	0.0	0.0	0.0	0.0	0.0	0.0	0.0	0.0	0.0	0.0	0.0	0.0	0.0	0.0	0.0	0.0	0.0	0.0	0.0	0.0	0.0	0.0	0.0	0.0	0.0	0.0	0.0	
-5.675774702859737e-07	-1.1355446099734375e-06	-1.1366925223497795e-06	-1.1385996286370502e-06	-1.1412246840533139e-06	-1.1445482268595771e-06	-1.1485085991563204e-06	-1.153065423272328e-06	-1.1581361641863086e-06	-1.1636588752218476e-06	-1.169529591004252e-06	-1.1756641302024474e-06	-1.1819366180779161e-06	-1.1882401515530994e-06	-1.1944267597249562e-06	-1.2003667548246034e-06	-1.2058904465270205e-06	-1.2108460199694585e-06	-1.2150433235048917e-06	-1.218310129617158e-06	-1.2204383133141973e-06	-1.2212383604309895e-06	-1.2204882417451226e-06	-1.2179860320518191e-06	-1.2135017594578997e-06	-1.206827983816121e-06	-1.1977348578525447e-06	-1.1860184817821839e-06	-1.1714593505122202e-06	-1.1538682511190837e-06	-1.1330481885039184e-06	-1.108837525822685e-06	-1.0810753838870585e-06	-1.0496416482640112e-06	-1.0144257348935337e-06	-9.753630135808007e-07	-9.324067386849662e-07	-8.855603842902163e-07	-8.34852473439423e-07	-7.803643052141178e-07	-7.222073985802002e-07	-6.605461340430087e-07	-5.95577573995321e-07	-5.275486522012232e-07	-4.567382464611521e-07	-3.8346872555209836e-07	-3.080903218535335e-07	-2.309870689236226e-07	-1.5256372497582615e-07	-7.324637133328477e-08	6.527666660704383e-09	8.631408180119498e-08	1.6566807466719766e-07	2.4415285888583046e-07	3.213419092279968e-07	3.968310500352399e-07	4.702358520667015e-07	5.412067042395373e-07	6.09420888471218e-07	6.746001803355255e-07	7.364973393265628e-07	7.949159797759722e-07	8.496914509151859e-07	9.007129227199888e-07	9.478988535584139e-07	9.91221407556732e-07	1.0306768838236788e-06	1.066312695979383e-06	1.0981932473344642e-06	1.1264297491922622e-06	1.151142068569199e-06	1.17249164464333e-06	1.1906398202894965e-06	1.205784050859867e-06	1.2181131760873212e-06	1.227847021984246e-06	1.2351889953667818e-06	1.240369077080914e-06	1.2435940446970118e-06	1.2450937584637943e-06	1.245069250791195e-06	1.243742124776872e-06	1.241300698603367e-06	1.2379522744231177e-06	1.233867493684322e-06	1.2292351917674723e-06	1.224205105129819e-06	1.218945001937814e-06	1.2135818805239772e-06	1.208261054713922e-06	1.2030859915163632e-06	1.1981790280746367e-06	1.1936200110489557e-06	1.1895083267674632e-06	1.1859005223604065e-06	1.182873339155642e-06	1.1804605140775917e-06	1.1787165168780043e-06	1.1776527482297182e-06	5.886508465075106e-07	
-1.1355446099734375e-06	-2.2718588470073443e-06	-2.274189802376109e-06	-2.278019826101359e-06	-2.283330536428263e-06	-2.290019199997919e-06	-2.2980261755590947e-06	-2.3072074823552223e-06	-2.31746100391731e-06	-2.3286004216211222e-06	-2.34047973774011e-06	-2.3528691619897904e-06	-2.365577546871954e-06	-2.378330834886118e-06	-2.3908920355913123e-06	-2.402942858700086e-06	-2.4142008991384277e-06	-2.424305093694797e-06	-2.432929814030515e-06	-2.439674787526872e-06	-2.4441758233120515e-06	-2.4459998253170017e-06	-2.44475188594456e-06	-2.439975983614288e-06	-2.4312581646898323e-06	-2.4181334510081443e-06	-2.4001847853499488e-06	-2.3769565698733864e-06	-2.3480489683552956e-06	-2.313038351036434e-06	-2.2715664278267404e-06	-2.223267692489163e-06	-2.1678527129752234e-06	-2.1050424614423222e-06	-2.0346449295896194e-06	-1.9564960254158704e-06	-1.8705285429365098e-06	-1.7767191370733138e-06	-1.6751485972444879e-06	-1.565954319411441e-06	-1.4493808524249205e-06	-1.3257373090693741e-06	-1.1954373046142914e-06	-1.0589609097710328e-06	-9.168833934146013e-07	-7.698416160804419e-07	-6.185514029619186e-07	-4.637786696106821e-07	-3.063457327749964e-07	-1.4710788145494641e-07	1.3050598695929548e-08	1.7323333313064212e-07	3.325449787148688e-07	4.901003144242448e-07	6.450451739989458e-07	7.965564028639246e-07	9.438692915791978e-07	1.0862672728146754e-06	1.2231147641141444e-06	1.3538358446227688e-06	1.4779517784364933e-06	1.595048378741545e-06	1.7048179046327776e-06	1.8070153015313143e-06	1.9015045575649937e-06	1.9882044229587126e-06	2.067139608004728e-06	2.1383768762657897e-06	2.202081627505899e-06	2.2584454096847932e-06	2.307748453349492e-06	2.350279666304298e-06	2.38640559395942e-06	2.4164838801309526e-06	2.440938958736267e-06	2.46016982509748e-06	2.4746325592460453e-06	2.4847430931692173e-06	2.490966460070266e-06	2.4937150942968108e-06	2.4934445189042276e-06	2.490547595272022e-06	2.4854562165634766e-06	2.4785318412770618e-06	2.470172656374212e-06	2.460700682999147e-06	2.450473807138452e-06	2.4397697311056076e-06	2.4289022348984995e-06	2.418102256075758e-06	2.4076377335816304e-06	2.397692123380307e-06	2.388487180982453e-06	2.380159253722947e-06	2.3728843725011236e-06	2.366752698588293e-06	2.3618953148517055e-06	2.3583572419024687e-06	2.356225341636282e-06	1.1777501761876911e-06	
-1.7042699926357532e-06	-3.4097344123495464e-06	-3.413254511953097e-06	-3.4191031924056557e-06	-3.4271569724829767e-06	-3.4373576425030594e-06	-3.4495205592720817e-06	-3.463524787571362e-06	-3.4791230031010044e-06	-3.4961294299720976e-06	-3.5142322169923467e-06	-3.533178535260006e-06	-3.5525903241662782e-06	-3.5721459666758384e-06	-3.591400330627511e-06	-3.6099624957583183e-06	-3.6273210403436837e-06	-3.6430173493113547e-06	-3.65647711068611e-06	-3.667178781498114e-06	-3.6744922549174097e-06	-3.677842090618636e-06	-3.676554281365655e-06	-3.670013855293808e-06	-3.657520597754876e-06	-3.6384405918947905e-06	-3.6120716256672083e-06	-3.5777881429435306e-06	-3.5349168779343383e-06	-3.482874536040561e-06	-3.421053947341108e-06	-3.3489535887558603e-06	-3.266074246218825e-06	-3.172039246630525e-06	-3.0665012930641345e-06	-2.9492520335359836e-06	-2.8201384314825755e-06	-2.6791601127535737e-06	-2.526394415541293e-06	-2.362079891561237e-06	-2.1865491106341556e-06	-2.0002968075297337e-06	-1.8039196488787881e-06	-1.5981678518465516e-06	-1.3838914748623513e-06	-1.1620748846818431e-06	-9.337896783492811e-07	-7.002120841419999e-07	-4.6258327645310707e-07	-2.2221055532270137e-07	1.956354824702287e-08	2.6137479877050014e-07	5.018574867145828e-07	7.396706976842067e-07	9.73505804833773e-07	1.2021233835040902e-06	1.4243460257008686e-06	1.639104002882101e-06	1.845411910327604e-06	2.042421657152694e-06	2.2293821188412434e-06	2.4056986695362352e-06	2.5708757798819076e-06	2.7245829611387225e-06	2.866580953991534e-06	2.9967945002603574e-06	3.1152233182133205e-06	3.2220224718213777e-06	3.3173996622077632e-06	3.4017040973088552e-06	3.475311743916119e-06	3.538723532130211e-06	3.5924401462420874e-06	3.6370701808867225e-06	3.6731958625342773e-06	3.701491472789363e-06	3.7225811498889567e-06	3.7371675700490587e-06	3.745882734284078e-06	3.7494265974795035e-06	3.748411537173438e-06	3.7435103703728164e-06	3.735295046849112e-06	3.7243933070926542e-06	3.7113220474812074e-06	3.696651748070294e-06	3.680834914908689e-06	3.6643773348227987e-06	3.647662000060585e-06	3.6311262167761897e-06	3.6150814464348372e-06	3.5998952931380137e-06	3.585807743149599e-06	3.5731170730745365e-06	3.5619930241138082e-06	3.5526657005619263e-06	3.545236272340179e-06	3.5398679661413497e-06	3.5365949443893557e-06	1.7677572634121107e-06	
-2.2741442386104877e-06	-4.549878673108704e-06	-4.554693366144714e-06	-4.562608417443974e-06	-4.573587331389233e-06	-4.587425276667013e-06	-4.60400341097053e-06	-4.623034466138234e-06	-4.644314568521789e-06	-4.667471519112537e-06	-4.6922132291285866e-06	-4.7180798682829344e-06	-4.744688103928831e-06	-4.771488332112695e-06	-4.798003983820283e-06	-4.82359509181383e-06	-4.8476920052975295e-06	-4.8695665755180796e-06	-4.88855969339658e-06	-4.903861389683747e-06	-4.9147316678745695e-06	-4.920290797721888e-06	-4.919732943375431e-06	-4.912127866236625e-06	-4.8966268282756476e-06	-4.872276793777714e-06	-4.83821800237983e-06	-4.793511553015679e-06	-4.737327876494515e-06	-4.668788289494366e-06	-4.587143348603524e-06	-4.491628581692835e-06	-4.38163138753302e-06	-4.256560711075357e-06	-4.116000801872809e-06	-3.959594149126309e-06	-3.787180091342849e-06	-3.5986899421882083e-06	-3.3942682383546527e-06	-3.174178760429467e-06	-2.938906209139756e-06	-2.6890718460026994e-06	-2.4255136775896724e-06	-2.149210768006207e-06	-1.8613406193379123e-06	-1.5632118426480227e-06	-1.2562983129221918e-06	-9.421807502271148e-07	-6.225582820042121e-07	-2.992004286577523e-07	2.6062256774960543e-08	3.5137348330119495e-07	6.748790198383368e-07	9.947464500893185e-07	1.3092085008434458e-06	1.6165643811762533e-06	1.9152357898314916e-06	2.2037473847169326e-06	2.4807931228239304e-06	2.7451942207725637e-06	2.995974301909924e-06	3.232294245445594e-06	3.453535558244517e-06	3.6592125641202227e-06	3.84906428314109e-06	4.022945302182041e-06	4.1809270796438515e-06	4.323169446145028e-06	4.450032580371858e-06	4.56193137741066e-06	4.659459362628282e-06	4.743228167368752e-06	4.81400442165133e-06	4.8725363704110345e-06	4.91970440179671e-06	4.956336515152195e-06	4.983372691935232e-06	5.001670574468263e-06	5.012183446716556e-06	5.015757163670573e-06	5.01332112984544e-06	5.005677269843198e-06	4.993703098269721e-06	4.978133355876552e-06	4.9597740598237975e-06	4.939277342993265e-06	4.917365248802463e-06	4.894598289996021e-06	4.871607691408063e-06	4.848858211053667e-06	4.826887519655415e-06	4.806063883814035e-06	4.7868313868416405e-06	4.769463146642866e-06	4.754311115937524e-06	4.741555585480136e-06	4.731458344477976e-06	4.724109295974159e-06	4.719681805095603e-06	2.359088662077466e-06	
-2.8454946766890675e-06	-5.693064948777809e-06	-5.69918680038276e-06	-5.709359987366628e-06	-5.723379629071244e-06	-5.741149404053195e-06	-5.762362815972863e-06	-5.786819138231846e-06	-5.814107303313298e-06	-5.843918133840089e-06	-5.875732292467578e-06	-5.90912774181376e-06	-5.943473245503163e-06	-5.9782300913002365e-06	-6.012652686631131e-06	-6.046083678651278e-06	-6.077663235228615e-06	-6.1066167961255934e-06	-6.131974664521041e-06	-6.15285171383978e-06	-6.168178921936856e-06	-6.176974421983352e-06	-6.178088572772429e-06	-6.170465758185346e-06	-6.152904479872717e-06	-6.124309253863753e-06	-6.083467012030057e-06	-6.0292882931057705e-06	-5.960600926877463e-06	-5.8763794547826275e-06	-5.775556637850604e-06	-5.6572396705777535e-06	-5.520539514415661e-06	-5.364772016137323e-06	-5.189304468671609e-06	-4.993739274784494e-06	-4.777776558325089e-06	-4.541377624718641e-06	-4.284642002610486e-06	-4.007947768742046e-06	-3.71184122165007e-06	-3.3971512846293363e-06	-3.0648902113789874e-06	-2.7163398442883366e-06	-2.352962380242711e-06	-1.9764572513094843e-06	-1.5886819952711689e-06	-1.1916798433323145e-06	-7.876119902554604e-07	-3.787574128083233e-07	3.254092854708792e-08	4.4390123108754257e-07	8.529392439864851e-07	1.2573147000659654e-06	1.654746427489555e-06	2.0430761544932142e-06	2.420258707939044e-06	2.784439679391168e-06	3.133917939762259e-06	3.4672345958722413e-06	3.7831063356626475e-06	4.080524341701678e-06	4.358658419981908e-06	4.616965787515104e-06	4.855067254569e-06	5.072866820344217e-06	5.270402167496146e-06	5.447976628816559e-06	5.605986815424119e-06	5.7450687163298065e-06	5.865905426668982e-06	5.969388964538621e-06	6.0564108804324855e-06	6.1280409336088445e-06	6.185302973138259e-06	6.229371038395576e-06	6.2613324301883435e-06	6.282401201161694e-06	6.293669881328768e-06	6.296339786281775e-06	6.2914624882265535e-06	6.280185938470676e-06	6.26348651116394e-06	6.242429625765857e-06	6.217893037597788e-06	6.190840448092177e-06	6.162036658571652e-06	6.13233255114545e-06	6.1023727366817976e-06	6.072890253242638e-06	6.044407401815688e-06	6.017538519464326e-06	5.992684785907754e-06	5.970343466604764e-06	5.950797573524893e-06	5.934430025891331e-06	5.921409148545805e-06	5.912006256771996e-06	5.906278069291167e-06	2.952193142195895e-06	
-3.418692465470065e-06	-6.8398978731066226e-06	-6.847502781788194e-06	-6.8600144941130685e-06	-6.877379092939374e-06	-6.899291138335656e-06	-6.925573750298976e-06	-6.955798105554027e-06	-6.989659701964121e-06	-7.026601808435893e-06	-7.06618659228713e-06	-7.10772427454893e-06	-7.150637907047373e-06	-7.194100051676775e-06	-7.237390112475905e-06	-7.279540422955175e-06	-7.319685165156323e-06	-7.3567178067819925e-06	-7.3896307640249686e-06	-7.4171861671530235e-06	-7.4382455302362985e-06	-7.451455820266223e-06	-7.455568461257859e-06	-7.449142611460648e-06	-7.430852821989421e-06	-7.399211257898871e-06	-7.352863219896571e-06	-7.290329746583601e-06	-7.210289962870345e-06	-7.1113450493467815e-06	-6.992285987447784e-06	-6.851879274629634e-06	-6.689118105720248e-06	-6.503029480181956e-06	-6.292906243436197e-06	-6.058134451617891e-06	-5.798403097133527e-06	-5.513549893243502e-06	-5.203745072116726e-06	-4.869353290947695e-06	-4.511087790931952e-06	-4.129886079871301e-06	-3.7270311329184276e-06	-3.3040390015603982e-06	-2.862744704950498e-06	-2.4052009780856022e-06	-1.933728002531112e-06	-1.4508240184715748e-06	-9.591798781012943e-07	-4.616039378114848e-07	3.899574336653348e-08	5.396683132692572e-07	1.0374660022897724e-06	1.5294779750854332e-06	2.0128992501700083e-06	2.4850365102749338e-06	2.943395159580556e-06	3.385652858351753e-06	3.8097607529401526e-06	4.213881958330026e-06	4.596504498174947e-06	4.9563437974206245e-06	5.292466561599091e-06	5.60415817540559e-06	5.891058262855832e-06	6.152995386754674e-06	6.390136094906149e-06	6.602790282275278e-06	6.791576024175783e-06	6.9571993540658425e-06	7.10063713881825e-06	7.222894923794012e-06	7.325209645733799e-06	7.408788759128969e-06	7.475033880405851e-06	7.525263808288657e-06	7.560959413415794e-06	7.583472547803051e-06	7.594291763127718e-06	7.594738571722683e-06	7.586252971145433e-06	7.57007812340008e-06	7.5475642139442495e-06	7.519842368702414e-06	7.488145079324056e-06	7.453470063777797e-06	7.416915323346535e-06	7.3793336432189334e-06	7.3416802790705185e-06	7.304658856619439e-06	7.269079685514427e-06	7.235497921785476e-06	7.2045805478433605e-06	7.176737785803947e-06	7.152496845199919e-06	7.1321277020000286e-06	7.116021787480592e-06	7.104313367594282e-06	7.097261420561361e-06	3.5474339797651475e-06	
-3.9940032758453875e-06	-7.991091124336904e-06	-8.00019876049852e-06	-8.015337222778058e-06	-8.036221885772026e-06	-8.062719743381646e-06	-8.094404804399224e-06	-8.130998407793735e-06	-8.171928171579295e-06	-8.216763022842667e-06	-8.264777699212226e-06	-8.315381015656049e-06	-8.36768799580747e-06	-8.420940031274071e-06	-8.474086801813804e-06	-8.526197132678982e-06	-8.576052943554943e-06	-8.622549767520475e-06	-8.664305037863347e-06	-8.700047383545256e-06	-8.728241601598552e-06	-8.747465964775421e-06	-8.756056207196404e-06	-8.752470137168034e-06	-8.734952848423293e-06	-8.701887884420334e-06	-8.651485634822065e-06	-8.582120104149221e-06	-8.492042023109845e-06	-8.379699899145322e-06	-8.243478739517412e-06	-8.082003491697459e-06	-7.893903446318408e-06	-7.678095440572983e-06	-7.4335730416326135e-06	-7.159666074320662e-06	-6.855852701856147e-06	-6.521991105680328e-06	-6.158151768109044e-06	-5.764816689730987e-06	-5.342728766823666e-06	-4.893054011009595e-06	-4.417245120407772e-06	-3.917162949993759e-06	-3.394952328698961e-06	-2.853120571359518e-06	-2.2944252581494568e-06	-1.721909740269302e-06	-1.138804727514038e-06	-5.485231721310331e-07	4.542032737908045e-08	6.394506693440521e-07	1.2299893428035613e-06	1.813525517461881e-06	2.3866432017994937e-06	2.9461157920225177e-06	3.488897268559343e-06	4.012234463500252e-06	4.5136177544312026e-06	4.990906988015255e-06	5.4422393399998655e-06	5.866166995240974e-06	6.261522274221131e-06	6.627567299752926e-06	6.96381865063187e-06	7.2702109101191795e-06	7.546884648606552e-06	7.794366703064873e-06	8.013326072967963e-06	8.204773987015963e-06	8.369792374232323e-06	8.509756363700129e-06	8.626039548483122e-06	8.720260753151342e-06	8.793969572785606e-06	8.848918260790858e-06	8.886730211154343e-06	8.909196853171587e-06	8.917931007985396e-06	8.914687849860501e-06	8.901004495946816e-06	8.87854346305607e-06	8.848719471670792e-06	8.813063399412942e-06	8.772837084265656e-06	8.72941552582595e-06	8.683890423485946e-06	8.637468264239049e-06	8.591063386517023e-06	8.54570957684242e-06	8.502143568816016e-06	8.46122781378005e-06	8.42352547434628e-06	8.389732108674269e-06	8.360243375435295e-06	8.335593458704414e-06	8.316016851677988e-06	8.301891438970029e-06	8.293295862321255e-06	4.145227632514318e-06	
-4.571757888742394e-06	-9.147105355461848e-06	-9.157962146087229e-06	-9.175841477896077e-06	-9.200673443599861e-06	-9.232054777751453e-06	-9.269753019860858e-06	-9.31320126156949e-06	-9.36199710214958e-06	-9.415402497256984e-06	-9.472835749118172e-06	-9.533378775840159e-06	-9.596260522414948e-06	-9.660374064385551e-06	-9.72474999349487e-06	-9.788085870908916e-06	-9.84920832848907e-06	-9.906617487235561e-06	-9.95893670991779e-06	-1.0004474683804112e-05	-1.0041661941037296e-05	-1.0068633344066874e-05	-1.0083650623224274e-05	-1.0084707959417849e-05	-1.0069939828288626e-05	-1.0037252197465777e-05	-9.984714858837969e-06	-9.910220391106588e-06	-9.811859850604812e-06	-9.687611043984268e-06	-9.535695892442543e-06	-9.354298688689415e-06	-9.141902644596491e-06	-8.897037695046039e-06	-8.618592742598227e-06	-8.305591317242576e-06	-7.957474986245057e-06	-7.573903972843849e-06	-7.155006338284886e-06	-6.701199776640125e-06	-6.213400797916072e-06	-5.6928636605657655e-06	-5.141344187375389e-06	-4.560952433438998e-06	-3.954267145141725e-06	-3.3242003910305623e-06	-2.674061010014486e-06	-2.0074319003972243e-06	-1.3281837942131505e-06	-6.403687633690642e-07	5.181126226682688e-08	7.4408860503564e-07	1.432199683654617e-06	2.111938900832116e-06	2.7792586917452526e-06	3.430285093106064e-06	4.0614400950181545e-06	4.669412059132806e-06	5.251294145341311e-06	5.80450522248688e-06	6.3269407492852416e-06	6.816842900986622e-06	7.2729631480971464e-06	7.694383312185904e-06	8.080691554502564e-06	8.431758408693202e-06	8.747929521951491e-06	9.029762089550074e-06	9.278238328414636e-06	9.494468139492477e-06	9.679927039261504e-06	9.836130495886495e-06	9.964899159712996e-06	1.0068009455828223e-05	1.0147487750181725e-05	1.0205240733328482e-05	1.0243378906982494e-05	1.0263829294682628e-05	1.0268687523974036e-05	1.0259814592087493e-05	1.0239215950394361e-05	1.02086234946672e-05	1.0169899454939962e-05	1.0124604465774933e-05	1.007442370078828e-05	1.0020721767461067e-05	9.964988351408224e-06	9.908380717270407e-06	9.852186087544591e-06	9.797352661514664e-06	9.744965997094917e-06	9.695769638262932e-06	9.650652856972446e-06	9.610162172944857e-06	9.574997919590292e-06	9.545518126944456e-06	9.522241484948521e-06	9.50534522936513e-06	9.495172180624186e-06	4.7458622098943755e-06	
-5.152139440031696e-06	-1.0308552128254216e-05	-1.0321185599413217e-05	-1.0342190787382539e-05	-1.0371206185984325e-05	-1.0408064876823975e-05	-1.0452225672665221e-05	-1.0503335807979193e-05	-1.0560666444683213e-05	-1.062366841612123e-05	-1.0691414639645545e-05	-1.0763147012831188e-05	-1.0837728381000613e-05	-1.0914178863334053e-05	-1.0991140140461156e-05	-1.1067399697521372e-05	-1.1141370324318378e-05	-1.1211600995070521e-05	-1.1276274599830184e-05	-1.1333704419262526e-05	-1.1381853207810289e-05	-1.1418814435537516e-05	-1.1442355882825044e-05	-1.1450384963394882e-05	-1.1440519912837241e-05	-1.1410538514814908e-05	-1.1357979703042548e-05	-1.1280574812938906e-05	-1.1175881894883143e-05	-1.104169813479942e-05	-1.0875728333822296e-05	-1.0675976336815325e-05	-1.0440447948228547e-05	-1.0167518087861836e-05	-9.855666938374014e-06	-9.503818216575013e-06	-9.111105747733014e-06	-8.677176922825008e-06	-8.201985456356598e-06	-7.68605313892335e-06	-7.130283647420054e-06	-6.536175509546315e-06	-5.905651906678222e-06	-5.24121871173431e-06	-4.545806548309292e-06	-3.822870019425323e-06	-3.076240881851462e-06	-2.3101679859886413e-06	-1.5291839288792395e-06	-7.380892141750476e-07	5.8161572016391435e-08	8.545241612932292e-07	1.6459499326153314e-06	2.42748914021471e-06	3.1943374299483324e-06	3.94196750656405e-06	4.666127173718861e-06	5.3629903993478135e-06	6.029099728424716e-06	6.6615306329273645e-06	7.25777485652019e-06	7.815915616702566e-06	8.33445242830934e-06	8.812488230680246e-06	9.249499638343847e-06	9.645539662252487e-06	1.0000959590611154e-05	1.0316632297632209e-05	1.0593632900467913e-05	1.0833487721616263e-05	1.1037820673145228e-05	1.120863205251004e-05	1.1347916641857373e-05	1.1457975080239407e-05	1.15410083453433e-05	1.1599462846617067e-05	1.1635604622899239e-05	1.1651897828682305e-05	1.1650560858348817e-05	1.1633976714690573e-05	1.160423246269252e-05	1.1563559129208466e-05	1.1513855407014627e-05	1.1457154215506232e-05	1.1395131372493621e-05	1.132959568621921e-05	1.1261983316763341e-05	1.1193868195780431e-05	1.1126442938149234e-05	1.1061046429343492e-05	1.0998632358734887e-05	1.0940310921353863e-05	1.0886806280594513e-05	1.0839009463534817e-05	1.0797426292254065e-05	1.076273868699535e-05	1.0735244814963164e-05	1.0715426142390521e-05	1.0703381730854546e-05	5.349699247633902e-06	
-5.735416763964241e-06	-1.147570577708297e-05	-1.149043270083748e-05	-1.1514712575387492e-05	-1.1548462147467849e-05	-1.1591185067074805e-05	-1.1642597908863446e-05	-1.1702001950390584e-05	-1.1768902495428135e-05	-1.184238675331534e-05	-1.1921734261616722e-05	-1.2005803729650126e-05	-1.2093632540116091e-05	-1.2183835546075527e-05	-1.2275191853778185e-05	-1.2366058709441005e-05	-1.2454944026951811e-05	-1.253993866330413e-05	-1.2619273444062189e-05	-1.2690773287255235e-05	-1.2752397771501625e-05	-1.28017206944664e-05	-1.2836453480004508e-05	-1.2853953795612702e-05	-1.2851731240886313e-05	-1.2826988523514986e-05	-1.277710882580338e-05	-1.269923265742663e-05	-1.2590725961052462e-05	-1.244879502462266e-05	-1.2270933669703335e-05	-1.2054577441422806e-05	-1.1797527074144959e-05	-1.149764157236231e-05	-1.1153233606558136e-05	-1.0762799156931185e-05	-1.0325378735586506e-05	-9.84031924906005e-06	-9.307593318868846e-06	-8.727587359580718e-06	-8.101370277543404e-06	-7.430501004470307e-06	-6.717238048822513e-06	-5.964360391615082e-06	-5.175311178007844e-06	-4.354028259860305e-06	-3.5050188333260674e-06	-2.6331998451770687e-06	-1.743905176225817e-06	-8.427409127988086e-07	6.446820680501e-08	9.71799160472608e-07	1.873334024422434e-06	2.763243530486332e-06	3.635927236777907e-06	4.48604731099003e-06	5.3086929619734855e-06	6.099353617269822e-06	6.854098043407742e-06	7.569480276371212e-06	8.242728352643436e-06	8.871581467743912e-06	9.454488025036284e-06	9.990377290260941e-06	1.0478870398476157e-05	1.091999328922612e-05	1.1314406690897681e-05	1.16630689324159e-05	1.1967491592344403e-05	1.2229360975526889e-05	1.24508253590012e-05	1.2634082927367231e-05	1.2781704890081944e-05	1.2896196042489052e-05	1.2980356015078204e-05	1.303681686735795e-05	1.3068442790356468e-05	1.3077847595475425e-05	1.306783158900709e-05	1.3040880665500184e-05	1.2999637910980836e-05	1.2946385289154647e-05	1.288354679738102e-05	1.2813153394363781e-05	1.2737374154724303e-05	1.265796503726261e-05	1.2576824362632989e-05	1.2495426163228507e-05	1.2415396350885769e-05	1.2337931637196785e-05	1.2264392889317932e-05	1.2195710898331868e-05	1.2132993588067031e-05	1.2076920196018644e-05	1.2028359169891275e-05	1.1987752586048031e-05	1.195574172478013e-05	1.193254377479051e-05	1.1918582216151131e-05	5.956929022550241e-06	
-6.321669031035951e-06	-1.2649031865994329e-05	-1.2665888225401309e-05	-1.269392427877102e-05	-1.2732706261459549e-05	-1.2782038239982518e-05	-1.284127107940987e-05	-1.2909984964810235e-05	-1.2987303385116531e-05	-1.3072566928619772e-05	-1.3164655344667122e-05	-1.3262650277321624e-05	-1.3365168594273679e-05	-1.34710119480855e-05	-1.3578514719122479e-05	-1.3686178571880987e-05	-1.3792038547148606e-05	-1.389428110841168e-05	-1.3990632129154312e-05	-1.4078957284929152e-05	-1.4156675890183995e-05	-1.422134284983248e-05	-1.4270092459481136e-05	-1.4300201425408737e-05	-1.4308566777842391e-05	-1.4292249609617594e-05	-1.4247991059712542e-05	-1.4172736290061377e-05	-1.406319194837262e-05	-1.3916329366572881e-05	-1.3728985878942463e-05	-1.3498345167875156e-05	-1.3221583206434454e-05	-1.2896322049523368e-05	-1.252031900181793e-05	-1.2091888044764342e-05	-1.160962828790406e-05	-1.107280492968865e-05	-1.0481110547561946e-05	-9.834995545528896e-06	-9.135454015091323e-06	-8.384292741348367e-06	-7.583932976243217e-06	-6.73760798615197e-06	-5.849173754875333e-06	-4.923228216128551e-06	-3.964927849217561e-06	-2.9800270269370868e-06	-1.9747031898114113e-06	-9.555212759536835e-07	7.072357232718127e-08	1.0971052620175606e-06	2.1166924267302972e-06	3.1226958324894892e-06	4.108545920687625e-06	5.068071763376003e-06	5.995515024986755e-06	6.885726298960413e-06	7.734104337163059e-06	8.536800729866487e-06	9.290579519041547e-06	9.993027452185135e-06	1.0642335630524293e-05	1.1237518290947203e-05	1.1778123425735284e-05	1.2264466993431992e-05	1.2697282605340866e-05	1.3077979743461067e-05	1.3408243517998156e-05	1.3690325081403188e-05	1.3926601577485758e-05	1.4119905119093409e-05	1.4273051101520019e-05	1.4389209610698252e-05	1.4471407977993244e-05	1.4522945945028763e-05	1.4546876225771268e-05	1.4546462588363495e-05	1.4524640558988392e-05	1.4484515976769116e-05	1.4428806911998676e-05	1.436037922002427e-05	1.4281670206079539e-05	1.4195257159022547e-05	1.4103263159683806e-05	1.4007954386373021e-05	1.3911128600439403e-05	1.3814737055193666e-05	1.3720256482974383e-05	1.3629331603210915e-05	1.3543131789411038e-05	1.3463010386061765e-05	1.3389847591076057e-05	1.332472300867307e-05	1.3268246607972286e-05	1.3221241135877106e-05	1.3184063289943815e-05	1.3157292783573554e-05	1.3141046098409043e-05	6.5678345680984685e-06	
-6.9110808941666894e-06	-1.3828574939072763e-05	-1.3847947105895041e-05	-1.3879923281680641e-05	-1.3924411354021596e-05	-1.3980829473340794e-05	-1.4048851182705731e-05	-1.4127656451681813e-05	-1.421666849260328e-05	-1.4314811707125307e-05	-1.4421237526107157e-05	-1.4534592638053656e-05	-1.465373140659433e-05	-1.477699790716033e-05	-1.4902922756621263e-05	-1.502952268551879e-05	-1.5154979963836665e-05	-1.5276963481784448e-05	-1.5393289368209346e-05	-1.550126783023042e-05	-1.5598344012937652e-05	-1.568147512212643e-05	-1.574775101560792e-05	-1.5793806337813037e-05	-1.5816420678677317e-05	-1.5811970478911495e-05	-1.577700871526684e-05	-1.5707761044845935e-05	-1.5600684711403054e-05	-1.5452012610880304e-05	-1.5258290282280562e-05	-1.501597012409952e-05	-1.4721923788018232e-05	-1.4373086555354307e-05	-1.396694015739911e-05	-1.3501204392297919e-05	-1.2974282530755154e-05	-1.2384993939889102e-05	-1.1732971279599421e-05	-1.1018424851632724e-05	-1.0242478557614422e-05	-9.40695484679912e-06	-8.514635905561708e-06	-7.569058453042287e-06	-6.574688783866065e-06	-5.536719971211226e-06	-4.461154578899794e-06	-3.354603038324038e-06	-2.2242755372722496e-06	-1.0777883579513384e-06	7.692495861979197e-08	1.2317847067324023e-06	2.378717265984708e-06	3.5097837379383275e-06	4.617374627410853e-06	5.6942751302617705e-06	6.7338822645410246e-06	7.73018959058803e-06	8.6780120936152e-06	9.572880327727174e-06	1.0411266171505564e-05	1.1190384977905084e-05	1.190842334596276e-05	1.2564255548282795e-05	1.3157680669937809e-05	1.3689064777815e-05	1.4159598089394387e-05	1.4570876498028499e-05	1.4925189811580242e-05	1.5225055743962618e-05	1.5473548420653324e-05	1.567379570962068e-05	1.5829354144454105e-05	1.5943677511089013e-05	1.6020541027678088e-05	1.6063486234767102e-05	1.6076294344781228e-05	1.6062410184856008e-05	1.6025462410937283e-05	1.5968667702804742e-05	1.589539408816142e-05	1.580854575357167e-05	1.571116494086576e-05	1.5605797468597936e-05	1.5495128376100467e-05	1.53813283677667e-05	1.5266718413929907e-05	1.5153097670726008e-05	1.5042432455828183e-05	1.493616663328388e-05	1.4835930661158669e-05	1.474283587828376e-05	1.4658199604292046e-05	1.4582825173998491e-05	1.4517739323608726e-05	1.4463460165532253e-05	1.4420743305260705e-05	1.4389840229820562e-05	1.4371249769658356e-05	7.182484796867235e-06	
-7.503605649113868e-06	-1.5014609412866284e-05	-1.5036541931489684e-05	-1.5073034835827891e-05	-1.5123589182796427e-05	-1.5187988043101063e-05	-1.5265485829714197e-05	-1.5355607580177818e-05	-1.545734377030964e-05	-1.5569938946320908e-05	-1.569209555794022e-05	-1.5822749143799876e-05	-1.5960284864146895e-05	-1.610329671102674e-05	-1.62498206192949e-05	-1.6398075525384965e-05	-1.654571719720253e-05	-1.669055940752145e-05	-1.682985294865398e-05	-1.6960985709995588e-05	-1.7080791713083675e-05	-1.7186229454029027e-05	-1.727372615896558e-05	-1.733983430024066e-05	-1.73806165376647e-05	-1.7392280721357508e-05	-1.7370611001936144e-05	-1.731158171405461e-05	-1.7210839703402222e-05	-1.7064297014010864e-05	-1.6867668349254466e-05	-1.6617041218603312e-05	-1.6308470398761264e-05	-1.5938521948809594e-05	-1.5503923458455148e-05	-1.5002075114770106e-05	-1.4430750566058641e-05	-1.3788564350077342e-05	-1.307471391163962e-05	-1.2289388960254864e-05	-1.143354156954012e-05	-1.0509220636827402e-05	-9.519355423855862e-06	-8.467998650828223e-06	-7.360110640901589e-06	-6.201698789189548e-06	-4.999595338410728e-06	-3.7614891438948425e-06	-2.4956994699610463e-06	-1.2111068023502067e-06	8.306414637983695e-08	1.3773970336002214e-06	2.662469349735356e-06	3.929063352648169e-06	5.168293214667717e-06	6.371847410976158e-06	7.532032577709392e-06	8.6420249328757e-06	9.695813400181406e-06	1.0688446775542848e-05	1.1615869462236667e-05	1.2475161895447154e-05	1.3264273063322632e-05	1.3982261065186507e-05	1.4628934771878537e-05	1.5205107259369153e-05	1.5712163167631887e-05	1.6152339555990927e-05	1.6528235877167274e-05	1.6843135233902718e-05	1.7100471486491704e-05	1.7304200282240414e-05	1.7458234069496812e-05	1.756686798340992e-05	1.763418966238813e-05	1.7664561117672507e-05	1.766200701823885e-05	1.7630750595261352e-05	1.7574581810144866e-05	1.749744329683793e-05	1.740277855530369e-05	1.7294162807105824e-05	1.7174630880323983e-05	1.704734742195827e-05	1.6914914215797108e-05	1.6780074216606505e-05	1.6644998440645345e-05	1.6512018556104455e-05	1.6382894028224072e-05	1.6259568369497918e-05	1.614341778689133e-05	1.6036026570539396e-05	1.593841900891535e-05	1.5851849726781892e-05	1.577702107235285e-05	1.5714884485629275e-05	1.5665845911554277e-05	1.5630574489491244e-05	1.5609198814874082e-05	7.801059700644234e-06	
-8.099321045719792e-06	-1.6206905773958882e-05	-1.6231852921017784e-05	-1.6273080778907223e-05	-1.6330495478646e-05	-1.640344119290488e-05	-1.649156112267958e-05	-1.659393046439059e-05	-1.670990732466325e-05	-1.683827318881527e-05	-1.6978070610858603e-05	-1.7127754999138458e-05	-1.728601616953557e-05	-1.7450945444840842e-05	-1.7620838494070587e-05	-1.779338199923259e-05	-1.7966435649763887e-05	-1.8137242977319626e-05	-1.8303190938793372e-05	-1.8461049956017863e-05	-1.8607710190840726e-05	-1.8739456324888966e-05	-1.885268035827249e-05	-1.8943197154042168e-05	-1.9006934277589958e-05	-1.9039294677523748e-05	-1.9035824553218005e-05	-1.8991629536351537e-05	-1.890202157501169e-05	-1.8761994326864015e-05	-1.8566849257280952e-05	-1.8311734318875476e-05	-1.7992247545773525e-05	-1.7604040179957725e-05	-1.7143392783106612e-05	-1.6606879681239375e-05	-1.5991908087936257e-05	-1.529643538677669e-05	-1.4519456558021533e-05	-1.3660760317900356e-05	-1.2721345512711855e-05	-1.1703198048790319e-05	-1.0609614674847174e-05	-9.444981911860522e-06	-8.21498769281023e-06	-6.926387793302442e-06	-5.587093296035054e-06	-4.20591975344416e-06	-2.7925508723942462e-06	-1.357279226299479e-06	8.91387431032069e-08	1.535727795339665e-06	2.9715197440238024e-06	4.385752002961129e-06	5.768139932816653e-06	7.1089946090116605e-06	8.39950925086416e-06	9.631768488480334e-06	1.0799026099577987e-05	1.1895590783139525e-05	1.2917086281050486e-05	1.386021336636454e-05	1.4722997013946228e-05	1.5504436737675707e-05	1.6204755205968368e-05	1.6824956558347695e-05	1.7367095154799687e-05	1.7833763547962518e-05	1.8228399332490756e-05	1.8554722203046226e-05	1.8817092786699242e-05	1.9019913585400746e-05	1.9168048176340565e-05	1.9266195632023373e-05	1.9319373124066023e-05	1.933226888210912e-05	1.9309786950356728e-05	1.9256380481108988e-05	1.9176654482041242e-05	1.9074679319588836e-05	1.8954645661891826e-05	1.8820157270683577e-05	1.8674931694918418e-05	1.8522071424708958e-05	1.836480388677036e-05	1.820573049794331e-05	1.8047599864564853e-05	1.789253495198856e-05	1.7742833883762924e-05	1.7600176164997243e-05	1.7466445980391315e-05	1.7342919072889365e-05	1.7231103881688494e-05	1.7131911236325026e-05	1.7046509030000828e-05	1.6975477330892385e-05	1.6919672552559368e-05	1.6879370916939645e-05	1.6855138276905216e-05	8.423482553715072e-06	
-8.698032408838825e-06	-1.7405501448457593e-05	-1.7433515502392225e-05	-1.748014678405687e-05	-1.7544841538800057e-05	-1.762737417175668e-05	-1.7726919944896857e-05	-1.7842967461196797e-05	-1.7974397108957047e-05	-1.812038080660421e-05	-1.827947013660149e-05	-1.845048004664294e-05	-1.8631590764319332e-05	-1.8821212448476076e-05	-1.9017105206853453e-05	-1.9217222114074125e-05	-1.941885199383163e-05	-1.961943879000085e-05	-1.9815752240781478e-05	-2.000468231640724e-05	-2.0182443503723293e-05	-2.0345343889819706e-05	-2.0489029453029073e-05	-2.060922830905598e-05	-2.0701042067045164e-05	-2.0759666619183e-05	-2.0779738076077752e-05	-2.075603202414411e-05	-2.0682871497376383e-05	-2.0554806483794128e-05	-2.0366090404019463e-05	-2.0111340361524403e-05	-1.9785086210831416e-05	-1.938240916338717e-05	-1.889856335687487e-05	-1.8329585695883266e-05	-1.767198383153027e-05	-1.6923303770514182e-05	-1.6081870945145252e-05	-1.5147295202392773e-05	-1.4120244701985407e-05	-1.3002862383460888e-05	-1.1798548170346881e-05	-1.05122595741513e-05	-9.150278826398255e-06	-7.7203753911e-06	-6.231543082194384e-06	-4.694014852871069e-06	-3.118970339051005e-06	-1.5184115273476754e-06	9.513990851606549e-08	1.708878399753113e-06	3.309991348484536e-06	4.885965105333803e-06	6.424791675185577e-06	7.915300404553061e-06	9.347253365495404e-06	1.0711666634960395e-05	1.2000766807594872e-05	1.320828238746e-05	1.4329252938899851e-05	1.5360290038066388e-05	1.629924880285267e-05	1.71454732358878e-05	1.7899352469378865e-05	1.8562573768472312e-05	1.9137590937010063e-05	1.962790939569756e-05	2.0037492752815965e-05	2.037110011406161e-05	2.0633651305290886e-05	2.0830629630807346e-05	2.0967419309393892e-05	2.104977967132279e-05	2.1083162019010866e-05	2.1073255253557257e-05	2.1025284633853497e-05	2.0944624655151967e-05	2.0836079292181126e-05	2.070455556785509e-05	2.0554323573529888e-05	2.0389743182663573e-05	2.0214501991929097e-05	2.0032387581007016e-05	1.9846502054750678e-05	1.96600727096122e-05	1.9475642714205193e-05	1.929591370951156e-05	1.912291309490723e-05	1.8958862771185607e-05	1.8805324357371047e-05	1.866408888167411e-05	1.85363019740875e-05	1.8423369782238937e-05	1.832606674827165e-05	1.8245453373539373e-05	1.818196960601828e-05	1.813636031896665e-05	1.8108757630866562e-05	9.049805062963506e-06	
-9.299687800544396e-06	-1.8609848632658968e-05	-1.8641448661951497e-05	-1.8693733012020967e-05	-1.876661666153896e-05	-1.8859386524046233e-05	-1.8971674576707284e-05	-1.9102475912344338e-05	-1.9251109889505626e-05	-1.9416246027347344e-05	-1.9596849485218246e-05	-1.979121897521627e-05	-1.999791312303959e-05	-2.0214804758554616e-05	-2.0439985082759693e-05	-2.067083899909183e-05	-2.0904924549886494e-05	-2.1139074405637456e-05	-2.1370248769444653e-05	-2.1594668773273194e-05	-2.180864199433335e-05	-2.200773431502157e-05	-2.2187568325747096e-05	-2.2343041133485777e-05	-2.246909714482111e-05	-2.2560000210832383e-05	-2.261008338341248e-05	-2.2613084382170354e-05	-2.2562875535430944e-05	-2.245287140297935e-05	-2.2276741720461473e-05	-2.202789850826994e-05	-2.1700192781316883e-05	-2.128748495717678e-05	-2.0784321757007847e-05	-2.018558770864226e-05	-1.9487151787143237e-05	-1.8685589372374528e-05	-1.777877930278309e-05	-1.676567591532563e-05	-1.5646828099615917e-05	-1.4424172506572852e-05	-1.3101440026434027e-05	-1.1683937534632356e-05	-1.0178807830029171e-05	-8.594772072228042e-06	-6.9422196113682775e-06	-5.232898350795859e-06	-3.479831134107743e-06	-1.6969645829029503e-06	1.0106555266596118e-07	1.8992914282351444e-06	3.6827532007921784e-06	5.436808234101059e-06	7.14751899045851e-06	8.801856877234924e-06	1.0388084113718496e-05	1.189580674778928e-05	1.3316314725187134e-05	1.4642461788473766e-05	1.5868953079817315e-05	1.6992055373537803e-05	1.8009844860334995e-05	1.8921771397183032e-05	1.972889420203105e-05	2.0433334197460706e-05	2.1038530132322776e-05	2.1548613705606005e-05	2.1968714915669664e-05	2.230428848382256e-05	2.2561488692652903e-05	2.274646653854475e-05	2.286582459157477e-05	2.292589542694719e-05	2.2933278605636546e-05	2.2894104052536337e-05	2.28146472426721e-05	2.270057685220921e-05	2.2557640721124656e-05	2.2390895040427848e-05	2.2205452162049036e-05	2.2005688186313698e-05	2.1796043541463627e-05	2.158020644655795e-05	2.1361957784627828e-05	2.1144329007706915e-05	2.0930483734169506e-05	2.0722849873599158e-05	2.0524031311063207e-05	2.03359151515062e-05	2.0160607665657535e-05	1.999951849038284e-05	1.985431564767769e-05	1.9725989264102105e-05	1.9615820934800757e-05	1.9524430056175494e-05	1.9452753117070554e-05	1.9401076106297045e-05	1.9370019509370294e-05	9.679780246850829e-06	
-9.903922855365846e-06	-1.9819702347596028e-05	-1.9854946096208897e-05	-1.9913637890215964e-05	-1.999518373368499e-05	-2.009936733161549e-05	-2.0225309653223205e-05	-2.0372490624529516e-05	-2.0539714489720454e-05	-2.0726116505066964e-05	-2.0930138359431718e-05	-2.1150515983527822e-05	-2.1385269414373283e-05	-2.1632668134403298e-05	-2.1890240003482524e-05	-2.215571101419676e-05	-2.242603831752494e-05	-2.2698321972966658e-05	-2.2968867709109237e-05	-2.3234069204214016e-05	-2.3489507086942577e-05	-2.3730801525255474e-05	-2.3952755084263687e-05	-2.4150176893813824e-05	-2.4317078260924533e-05	-2.4447471290159925e-05	-2.4534627384640922e-05	-2.457185460309774e-05	-2.4551829965387584e-05	-2.4467360514898175e-05	-2.4310800016900426e-05	-2.4074797877383534e-05	-2.3751808508167774e-05	-2.3334828993636992e-05	-2.281700416309273e-05	-2.2192347364569326e-05	-2.145543553630898e-05	-2.060209743628928e-05	-1.9629181109128194e-05	-1.8535181552395376e-05	-1.7320049969195045e-05	-1.5985721173759264e-05	-1.4535923957150572e-05	-1.2976562450606535e-05	-1.1315485240281464e-05	-9.562679836409133e-06	-7.729969565634803e-06	-5.830999429392832e-06	-3.8808551459440705e-06	-1.8958499025325962e-06	1.0690623009838428e-07	2.109874493705507e-06	4.095508274180035e-06	6.046706568071686e-06	7.947149573004654e-06	9.781761810493479e-06	1.1536892924017745e-05	1.32007309499786e-05	1.4763284291070063e-05	1.6216716786324463e-05	1.7555121479666052e-05	1.8774782991550062e-05	1.9873764922024868e-05	2.085213037133311e-05	2.1711383949925343e-05	2.245469268968744e-05	2.3086228560236888e-05	2.361143032293721e-05	2.4036286365553623e-05	2.436766799075008e-05	2.4612580698849115e-05	2.477858639908341e-05	2.4873038898335254e-05	2.4903600630742193e-05	2.4877468094844596e-05	2.4801979951666765e-05	2.4683831614924365e-05	2.452976633756683e-05	2.434577489395285e-05	2.4137858963873936e-05	2.391121102123756e-05	2.3671039000521763e-05	2.342172218382013e-05	2.316768692020986e-05	2.2912535704657243e-05	2.2659964960924006e-05	2.241286610075294e-05	2.2174277665082002e-05	2.1946458635035423e-05	2.173186834167218e-05	2.1532213532663986e-05	2.1349450328840233e-05	2.1184807497328775e-05	2.1039805352865085e-05	2.0915258370687447e-05	2.0812306338747138e-05	2.0731399906651524e-05	2.0673339541402295e-05	2.0638247902569594e-05	1.0313306144503184e-05	
-1.0510533820513854e-05	-2.1034153726353765e-05	-2.1073619991293385e-05	-2.1138994493844243e-05	-2.123021610835321e-05	-2.134653775531016e-05	-2.1487607548102165e-05	-2.1652375592797913e-05	-2.18401611170557e-05	-2.2049567203415914e-05	-2.2279529598559364e-05	-2.25282437936966e-05	-2.2794191422149344e-05	-2.3075084254089794e-05	-2.3368864465239122e-05	-2.3672670427409633e-05	-2.3983807732852355e-05	-2.429874220388699e-05	-2.461403945526892e-05	-2.492539138535625e-05	-2.5228523316801104e-05	-2.5518261421561924e-05	-2.5789408130048224e-05	-2.6035859483089453e-05	-2.625145149281284e-05	-2.642913819277733e-05	-2.6561813767593274e-05	-2.664156377436182e-05	-2.6660469680563558e-05	-2.6609946744830457e-05	-2.6481538323082636e-05	-2.626635324922235e-05	-2.5955855735363624e-05	-2.554141149271942e-05	-2.5015073902121595e-05	-2.4369240248479527e-05	-2.359742496651395e-05	-2.2694014547933953e-05	-2.1655004072689867e-05	-2.0477822548291117e-05	-1.9161991810343233e-05	-1.77089769011211e-05	-1.6122711916835954e-05	-1.4409419086753423e-05	-1.2577941841147443e-05	-1.0639479440981061e-05	-8.607680731684665e-06	-6.4982639589295475e-06	-4.328857723897932e-06	-2.1185161702233805e-06	1.1266014698116215e-07	2.344056796322355e-06	4.555068270054702e-06	6.7255864348521365e-06	8.836567380783112e-06	1.0870376301135931e-05	1.281130645035039e-05	1.4645704168422986e-05	1.6362382907902017e-05	1.7952495822348247e-05	1.9409834544879454e-05	2.0730462955211384e-05	2.1912930942957938e-05	2.2957716016254253e-05	2.3867405070111792e-05	2.464600368823057e-05	2.5299142127395413e-05	2.5833307857496665e-05	2.6256121029437016e-05	2.657553128839851e-05	2.6800190843064876e-05	2.6938639456396802e-05	2.69997864371682e-05	2.6992093113058647e-05	2.6924162254441818e-05	2.680391745785393e-05	2.6639290648448465e-05	2.643739264610506e-05	2.620528579615509e-05	2.594913844940677e-05	2.567506912689731e-05	2.5388278357953273e-05	2.5093951803217796e-05	2.479636470898805e-05	2.44998331182585e-05	2.420778832409347e-05	2.392376707999522e-05	2.3650455418189358e-05	2.339071031479413e-05	2.314657387792085e-05	2.2920320116285453e-05	2.2713441748524924e-05	2.2527716566460122e-05	2.236417000308102e-05	2.222415612734442e-05	2.2108299698395162e-05	2.2017587147901407e-05	2.195229221233641e-05	2.191307241960151e-05	1.094994129646036e-05	
-1.1118966178870736e-05	-2.2252632161626543e-05	-2.229637988339012e-05	-2.2369267769582043e-05	-2.2470681287519923e-05	-2.2600438402243856e-05	-2.2757640026565477e-05	-2.294179657042237e-05	-2.315168405168732e-05	-2.3386453239211376e-05	-2.364449588875586e-05	-2.392453190767494e-05	-2.4224490233872936e-05	-2.4542569704987297e-05	-2.4876139295610023e-05	-2.5222768844848013e-05	-2.5579153785852698e-05	-2.5942112658790977e-05	-2.6307542201627174e-05	-2.6671379750023937e-05	-2.7028595710421326e-05	-2.7374120618700614e-05	-2.7701883665927308e-05	-2.8005706403600762e-05	-2.8278398142757765e-05	-2.851262098750617e-05	-2.8700055414074526e-05	-2.88322441868525e-05	-2.8899843777746494e-05	-2.8893457092395776e-05	-2.8802987691222727e-05	-2.8618471934921483e-05	-2.8329551746886954e-05	-2.7926314048520428e-05	-2.7398892142313676e-05	-2.673831216701289e-05	-2.5936221235045586e-05	-2.4985725659004178e-05	-2.3881225081364907e-05	-2.2619205926450894e-05	-2.1198137058257805e-05	-1.96191584475897e-05	-1.7885971792897058e-05	-1.6005347407052595e-05	-1.3986933239465318e-05	-1.184350398682611e-05	-9.590625236282528e-06	-7.246596873681263e-06	-4.831950663901829e-06	-2.3690943174259436e-06	1.183172809561886e-07	2.605965960058177e-06	5.06952490500652e-06	7.485349326833302e-06	9.831024356965739e-06	1.208602973882568e-05	1.4232059940980221e-05	1.6253562250627494e-05	1.8137757857051412e-05	1.987501299645757e-05	2.1458554782392033e-05	2.2884696947541162e-05	2.4152298483205758e-05	2.5262907121466663e-05	2.622003691259855e-05	2.7029305874402333e-05	2.769760963335354e-05	2.8233319673523125e-05	2.864541317850616e-05	2.8943776214060933e-05	2.9138326439280993e-05	2.9239441857885698e-05	2.9257091765049533e-05	2.920139280975035e-05	2.908174855969207e-05	2.8907522674959845e-05	2.8687179326866675e-05	2.8429057626342996e-05	2.8140502387137653e-05	2.7828722734344463e-05	2.7499903376152342e-05	2.716013162261811e-05	2.6814481695085543e-05	2.6467996742673494e-05	2.6124741581551113e-05	2.5788828785910754e-05	2.546343793271197e-05	2.5151876997386093e-05	2.4856568384183002e-05	2.4580138509007647e-05	2.4324372553341455e-05	2.4091326271249652e-05	2.3882252565965442e-05	2.3698730295390048e-05	2.3541566529611218e-05	2.341193755061683e-05	2.331027110603646e-05	2.3237394999661863e-05	2.3193403898636484e-05	1.1589405485358374e-05	
-1.1728843950131014e-05	-2.3473828513880644e-05	-2.3522488643174347e-05	-2.360318109600113e-05	-2.3715889040694882e-05	-2.3859862532779415e-05	-2.4034803217807615e-05	-2.4239664109449002e-05	-2.4473818152772995e-05	-2.4735865806867037e-05	-2.5024782464226018e-05	-2.5338738336671757e-05	-2.5676219847215712e-05	-2.603486637987724e-05	-2.64125610716508e-05	-2.6806289244665017e-05	-2.7213194620659214e-05	-2.7629464815970018e-05	-2.8051350001078758e-05	-2.8474081840892555e-05	-2.8892853171911463e-05	-2.93017783611027e-05	-2.9694834814601755e-05	-3.0064875029902488e-05	-3.0404533761800806e-05	-3.070530506569467e-05	-3.095842263325249e-05	-3.1154018625576376e-05	-3.1281988605228904e-05	-3.133125222948974e-05	-3.129061731596425e-05	-3.114816410162638e-05	-3.089212346229467e-05	-3.051040419871728e-05	-2.9991495665329573e-05	-2.9324148550539117e-05	-2.8498299259340192e-05	-2.7504896335795977e-05	-2.6336821109349527e-05	-2.4988823886237972e-05	-2.3458384307258723e-05	-2.174568815462084e-05	-1.9854339292824227e-05	-1.7791280597676028e-05	-1.556725164041431e-05	-1.319655241313264e-05	-1.069715403068756e-05	-8.090236426446982e-06	-5.399912944861968e-06	-2.6525444833068717e-06	1.2387613701752166e-07	2.900541521738708e-06	5.648654093885525e-06	8.340212814606342e-06	1.0948868166088164e-05	1.3450500219513084e-05	1.5823941941492023e-05	1.8051217294766646e-05	2.0118040660742093e-05	2.201366922984535e-05	2.373117591926183e-05	2.5266955322986542e-05	2.6620838807062423e-05	2.779534688549803e-05	2.879574767674731e-05	2.9629161683305562e-05	3.0304659962888958e-05	3.083230957463194e-05	3.122338048122306e-05	3.1489388344564456e-05	3.1642445897830235e-05	3.169432870675542e-05	3.1656978732559865e-05	3.15415958350226e-05	3.1359282931543654e-05	3.11201531013217e-05	3.083409675540825e-05	3.0509889429652666e-05	3.0156059139953935e-05	2.977998042708556e-05	2.938882171059842e-05	2.8988614250686584e-05	2.858526258936705e-05	2.818358099914163e-05	2.7788353604494127e-05	2.7403334563209556e-05	2.7032347487394485e-05	2.6678248603218772e-05	2.63440573946823e-05	2.603188421571994e-05	2.5744085672755012e-05	2.548215969856859e-05	2.524792019299767e-05	2.5042363552332006e-05	2.4866857650360035e-05	2.4721984395034104e-05	2.460873839053685e-05	2.4527350387054837e-05	2.4478491027640977e-05	1.2231040080659258e-05	
-1.2339404492184938e-05	-2.4696807984938598e-05	-2.4750433824993336e-05	-2.4839823614144564e-05	-2.496436795453937e-05	-2.5123952264605592e-05	-2.5317702706227207e-05	-2.5545212981223342e-05	-2.5805295657899016e-05	-2.6097189069675732e-05	-2.6419318571129565e-05	-2.677047814911098e-05	-2.7148606056772616e-05	-2.75519358828904e-05	-2.797779108624967e-05	-2.8423700648340665e-05	-2.8886217369071982e-05	-2.936199398125873e-05	-2.9846630825105895e-05	-3.033570960513427e-05	-3.0823677432637465e-05	-3.1304837470003024e-05	-3.177227853961109e-05	-3.2218824941568597e-05	-3.2636024061860744e-05	-3.3015061793799686e-05	-3.334582486266705e-05	-3.361779339298705e-05	-3.3819199637421756e-05	-3.393791463196771e-05	-3.3960729587950364e-05	-3.387425767377813e-05	-3.366436632011962e-05	-3.3317115131302705e-05	-3.281836329443056e-05	-3.215475643566189e-05	-3.131351887982706e-05	-3.0283481682245937e-05	-2.9055041122052322e-05	-2.7621185162411037e-05	-2.5977557836356804e-05	-2.4123396220458162e-05	-2.206159413915029e-05	-1.9799420521201443e-05	-1.7348444510007725e-05	-1.4724892423595773e-05	-1.1949305443410504e-05	-9.046430150347817e-06	-6.044546992187844e-06	-2.974884770806088e-06	1.2932615703288488e-07	3.2337988808543196e-06	6.3042371008108266e-06	9.307421565976854e-06	1.2212115839365279e-05	1.499005225623763e-05	1.7616478390833595e-05	2.0070867480729247e-05	2.2336989186276155e-05	2.4403290374525846e-05	2.6262499946243354e-05	2.7911741628655336e-05	2.935177804556726e-05	3.0586984197475235e-05	3.1624373699516706e-05	3.247357071464545e-05	3.314574763236004e-05	3.3653701884661365e-05	3.401079311902825e-05	3.423118509696235e-05	3.432882524243149e-05	3.4317870101660606e-05	3.4211715165352857e-05	3.4023594008578e-05	3.376564569465101e-05	3.3449663273541624e-05	3.308617788079916e-05	3.2685328217486355e-05	3.225594041449142e-05	3.18064921121639e-05	3.13441712484361e-05	3.087591293127453e-05	3.040742569949815e-05	2.994428435528908e-05	2.9490917347688904e-05	2.9051743020022344e-05	2.863011589826763e-05	2.8229497045160378e-05	2.7852360063108185e-05	2.750138845774719e-05	2.7178344214118407e-05	2.688528644493415e-05	2.6623406683895712e-05	2.6394263849976717e-05	2.6198591136131285e-05	2.6037542657956854e-05	2.591147717502732e-05	2.5821211863836996e-05	2.5766788222932796e-05	1.2874364163105562e-05	
-1.2950082310562003e-05	-2.5919828339197646e-05	-2.5979092373362e-05	-2.6077472068406017e-05	-2.621502137205959e-05	-2.6391027555323764e-05	-2.6605294760599684e-05	-2.6856841633249613e-05	-2.7145166623535063e-05	-2.7468953157266604e-05	-2.7827310878520954e-05	-2.8218492764331827e-05	-2.8641106451412395e-05	-2.9092847582639774e-05	-2.9571675507441425e-05	-3.0074567234797623e-05	-3.0598652256094954e-05	-3.1139991922510426e-05	-3.16946690945239e-05	-3.225759878043322e-05	-3.282357002321393e-05	-3.338609552210671e-05	-3.3938405943199695e-05	-3.447234933312847e-05	-3.4979342213986944e-05	-3.544933417971803e-05	-3.587172591291163e-05	-3.6234420481429466e-05	-3.652472559926304e-05	-3.672852026192228e-05	-3.683116611865022e-05	-3.6816824508154196e-05	-3.666940721888472e-05	-3.637208127916635e-05	-3.590828820313548e-05	-3.526146660848067e-05	-3.4416155037620224e-05	-3.3357939027105665e-05	-3.2074619553346985e-05	-3.0556346861280526e-05	-2.8796782772191453e-05	-2.6793321337106337e-05	-2.4548108032090648e-05	-2.20681843610596e-05	-1.9366176012193146e-05	-1.6460168154524418e-05	-1.3373876000741464e-05	-1.0136097591050474e-05	-6.780264591331551e-06	-3.3434453180445365e-06	1.346661569751181e-07	3.6130465498760084e-06	7.0506832557082864e-06	1.0407873400484677e-05	1.3647561184065241e-05	1.6736308055803465e-05	1.9645330291158457e-05	2.235090775130021e-05	2.4834971344566358e-05	2.708489245560825e-05	2.9093647380732572e-05	3.0859089752740014e-05	3.238384500098225e-05	3.3674252479419455e-05	3.4740183053338556e-05	3.5593839006840345e-05	3.624965748029224e-05	3.6723105278145475e-05	3.7030767943291765e-05	3.718921136971993e-05	3.721529406106142e-05	3.71251136359135e-05	3.693453550498993e-05	3.665820931101179e-05	3.631028381357546e-05	3.5903464291047176e-05	3.5449876145446455e-05	3.4960133107345517e-05	3.4444314369653963e-05	3.391101883765715e-05	3.336842702768278e-05	3.2823324140167365e-05	3.228222508400288e-05	3.1750356324524234e-05	3.12328285247051e-05	3.0733572884875245e-05	3.0256550476204512e-05	2.980464294950134e-05	2.93808907253069e-05	2.89873407092069e-05	2.862630738856254e-05	2.829918188047602e-05	2.8007711002998208e-05	2.7752772917042395e-05	2.7535669680116557e-05	2.735687517980489e-05	2.7217336760139936e-05	2.7117201265382613e-05	2.7057121205315602e-05	1.351848232854029e-05	
-1.3559892733930061e-05	-2.7141559870883165e-05	-2.7206499864613867e-05	-2.7314804671575414e-05	-2.7465902245946143e-05	-2.765978778248802e-05	-2.7895670340651155e-05	-2.8173295143189757e-05	-2.849159533352771e-05	-2.8849991926455925e-05	-2.924705514778563e-05	-2.968177568471442e-05	-3.015223975625709e-05	-3.0656865225554966e-05	-3.1193094380313214e-05	-3.1758588615815326e-05	-3.2349943000306596e-05	-3.296383378555986e-05	-3.3595759406769435e-05	-3.424113628968772e-05	-3.4894072306321244e-05	-3.5548408598600964e-05	-3.619653411236908e-05	-3.683037492730731e-05	-3.74402628352628e-05	-3.801587946613552e-05	-3.854519842434219e-05	-3.901539966337628e-05	-3.941191354506934e-05	-3.9719331157912524e-05	-3.992058896927096e-05	-3.999791146341045e-05	-3.993218413564045e-05	-3.970397196422339e-05	-3.9293130854140814e-05	-3.8679941931464915e-05	-3.7844998524577244e-05	-3.677047228028247e-05	-3.544027427789377e-05	-3.384141552202863e-05	-3.19643709561614e-05	-2.980441383127906e-05	-2.7362018685309227e-05	-2.4643956245434806e-05	-2.1663488875850283e-05	-1.8440956134745156e-05	-1.5003499918364062e-05	-1.1384910082487694e-05	-7.624719049542043e-06	-3.767244623047194e-06	1.3988509690193197e-07	4.047300961294159e-06	7.90562373096347e-06	1.1667237398381805e-05	1.5287816114578157e-05	1.8727841514346553e-05	2.195351778767657e-05	2.4937719026612605e-05	2.7660101859721493e-05	3.010742181170994e-05	3.227290653442724e-05	3.4156101250271e-05	3.5761733329802304e-05	3.709934943058057e-05	3.8181941457591986e-05	3.902562173703581e-05	3.9648223855642557e-05	4.006917964778081e-05	4.0308215564371116e-05	4.0385502554724005e-05	4.032048555530689e-05	4.0132307522515226e-05	3.983875618177946e-05	3.945692497898099e-05	3.900223723487671e-05	3.8489293767152914e-05	3.7930931062466475e-05	3.733920768413758e-05	3.672446020429977e-05	3.609638959533169e-05	3.5463089336342315e-05	3.483220329604644e-05	3.420991065981947e-05	3.3602135666298e-05	3.3013482152428555e-05	3.244848205688711e-05	3.1910478166984616e-05	3.140290264762091e-05	3.092811032808635e-05	3.0488681117139777e-05	3.0086208400670754e-05	2.972262057402451e-05	2.9398930312778018e-05	2.9116571024502473e-05	2.8876113278777742e-05	2.8678612069877826e-05	2.852429681072502e-05	2.8413925119102974e-05	2.8347452663196834e-05	1.4162694435305244e-05	
-1.4168068342613822e-05	-2.8359804322811937e-05	-2.8431120196603995e-05	-2.8549623951028344e-05	-2.871547327495111e-05	-2.892804230054778e-05	-2.9187299139582412e-05	-2.949240698120684e-05	-2.9843081449761898e-05	-3.023819899346147e-05	-3.067712734053485e-05	-3.115834530653211e-05	-3.168073932624421e-05	-3.224223839886893e-05	-3.2841069516256825e-05	-3.347441121424118e-05	-3.4139600840852745e-05	-3.4832810272114156e-05	-3.555019860431092e-05	-3.628661432724626e-05	-3.703668856118171e-05	-3.7793569825332694e-05	-3.854995592893825e-05	-3.929687107802197e-05	-4.002463970392291e-05	-4.072172181047995e-05	-4.137564018626605e-05	-4.197189934609675e-05	-4.249488927384371e-05	-4.2926926243471884e-05	-4.324917106008621e-05	-4.3440845129085154e-05	-4.348021648703775e-05	-4.334405739748852e-05	-4.30087608264114e-05	-4.245010763303462e-05	-4.164456796667583e-05	-4.056942281039429e-05	-3.9204263492678996e-05	-3.753144843060281e-05	-3.553772677757582e-05	-3.321490036938262e-05	-3.056136919057353e-05	-2.758273142805989e-05	-2.4292919656167928e-05	-2.0714371042162725e-05	-1.6878375663768007e-05	-1.2824476855143518e-05	-8.599775224474434e-06	-4.257439469655677e-06	1.4498212528354232e-07	4.547696370658981e-06	8.890921581102885e-06	1.311710014213199e-05	1.7173076993433323e-05	2.10117444187489e-05	2.459357482209601e-05	2.7887273295938275e-05	3.087042048649188e-05	3.352908132997034e-05	3.5857677509153955e-05	3.785780895686414e-05	3.9537695748401137e-05	4.091059112277921e-05	4.1994160602005387e-05	4.2808817791320855e-05	4.337730765871604e-05	4.3723167589134046e-05	4.3870644662094105e-05	4.3843356091746916e-05	4.366455950079119e-05	4.335599970084589e-05	4.2938487053685755e-05	4.243087625712099e-05	4.185088457827203e-05	4.12141401254087e-05	4.053517353228139e-05	3.982648255178073e-05	3.9099643684807075e-05	3.836435524675957e-05	3.762963052223161e-05	3.6902796266093866e-05	3.6190741900703216e-05	3.54988621025241e-05	3.4832346013788335e-05	3.41950607153248e-05	3.359087058628826e-05	3.3022463622486224e-05	3.249269468417085e-05	3.200335959019341e-05	3.1556557837801485e-05	3.115342091856211e-05	3.079549082530914e-05	3.0483409651517582e-05	3.0218310283621416e-05	3.0000474439376346e-05	2.983073168165948e-05	2.97090928599601e-05	2.963615315712583e-05	1.4805853779224e-05	
-1.4773394493387959e-05	-2.957281803557299e-05	-2.9650518702910853e-05	-2.9780173335161257e-05	-2.9961286128063978e-05	-3.0194013776201787e-05	-3.0477718709201758e-05	-3.0812382149489003e-05	-3.119716239794163e-05	-3.163178333905361e-05	-3.2115102012790806e-05	-3.26464651225054e-05	-3.322428951607934e-05	-3.384737882446758e-05	-3.4513519909693625e-05	-3.522075148304637e-05	-3.596597919418599e-05	-3.674618813355164e-05	-3.755707928860272e-05	-3.839421855867574e-05	-3.925169822542433e-05	-4.012321705078721e-05	-4.100077288577108e-05	-4.187567241724306e-05	-4.2737266061346777e-05	-4.357389310410628e-05	-4.437167883634301e-05	-4.511543247761262e-05	-4.5787540306868515e-05	-4.636885078537279e-05	-4.683771657078414e-05	-4.71709230399635e-05	-4.7342954429159425e-05	-4.732704424868263e-05	-4.709475925561868e-05	-4.661726235048703e-05	-4.586530781560967e-05	-4.481079002255784e-05	-4.342720143807972e-05	-4.169146887070838e-05	-3.9584818382104765e-05	-3.7094757407780585e-05	-3.421611376026206e-05	-3.095282414946731e-05	-2.7318714915492608e-05	-2.3338587354421853e-05	-1.9048202604242653e-05	-1.449415399798319e-05	-9.732654167433257e-06	-4.827973055100687e-06	1.499457867414197e-07	5.128174599943955e-06	1.0033774882654465e-05	1.4796816133163192e-05	1.9353020019043663e-05	2.364618923074999e-05	2.7629724457537623e-05	3.126788213174132e-05	3.4535857460976714e-05	3.741984391090623e-05	3.99159038355605e-05	4.202923146075482e-05	4.377232106183985e-05	4.51639708531717e-05	4.6227258475934046e-05	4.6988717987370924e-05	4.747646229810525e-05	4.7719765909366306e-05	4.774747612565746e-05	4.758805724032987e-05	4.7268288951174235e-05	4.681372033464473e-05	4.6247582285858005e-05	4.5591557694903216e-05	4.48648174649495e-05	4.408501303538405e-05	4.326735762247378e-05	4.242576570259282e-05	4.157192340252736e-05	4.0716521915785866e-05	3.98682827453216e-05	3.9035251163878034e-05	3.8223759027038965e-05	3.743975818997202e-05	3.668771524060379e-05	3.5971973598864545e-05	3.52955816843727e-05	3.4661677448274844e-05	3.407225546764271e-05	3.352957013697357e-05	3.303484910352467e-05	3.2589712263740876e-05	3.219483965302091e-05	3.1851403437574096e-05	3.1559698398226296e-05	3.1320583713496434e-05	3.1134083862581285e-05	3.1000836412338215e-05	3.0920670694032574e-05	1.544702858407871e-05	
-1.5374896326429947e-05	-3.077793777382008e-05	-3.086273280468267e-05	-3.100376729379794e-05	-3.120134193692008e-05	-3.145497676466893e-05	-3.176487777013898e-05	-3.2130447920773815e-05	-3.25517320801565e-05	-3.30279353195106e-05	-3.3558838435337535e-05	-3.4143327261928645e-05	-3.4780770437984124e-05	-3.546956259748116e-05	-3.620845541408229e-05	-3.699511674754984e-05	-3.7827405511829725e-05	-3.870194825405897e-05	-3.961534830165705e-05	-4.056278120016376e-05	-4.153912936747533e-05	-4.2537598939356e-05	-4.355077360127419e-05	-4.456925870878389e-05	-4.558265334189351e-05	-4.6578234602992496e-05	-4.754185701494047e-05	-4.84567026271232e-05	-4.930413372737099e-05	-5.006255478108069e-05	-5.0708269601229474e-05	-5.121452985713511e-05	-5.155248040659543e-05	-5.169050270574147e-05	-5.15953648972798e-05	-5.1231994990904336e-05	-5.056496744476548e-05	-4.955883533400943e-05	-4.818005024032079e-05	-4.639790661644218e-05	-4.4186866362388934e-05	-4.152798608264509e-05	-3.841137996819137e-05	-3.4837717333164784e-05	-3.0820255224995414e-05	-2.6385712343637282e-05	-2.1575099425687975e-05	-1.644321183764453e-05	-1.105762109660565e-05	-5.496397253001344e-06	1.5477559264722059e-07	5.806264236691899e-06	1.136844776519568e-05	1.6755632275358397e-05	2.1889762452485676e-05	2.670325952173439e-05	3.114134527274523e-05	3.516300432814326e-05	3.874153755447306e-05	4.186368596758303e-05	4.452880223519565e-05	4.674677303435405e-05	4.853656617684831e-05	4.992372354815607e-05	5.0938977577755554e-05	5.1615883509413714e-05	5.198991765775567e-05	5.2096515559054064e-05	5.1970781149050425e-05	5.164595957937463e-05	5.115370394444729e-05	5.0522886107092e-05	4.978029159704569e-05	4.8949636860909015e-05	4.805255730764413e-05	4.7107714534144426e-05	4.613196903608172e-05	4.5139493842331804e-05	4.414305700948124e-05	4.315309064899573e-05	4.217903704028912e-05	4.122834719825981e-05	4.030786483877216e-05	3.9422745471110734e-05	3.857786518151964e-05	3.777666129743966e-05	3.702255999293879e-05	3.6317744929707476e-05	3.566460100747648e-05	3.506441980958362e-05	3.451885794237121e-05	3.4028588862480255e-05	3.3594774192996336e-05	3.3217671390452976e-05	3.289811581486373e-05	3.263609317623694e-05	3.243222931818684e-05	3.228633571572488e-05	3.219890308196684e-05	1.6084813743082724e-05	
-1.5971129351240507e-05	-3.1973002820922946e-05	-3.206485547072551e-05	-3.2218206552191125e-05	-3.2432681514426826e-05	-3.270865899371856e-05	-3.3045737331993794e-05	-3.344423378843039e-05	-3.390365646616209e-05	-3.4424177306018955e-05	-3.50051133694608e-05	-3.5646365011968964e-05	-3.6346909458303026e-05	-3.7106194662418746e-05	-3.7922646983835125e-05	-3.879501031324079e-05	-3.9720868502749244e-05	-4.069791851773238e-05	-4.1722507318036326e-05	-4.2790827424335064e-05	-4.389746767401669e-05	-4.503652033044635e-05	-4.620014644744633e-05	-4.737958669059748e-05	-4.85637464733476e-05	-4.974010993278054e-05	-5.0893359917016535e-05	-5.2006208868228e-05	-5.305808732980477e-05	-5.4025930237329195e-05	-5.488299818101681e-05	-5.559969546450785e-05	-5.614263212087704e-05	-5.647559963222154e-05	-5.655903296055212e-05	-5.63513190637631e-05	-5.5808856469249544e-05	-5.488788944274438e-05	-5.3545344430849405e-05	-5.1741313364000985e-05	-4.9440707073885324e-05	-4.661628885238242e-05	-4.3250871041785894e-05	-3.9340403157074794e-05	-3.4895985047471174e-05	-2.9946061420701303e-05	-2.4537153276001956e-05	-1.873402266204939e-05	-1.2618120902144897e-05	-6.285046023376921e-06	1.5945975011819394e-07	6.60429862540772e-06	1.29383614614338e-05	1.9055920007811714e-05	2.4861367566612067e-05	3.0273269382312612e-05	3.5226857484203615e-05	3.967563002338684e-05	4.359113920998918e-05	4.696230693627425e-05	4.9793183555150045e-05	5.2100981085324654e-05	5.3912939181315544e-05	5.526417403950532e-05	5.619459990004205e-05	5.6747320077119e-05	5.696609986093092e-05	5.689457329955869e-05	5.6574366550414686e-05	5.6045080137025714e-05	5.534293943499388e-05	5.450137291120602e-05	5.35499970483399e-05	5.251559287721471e-05	5.142125035816341e-05	5.028758378893222e-05	4.913190989630137e-05	4.796959397032326e-05	4.68131854441006e-05	4.5673830373314794e-05	4.456032613140955e-05	4.348056642556697e-05	4.2440501471211e-05	4.144560032904329e-05	4.049971722006762e-05	3.960656588860662e-05	3.8768499977027125e-05	3.798799855088769e-05	3.7266371475058225e-05	3.660525654709983e-05	3.6005261534540774e-05	3.5467473085503516e-05	3.4992046687605164e-05	3.457972656047374e-05	3.4230393944432145e-05	3.394459600798529e-05	3.372206190426264e-05	3.356323757431805e-05	3.3467778064675836e-05	1.6718042028979643e-05	
-1.656091480821213e-05	-3.315489434369347e-05	-3.325450246584401e-05	-3.342032227694018e-05	-3.365284208708234e-05	-3.395179495823691e-05	-3.431770958118243e-05	-3.4750338565296733e-05	-3.525018678894617e-05	-3.5816947585830695e-05	-3.6450999912460006e-05	-3.715185564934795e-05	-3.791961586197741e-05	-3.8753431088986814e-05	-3.9652905724171735e-05	-4.061657159336866e-05	-4.16432280907833e-05	-4.2730427646250435e-05	-4.387573788541192e-05	-4.50752360513782e-05	-4.632467857360983e-05	-4.761800079520925e-05	-4.894837987166336e-05	-5.030673757345106e-05	-5.1682686156129904e-05	-5.3063037884018734e-05	-5.4432633405555636e-05	-5.5772875712422005e-05	-5.706246112692427e-05	-5.827598288805783e-05	-5.9384621790143245e-05	-6.0354911110499856e-05	-6.114950191833419e-05	-6.172624892543377e-05	-6.203924228321504e-05	-6.20384534828957e-05	-6.167130029486668e-05	-6.0883147018277726e-05	-5.961968681841628e-05	-5.782854448537053e-05	-5.546262324470925e-05	-5.2482799921603636e-05	-4.886198394538619e-05	-4.4588348947401926e-05	-3.966918698473346e-05	-3.413340402371812e-05	-2.8033602700845402e-05	-2.144614488062903e-05	-1.446987728791118e-05	-7.222599693997456e-06	1.6399817182933575e-07	7.5509342169276066e-06	1.4799239379716805e-05	2.1777213712610927e-05	2.8367073246349152e-05	3.446996391681385e-05	4.000954241540982e-05	4.493320173604089e-05	4.92120572299625e-05	5.283881555508195e-05	5.582532719227557e-05	5.819868465092729e-05	5.999803807102454e-05	6.127048955257837e-05	6.206844420730666e-05	6.244621776909103e-05	6.245847888605098e-05	6.215782247000852e-05	6.159431315554934e-05	6.0813877487108097e-05	5.985870021276514e-05	5.876615122178534e-05	5.756974020554816e-05	5.629831185367687e-05	5.497731959328727e-05	5.3628097381035536e-05	5.2269292782530774e-05	5.0916100488476615e-05	4.958176286861001e-05	4.8276708310705156e-05	4.7010073912295716e-05	4.578872866329247e-05	4.461880042127566e-05	4.350458451919404e-05	4.245007124330073e-05	4.145775032569297e-05	4.0530141023464655e-05	3.9668506659390414e-05	3.8874390820724356e-05	3.814825662738468e-05	3.7491031854363125e-05	3.6902686697186534e-05	3.6383789078062135e-05	3.593403328342246e-05	3.555380500119666e-05	3.5242671771236205e-05	3.500095570874089e-05	3.4828195408153105e-05	3.47247229268754e-05	1.7345052824495775e-05	
-1.714258870175273e-05	-3.432105178927824e-05	-3.442831299814762e-05	-3.460748546033033e-05	-3.485836556336996e-05	-3.518162108009443e-05	-3.5577178428226175e-05	-3.6045803676164855e-05	-3.658749633793541e-05	-3.720304341646663e-05	-3.7892423422950276e-05	-3.865632376231953e-05	-3.949455721333255e-05	-4.040753152602738e-05	-4.13946787778095e-05	-4.2455864273660126e-05	-4.358982697076028e-05	-4.479551266286494e-05	-4.607052113039518e-05	-4.74123463490003e-05	-4.881682353369201e-05	-5.027925732448049e-05	-5.1792860355093966e-05	-5.334975036517815e-05	-5.4939373235146725e-05	-5.654935438630798e-05	-5.816390693995279e-05	-5.976453626778107e-05	-6.132845402410014e-05	-6.282916465699467e-05	-6.42349472161197e-05	-6.550940869043907e-05	-6.661016751353618e-05	-6.74895491396244e-05	-6.809371244488041e-05	-6.836378448780761e-05	-6.82357967197243e-05	-6.764267134361452e-05	-6.651541329504387e-05	-6.47863696095468e-05	-6.23920159306512e-05	-5.9277637910170374e-05	-5.540156476459409e-05	-5.0740694577074315e-05	-4.529506933869092e-05	-3.9092554580239056e-05	-3.219154416256266e-05	-2.468225219722127e-05	-1.6685039830218774e-05	-8.346330432493438e-06	1.6837881562344406e-07	8.683443407492579e-06	1.7023206934518474e-05	2.5022187071864054e-05	3.253395155660842e-05	3.943815702464842e-05	4.5644583568030554e-05	5.1094858036736506e-05	5.576111231411882e-05	5.964332808161489e-05	6.276460802541277e-05	6.516664962704505e-05	6.690417153411591e-05	6.804072792242861e-05	6.864397979171582e-05	6.87829552758134e-05	6.852474418011969e-05	6.793335153538907e-05	6.706766653377617e-05	6.59815703907958e-05	6.47227584461206e-05	6.333365619859833e-05	6.185068232809649e-05	6.030560582202891e-05	5.8724953135982916e-05	5.713156505066498e-05	5.554397271590264e-05	5.397802015961111e-05	5.2446124497118065e-05	5.0958902039418186e-05	4.9524283995431564e-05	4.814912528654632e-05	4.683817700635375e-05	4.559567714490444e-05	4.4424194558546676e-05	4.332620852862877e-05	4.230284339071022e-05	4.1355445166590466e-05	4.0484225980482185e-05	3.968984446581285e-05	3.897197728639515e-05	3.8330907527785906e-05	3.776603837199627e-05	3.727749113848038e-05	3.686457401558679e-05	3.652738917589463e-05	3.6265267641662216e-05	3.607838304836753e-05	3.596616222426183e-05	1.7964450838018786e-05	
-1.7714783059331218e-05	-3.54679326947299e-05	-3.558350875076548e-05	-3.5776072215398135e-05	-3.604634700582438e-05	-3.639435171808931e-05	-3.682103002554515e-05	-3.7326604559934274e-05	-3.7912185024600295e-05	-3.857813156646903e-05	-3.932563114423347e-05	-4.015507323560562e-05	-4.106758350941531e-05	-4.2063412804970444e-05	-4.314341519395511e-05	-4.430744866948405e-05	-4.5555782121887295e-05	-4.688750298810154e-05	-4.830183446290952e-05	-4.9796541536037485e-05	-5.136913611318171e-05	-5.3015268827641686e-05	-5.472979639760823e-05	-5.6505143555000774e-05	-5.833220578359017e-05	-6.019866642162765e-05	-6.208971285751204e-05	-6.398630381939893e-05	-6.586569554658975e-05	-6.769968315153637e-05	-6.945497744017333e-05	-7.109150675770396e-05	-7.256277175992395e-05	-7.381440774612143e-05	-7.478478910910124e-05	-7.540422534853904e-05	-7.559628356836848e-05	-7.527819406392218e-05	-7.436354009700014e-05	-7.276456013339009e-05	-7.039683156584409e-05	-6.718391632678784e-05	-6.306411871189865e-05	-5.7996990430159373e-05	-5.197090053689758e-05	-4.5009224596581285e-05	-3.717562838193738e-05	-2.857615063454411e-05	-1.9358218953097975e-05	-9.705231123485845e-06	1.72602040591531e-07	1.0050794799992694e-05	1.9704875139884333e-05	2.8924621666472474e-05	3.75266534206446e-05	4.536353544368709e-05	5.2329248915902694e-05	5.8360124034759165e-05	6.343280828055532e-05	6.755893204340676e-05	7.077896984609565e-05	7.315462049462657e-05	7.476235157737434e-05	7.568659267792816e-05	7.6015138282301e-05	7.583441623732878e-05	7.522723281465273e-05	7.427003645019982e-05	7.303255805528363e-05	7.157644355054293e-05	6.995610216765154e-05	6.821805872561908e-05	6.640243385533991e-05	6.454254782167215e-05	6.266665930903029e-05	6.079754922662373e-05	5.8954317889697806e-05	5.715182166307685e-05	5.540244197127736e-05	5.3715334255380884e-05	5.2098144777973615e-05	5.055607551324035e-05	4.9093553591497187e-05	4.77131341721556e-05	4.641713733522705e-05	4.520641590528618e-05	4.408197531611632e-05	4.304363215565328e-05	4.209162948869277e-05	4.1225208525170424e-05	4.044422784507494e-05	3.9747666920525936e-05	3.913525385865199e-05	3.860591627385829e-05	3.815941896501864e-05	3.779477503116617e-05	3.751189237670046e-05	3.7309955945317376e-05	3.7189079999956244e-05	1.8574335391569625e-05	
-1.8275636890256646e-05	-3.659261821710498e-05	-3.6716318756984816e-05	-3.692306238110713e-05	-3.721286825387946e-05	-3.758676371893865e-05	-3.804510052989294e-05	-3.8589213581159614e-05	-3.9219745932240325e-05	-3.993828119372748e-05	-4.074568096807044e-05	-4.1643680374896675e-05	-4.26332396836445e-05	-4.371609050102777e-05	-4.48931008325745e-05	-4.6165756736840646e-05	-4.7534536583641244e-05	-4.9000309265486265e-05	-5.0562708804717646e-05	-5.222142534188197e-05	-5.3974565430419535e-05	-5.581980612716624e-05	-5.7752719736414346e-05	-5.9767755306614195e-05	-6.185650083666012e-05	-6.400845292745124e-05	-6.620918855018546e-05	-6.844088845669484e-05	-7.068040305920292e-05	-7.289952030702475e-05	-7.506295194638964e-05	-7.712840251567431e-05	-7.90445987329261e-05	-8.075135275543857e-05	-8.217794033337281e-05	-8.324358721125899e-05	-8.385678789927999e-05	-8.391697004272417e-05	-8.331567970152535e-05	-8.194046590388445e-05	-7.967900794953126e-05	-7.642614951855302e-05	-7.209151049556166e-05	-6.660948666159039e-05	-5.9949075498335995e-05	-5.2124150010247894e-05	-4.320124484595198e-05	-3.3304474790251445e-05	-2.261496235275804e-05	-1.1364591942316163e-05	1.7665565216532474e-07	1.171827973884057e-05	2.296976722172676e-05	3.366115300061558e-05	4.3560543608268856e-05	5.248683548639429e-05	6.031590823794364e-05	6.698124944620114e-05	7.246898408092548e-05	7.681014023217555e-05	8.007032386113454e-05	8.233994409737153e-05	8.372416299585756e-05	8.433533386211249e-05	8.42859176666738e-05	8.368440474401944e-05	8.2631382031503e-05	8.121839545411453e-05	7.952623880746719e-05	7.762568112704149e-05	7.557693518467899e-05	7.343132377130241e-05	7.1231173160871e-05	6.901182628068266e-05	6.680153243871553e-05	6.462350157539383e-05	6.249559727471718e-05	6.043230918916409e-05	5.844419284045313e-05	5.653973379560786e-05	5.472454369850367e-05	5.3003131501673734e-05	5.137789026293571e-05	4.985080319436393e-05	4.842226060141057e-05	4.709272760389786e-05	4.586142702539528e-05	4.472798989726707e-05	4.3691034067837634e-05	4.274981202651449e-05	4.1902709086632774e-05	4.1148897252113936e-05	4.048677193027128e-05	3.9915615940930936e-05	3.94339899662069e-05	3.904140731662156e-05	3.873669055938676e-05	3.85196550876956e-05	3.838944234273517e-05	1.917310416694529e-05	
-1.88236205851539e-05	-3.769120038721907e-05	-3.782362481369866e-05	-3.8044433104601815e-05	-3.8354633087646284e-05	-3.8754602411026094e-05	-3.924579384666479e-05	-3.9829023973994e-05	-4.050615786971816e-05	-4.127841031920253e-05	-4.2147999975293354e-05	-4.311646591828228e-05	-4.4186279560143576e-05	-4.5359176999746346e-05	-4.663771433687609e-05	-4.8023612858878566e-05	-4.9519239637746426e-05	-5.112595772905406e-05	-5.284550852044758e-05	-5.4678352388441405e-05	-5.66249218520383e-05	-5.8683929234169504e-05	-6.0853450187240386e-05	-6.312916417593162e-05	-6.550521736014333e-05	-6.797235114967771e-05	-7.05184852820565e-05	-7.312668507276378e-05	-7.577540877252075e-05	-7.843627879874037e-05	-8.107397126540868e-05	-8.364381698728002e-05	-8.609141082768215e-05	-8.835021963371221e-05	-9.034120863960111e-05	-9.197093472712353e-05	-9.313188171106396e-05	-9.370200273565261e-05	-9.354701107030508e-05	-9.252289914822597e-05	-9.048189394975765e-05	-8.727966065615457e-05	-8.27862807708192e-05	-7.689866187729532e-05	-6.955558517961506e-05	-6.075224687690831e-05	-5.055369799316723e-05	-3.9103256260613175e-05	-2.6624312340657293e-05	-1.3412659271076505e-05	1.8054050601886383e-07	1.3774120121083037e-05	2.6986927069963876e-05	3.946778802054883e-05	5.092092773446291e-05	6.112294822135955e-05	6.993055298574482e-05	7.727868736622087e-05	8.317217988704304e-05	8.767224957498395e-05	9.088201715414012e-05	9.293140544537073e-05	9.396478130838299e-05	9.412992645772594e-05	9.357088443922917e-05	9.24219553824655e-05	9.08052263259968e-05	8.882823195332525e-05	8.658446010220396e-05	8.41529695994683e-05	8.160034326197237e-05	7.898101638962262e-05	7.633971326693892e-05	7.371179466926416e-05	7.112569929729423e-05	6.860301323362728e-05	6.616073898586643e-05	6.381100941547772e-05	6.156315843957498e-05	5.942310169781165e-05	5.739524347694343e-05	5.548158018060426e-05	5.368349271090263e-05	5.2000632042335966e-05	5.043264167579843e-05	4.89778764575333e-05	4.763508916194782e-05	4.640202310061213e-05	4.5277086165896555e-05	4.425784827041717e-05	4.334271728771393e-05	4.252936492575883e-05	4.1816412264129824e-05	4.120180223147175e-05	4.068449757466045e-05	4.026281428039677e-05	3.9936131381494576e-05	3.9703196997394494e-05	3.956384697114436e-05	1.9758646660891314e-05	
-1.9356712274143708e-05	-3.87604709300802e-05	-3.890131761931658e-05	-3.913684105566496e-05	-3.946733352207628e-05	-3.989425043712585e-05	-4.0418464461795676e-05	-4.104199812003583e-05	-4.176629043415052e-05	-4.259390562327597e-05	-4.352681622627635e-05	-4.4568077088769976e-05	-4.572012687597139e-05	-4.698641425878304e-05	-4.8369716644644544e-05	-4.9873701972384004e-05	-5.15012588809776e-05	-5.325597221953306e-05	-5.514045204343688e-05	-5.715769306881285e-05	-5.930938000365236e-05	-6.159708988375651e-05	-6.402053755193507e-05	-6.657856457476712e-05	-6.92672711301791e-05	-7.208071684700892e-05	-7.500886624190318e-05	-7.803790996843381e-05	-8.114793845186196e-05	-8.43127901486143e-05	-8.749738316577934e-05	-9.06570415834324e-05	-9.373450263299495e-05	-9.665882489255423e-05	-9.93423303376821e-05	-0.00010167955956218687	-0.00010354491680175204	-0.00010479281645409014	-0.00010525764654156821	-0.00010475722315727285	-0.00010309766385635803	-0.00010008301725088816	-9.552778923724867e-05	-8.927465250288254e-05	-8.121469095170126e-05	-7.13101893254043e-05	-5.961540901499988e-05	-4.629255855875163e-05	-3.1617274629092314e-05	-1.5970676871773608e-05	1.8424435865253136e-07	1.6339561922887975e-05	3.198733582763483e-05	4.666459218430688e-05	5.999020217094947e-05	7.168854917682954e-05	8.159741928080678e-05	8.966257478372095e-05	9.592172952080672e-05	0.00010048382699741538	0.00010350619728273676	0.00010517436575060903	0.00010568429100229061	0.00010522989081836447	0.00010399336111488878	0.00010214035354243005	9.981647091602435e-05	9.714735335656635e-05	9.423848317113197e-05	9.117758785489303e-05	8.803563798988172e-05	8.486995145526809e-05	8.172524025969034e-05	7.863664768033968e-05	7.563037905933593e-05	7.272641238632318e-05	6.993860942478556e-05	6.727708200044292e-05	6.47478325734371e-05	6.235484629074086e-05	6.0099354563380265e-05	5.7981738088445694e-05	5.600050509515066e-05	5.415407805886167e-05	5.243956141393551e-05	5.085446557183279e-05	4.939532052909088e-05	4.80593732570947e-05	4.684308838137467e-05	4.574384132275742e-05	4.475833591408425e-05	4.388430579426911e-05	4.3118870928843776e-05	4.2460252926631635e-05	4.1906087097095623e-05	4.1455152741425914e-05	4.11056538372706e-05	4.085696225844833e-05	4.070787781821832e-05	2.0329190135377465e-05	
-1.987326223341792e-05	-3.97962428486614e-05	-3.994602241206518e-05	-4.0195951354234856e-05	-4.054736585715307e-05	-4.100107118013264e-05	-4.1559117271100504e-05	-4.222303218885815e-05	-4.299558051700704e-05	-4.387901419651872e-05	-4.4876803936954804e-05	-4.5991910901274386e-05	-4.72284794594298e-05	-4.8590130624349764e-05	-5.008160155145361e-05	-5.170705763609751e-05	-5.34716594679963e-05	-5.537988426459675e-05	-5.7436993575331015e-05	-5.964734509443937e-05	-6.201572293482074e-05	-6.454560631461847e-05	-6.724030702016123e-05	-7.010114029425401e-05	-7.312828964460224e-05	-7.631879645793056e-05	-7.966704066559541e-05	-8.316243129245597e-05	-8.678935827992362e-05	-9.052443761942803e-05	-9.433577488122285e-05	-9.81796288748708e-05	-0.0001019988829647977	-0.00010571911784379212	-0.00010924642326602045	-0.00011246326393000191	-0.00011522637360418379	-0.00011736368174592132	-0.00011867423745336734	-0.00011892899214320995	-0.00011787646108185742	-0.00011525189490519143	-0.00011079360496213039	-0.00010426494829333163	-9.548370871379267e-05	-8.43551482952135e-05	-7.090618348268231e-05	-5.5312947865893266e-05	-3.7915033767908736e-05	-1.9208189867964175e-05	1.8776861557203046e-07	1.958412579198079e-05	3.82921807208596e-05	5.569210703280144e-05	7.128817475744059e-05	8.474078431544032e-05	9.587382459907176e-05	0.00010466037595282911	0.0001111952026318459	0.00011566052186554824	0.00011829300691736902	0.00011935435200830392	0.00011910934098177109	0.00011780946900450382	0.00011568382358449108	0.0001129333713319608	0.00010973022651052252	0.00010621767683083728	0.00010251330655396042	9.871105376598431e-05	9.488539251908783e-05	9.109347434962305e-05	8.737910164540515e-05	8.37742116226917e-05	8.030225674589752e-05	7.697889871701607e-05	7.381480519276333e-05	7.081565788279176e-05	6.798450146192124e-05	6.532122539860681e-05	6.28246112622195e-05	6.049143314303091e-05	5.8318321005680174e-05	5.6300591341368626e-05	5.443400991400279e-05	5.2713432630436706e-05	5.1134522232470256e-05	4.969225489623053e-05	4.838262426671186e-05	4.720105208333062e-05	4.614409841279519e-05	4.520780310565185e-05	4.438941145756478e-05	4.3685665865429336e-05	4.3094549911043626e-05	4.261354486051515e-05	4.2241391165968476e-05	4.197632146716324e-05	4.1817835938540404e-05	2.0882460769164303e-05	
-2.0371138009037248e-05	-4.079511585966983e-05	-4.095339317748719e-05	-4.1218196927948135e-05	-4.15901366976838e-05	-4.207115587868924e-05	-4.266273303475668e-05	-4.336768461919786e-05	-4.418838433089184e-05	-4.512854648723588e-05	-4.6191468289720266e-05	-4.738178363961095e-05	-4.870373133260869e-05	-5.016286688449054e-05	-5.176435654306416e-05	-5.351463094628524e-05	-5.5419699687195626e-05	-5.7486724364646754e-05	-5.972234002265761e-05	-6.213411483202099e-05	-6.472885115576935e-05	-6.751388242156231e-05	-7.049530511164543e-05	-7.367903719804325e-05	-7.706889953165697e-05	-8.066732091787732e-05	-8.447313994683651e-05	-8.848178735436862e-05	-9.268261793619025e-05	-9.705833697450051e-05	-0.00010158161105427153	-0.0001062134611139326	-0.00011089889263730447	-0.00011556403951897345	-0.00012011073364849535	-0.00012441255331251404	-0.0001283089051824773	-0.00013160118635524446	-0.00013404853478244392	-0.0001353675288581378	-0.00013523461827996035	-0.00013329608928142078	-0.00012918537364567557	-0.00012255194883701724	-0.00011310058933331315	-0.00010064122632580863	-8.514259312381272e-05	-6.67813955655338e-05	-4.5972509283350544e-05	-2.336711944522004e-05	1.9110109211717928e-07	2.3749736281852103e-05	4.635635682598456e-05	6.716730704750843e-05	8.553139252610669e-05	0.00010103375872745797	0.00011349769469040996	0.00012295449217331576	0.0001295942191841563	0.00013371213039822154	0.00013565875213114326	0.0001358006860238091	0.0001344916545331274	0.0001320552459181494	0.00012877489579430474	0.00012489150904646212	0.00012060370840358985	0.00011607213535467283	0.00011142323785372416	0.00010675523805106068	0.00010214203542299142	9.763868508967232e-05	9.328420746542137e-05	8.910600396885935e-05	8.512141966372842e-05	8.134117617011969e-05	7.776990329083503e-05	7.440884848494754e-05	7.125565510012139e-05	6.830659943532686e-05	6.55558489703998e-05	6.299741723118772e-05	6.062407153519016e-05	5.842913448494784e-05	5.6405156307514444e-05	5.4545644381604527e-05	5.284357594503825e-05	5.1293104250003864e-05	4.98879612143969e-05	4.862316735850685e-05	4.7493357285631325e-05	4.6494506994749954e-05	4.562220473879741e-05	4.487340090176701e-05	4.424464050050786e-05	4.373383566475496e-05	4.333847227510473e-05	4.3057401945655095e-05	4.288903302796389e-05	2.1416568535336732e-05	
-2.084862524699872e-05	-4.175273887407727e-05	-4.191991143202038e-05	-4.219904947794531e-05	-4.259185309840161e-05	-4.309961148262425e-05	-4.372504407063662e-05	-4.4470489054482796e-05	-4.5339732659261365e-05	-4.6336222036207384e-05	-4.7464873765144214e-05	-4.873031613664096e-05	-5.013866652943546e-05	-5.169580591329138e-05	-5.3409112132566934e-05	-5.528576566350045e-05	-5.733442113668225e-05	-5.95635368044338e-05	-6.198295837777452e-05	-6.460225339649907e-05	-6.743216720346968e-05	-7.048292437256002e-05	-7.376549251596415e-05	-7.728978131880785e-05	-8.106561006362479e-05	-8.510068381580038e-05	-8.940109737887126e-05	-9.396888978444734e-05	-9.880182370396824e-05	-0.00010389020948507125	-0.00010921557760467412	-0.0001147463382534554	-0.00012043485531572557	-0.0001262114470466705	-0.00013197941701634762	-0.0001376071455161281	-0.00014292121253584554	-0.00014769743554564883	-0.00015165410166093594	-0.00015444574374730898	-0.00015566272938592795	-0.00015483712989317923	-0.00015146137255198045	-0.00014502158144019	-0.00013505089088715035	-0.00012120102853176813	-0.00010332817925798104	-8.157789862773971e-05	-5.6447829451467414e-05	-2.8800490338991465e-05	1.9424379771358982e-07	2.9189393879991334e-05	5.683799630440932e-05	8.197016479229895e-05	0.00010372340027770292	0.00012160005279706482	0.00013545459042688243	0.0001454308255150554	0.0001518770582500371	0.00015526015616026132	0.0001560940273514506	0.00015488625134020334	0.00015210479359699922	0.00014815929868012656	0.0001433952754501546	0.0001380944547618218	0.00013248106624743727	0.00012672855431449664	0.00012096859170355437	0.00011529790638804545	0.00010978623976266161	0.0001044812674950861	9.94146465099141e-05	9.460489492233175e-05	9.006177800089667e-05	8.578759193915279e-05	8.178038308186294e-05	7.803412723630628e-05	7.45412160000886e-05	7.12919142080115e-05	6.82764219708847e-05	6.548387140638203e-05	6.290416309930145e-05	6.052666956985126e-05	5.834196648903502e-05	5.6340347160149416e-05	5.451351783305634e-05	5.285298765564237e-05	5.13517658398423e-05	5.000266740460402e-05	4.8800030924865635e-05	4.773796612561078e-05	4.6812099697160546e-05	4.601778253131857e-05	4.535186452138217e-05	4.481087451731589e-05	4.439282123919135e-05	4.4095356382466646e-05	4.391759660637138e-05	2.1929139373874857e-05	
-2.1303544747722214e-05	-4.266564440260634e-05	-4.284112487028481e-05	-4.3134848476354474e-05	-4.354777482452626e-05	-4.408237888447992e-05	-4.474080917828778e-05	-4.5526756508309444e-05	-4.644363737676876e-05	-4.74964502365773e-05	-4.868999082989134e-05	-5.003068743477952e-05	-5.152485361076313e-05	-5.3180492441671807e-05	-5.5005589808536e-05	-5.700987464549227e-05	-5.9203151391974175e-05	-6.15969975440172e-05	-6.420312572139427e-05	-6.70349891248474e-05	-7.010614880055056e-05	-7.343173819984218e-05	-7.702678475639583e-05	-8.090745012709875e-05	-8.508920882268917e-05	-8.958772039596697e-05	-9.441668860047639e-05	-9.958812020447003e-05	-0.00010510955818666544	-0.00011098332024800253	-0.00011720260223382754	-0.00012374905925662785	-0.00013058702153977597	-0.0001376585314120933	-0.00014487472202922061	-0.0001521073922441758	-0.00015917689806625745	-0.00016584025174534007	-0.00017177678691481456	-0.0001765762337199064	-0.0001797290824993576	-0.00018062653169289384	-0.00017857382823115728	-0.00017282720149080014	-0.00016266020631696765	-0.00014746615640958555	-0.000126891521078947	-0.00010098372443235765	-7.031566452140193e-05	-3.603686984923792e-05	1.9718471604840415e-07	3.6431670516044994e-05	7.071174529668439e-05	0.00010138195201238754	0.00012729275286567148	0.0001478712718501582	0.00016307008001066473	0.0001732427343727732	0.00017899592105342314	0.00018105611597812508	0.00018016709454808568	0.0001770236452647688	0.0001722345798088093	0.00016630944825328183	0.00015965853639269938	0.00015260255640711217	0.00014538451839137293	0.00013818411809241385	0.00013112958611848882	0.0001243098476931626	0.00011778289792474224	0.0001115844724360707	0.00010573296256205706	0.00010023524680939807	9.508906417844665e-05	9.028695582033778e-05	8.581698341720103e-05	8.166553867579199e-05	7.781704404197047e-05	7.425613368767939e-05	7.096674367091613e-05	6.793397076653552e-05	6.514279757080066e-05	6.257980557570694e-05	6.0231679123869824e-05	5.8086869876214353e-05	5.6133963205280495e-05	5.4363344849429375e-05	5.276547870993023e-05	5.1332600037346866e-05	5.005693417940371e-05	4.8932425812838804e-05	4.79529175129055e-05	4.7113916349336764e-05	4.641074540880037e-05	4.5840344626375324e-05	4.5399405401315996e-05	4.508620018593196e-05	4.4898708849065074e-05	2.241823517831253e-05	
-2.1734185631288938e-05	-4.352945801115058e-05	-4.371351116048374e-05	-4.402102028306023e-05	-4.4454070610366666e-05	-4.5014471433679515e-05	-4.5705657551598346e-05	-4.653084313408317e-05	-4.7494918476406045e-05	-4.860263731242364e-05	-4.986050177200783e-05	-5.127499082746998e-05	-5.2854425949824205e-05	-5.460724736017897e-05	-5.654385155300372e-05	-5.867491964909829e-05	-6.101321480245735e-05	-6.357196197999323e-05	-6.636658660048942e-05	-6.941313518436093e-05	-7.272992322671144e-05	-7.633596706386981e-05	-8.02524831140008e-05	-8.450126510209648e-05	-8.910592780589995e-05	-9.409009633941574e-05	-9.947819679905791e-05	-0.00010529320146871542	-0.00011155660560483837	-0.00011828525653071582	-0.00012548987630378377	-0.00013317014692518572	-0.00014131070172709154	-0.00014987312605693878	-0.0001587877869175015	-0.00016794089931585583	-0.00017716027792594158	-0.00018619588380138982	-0.000194698957050604	-0.00020219782121196593	-0.00020807646459811363	-0.0002115588012179398	-0.00021171050072525503	-0.00020746935747305295	-0.00019772265364949825	-0.00018144482561761053	-0.00015790240531784842	-0.00012690655239834753	-8.905849794963328e-05	-4.5891194106621996e-05	1.9992651299196793e-07	4.6291478520069877e-05	8.946009246191527e-05	0.00012731032418007975	0.00015830924183286464	0.000181855607298719	0.00019813828561653047	0.00020789074251532143	0.00021213857082908643	0.0002119944910112478	0.00020852074261691915	0.0002026516639651579	0.000195163379960906	0.00018667191605213585	0.00017764899301996517	0.00016844339087128553	0.00015930519879835472	0.00015040662929184765	0.00014186152417841299	0.0001337395515136233	0.00012607919019903813	0.00011889585087674183	0.0001121899242350978	0.00010595074234203035	0.00010016154026716649	9.480088852296161e-05	8.984590847227209e-05	8.527225323618078e-05	8.105640450147553e-05	7.717484234341025e-05	7.36058953196418e-05	7.032846015586646e-05	6.732366113281374e-05	6.457331742217362e-05	6.206154495362777e-05	5.977307844214346e-05	5.7694881500089835e-05	5.581438139897588e-05	5.4121117008893235e-05	5.260491846846186e-05	5.1257603462420416e-05	5.007112062821461e-05	4.90392948288846e-05	4.815594645987353e-05	4.741668143421547e-05	4.681699540675337e-05	4.635410184720227e-05	4.602502887793563e-05	4.582847783291978e-05	2.2881460004009344e-05	
-2.213839722116163e-05	-4.434079299985082e-05	-4.453266681238668e-05	-4.485396811746466e-05	-4.530602241159549e-05	-4.5891855718242005e-05	-4.661431894378628e-05	-4.747801777447758e-05	-4.848747106501631e-05	-4.964903721716126e-05	-5.096911592109666e-05	-5.245606539551015e-05	-5.411845697484097e-05	-5.5966977720093864e-05	-5.8012746842041525e-05	-6.026919739025383e-05	-6.275046155595701e-05	-6.547322231392397e-05	-6.845516969363109e-05	-7.171680616150695e-05	-7.527996484123819e-05	-7.916953664383974e-05	-8.341201791223706e-05	-8.803709406643076e-05	-9.307613598287512e-05	-9.856350714360887e-05	-0.00010453483159324607	-0.00011102775678256552	-0.00011807962705085969	-0.00012572717352658607	-0.00013400286864030902	-0.000142932530229933	-0.00015252898837981904	-0.00016278575779515555	-0.00017366561027009632	-0.00018508725645174418	-0.00019690515019862766	-0.00020888510713500813	-0.00022067153962023324	-0.0002317498774818004	-0.0002414034258014675	-0.00024867354776214644	-0.00025233257141241876	-0.00025089217620404567	-0.00024267483933670952	-0.00022598599320817255	-0.00019941433080353406	-0.00016225788627904783	-0.00011500010000836279	-5.966341341550512e-05	2.0245744913405597e-07	6.006877419026911e-05	0.00011540678452508311	0.00016266679079024026	0.00019982634225197823	0.00022640202142491447	0.00024309578957954934	0.000251318981204101	0.0002527661643063001	0.00024911489391573303	0.00024185349629662033	0.000232209680651439	0.000221142095254081	0.0002093674776675891	0.00019740041580365336	0.00018559654583457492	0.00017419007682724493	0.00016332660997548385	0.00015308746709475273	0.00014350993876365513	0.00013460055150821097	0.00012634654593467122	0.00011872215541548152	0.00011169498776400705	0.00010522837450988975	9.928506263533188e-05	9.382748057873869e-05	8.882010857154919e-05	8.422867442150225e-05	8.002192679312803e-05	7.617028960270507e-05	7.264740415875823e-05	6.942851016944734e-05	6.649193378238823e-05	6.38173284045738e-05	6.138718923391493e-05	5.918501931285357e-05	5.719690300348153e-05	5.540962945767454e-05	5.381233400997772e-05	5.2394595472139276e-05	5.114814334301627e-05	5.0064938257527364e-05	4.913893799639315e-05	4.836416760123824e-05	4.773653526598375e-05	4.725189784887608e-05	4.6907917277222024e-05	4.670212734429204e-05	2.331691074625186e-05	
-2.251454993650305e-05	-4.5095412330562016e-05	-4.529522674683085e-05	-4.5629244724078235e-05	-4.60999384875475e-05	-4.67096459641978e-05	-4.7462526472587274e-05	-4.836268961977557e-05	-4.941615492559841e-05	-5.062902489536415e-05	-5.200944417861332e-05	-5.356582831952207e-05	-5.5308819364550173e-05	-5.72495828264466e-05	-5.940175779514168e-05	-6.177983524652351e-05	-6.440110115246017e-05	-6.728410861295882e-05	-7.045061097454462e-05	-7.392413652230784e-05	-7.77319024626718e-05	-8.190349003891248e-05	-8.647271347361827e-05	-9.147636667141876e-05	-9.695598115457959e-05	-0.00010295655452525468	-0.00010952804129235074	-0.00011672383933764409	-0.00012460166185038408	-0.00013322127217873527	-0.00014264397259812142	-0.0001529284859400216	-0.00016412745898047995	-0.0001762792190519232	-0.00018939809261836688	-0.00020345765091995464	-0.00021836898278770975	-0.00023394796126604655	-0.00024987260081249865	-0.00026562516052377073	-0.0002804218400417804	-0.00029313121613461397	-0.0003021965745780312	-0.0003055867118563326	-0.0003008253751028058	-0.00028516882028730177	-0.0002560160934335816	-0.00021160228817499122	-0.00015191049133412952	-7.951130155464973e-05	2.0478089523406906e-07	7.992130816698905e-05	0.00015232184874268027	0.00021201589067699166	0.0002564328562724709	0.00028558965180516295	0.0003012512092509072	0.0003060184806688753	0.00030263524049788104	0.0002935777449716657	0.00028087723304655917	0.00026609042799713325	0.0002503487938667493	0.00023443614625755596	0.00021887027271453967	0.00020397318085566235	0.00018992905070733235	0.00017682682313154615	0.00016469298715088353	0.0001535132545736459	0.00014324936647999264	0.00013384872411786137	0.00012525268241115174	0.00011739999828750086	0.00011023099697529497	0.0001036880374063379	9.771782292439918e-05	9.22704861817294e-05	8.730114570919246e-05	8.276837478228842e-05	7.86355133292558e-05	7.486887274897169e-05	7.143902678880166e-05	6.831890861361929e-05	6.548517037853306e-05	6.291623871356366e-05	6.0593771750029016e-05	5.850069912710968e-05	5.662277856062606e-05	5.494662972465382e-05	5.346138161429036e-05	5.215670351557959e-05	5.102453071518013e-05	5.0057094306087176e-05	4.924871219774697e-05	4.8593819977551327e-05	4.8088814835846276e-05	4.7730090887185045e-05	4.751592473990887e-05	2.372226002804047e-05	
-2.2860604619741834e-05	-4.579017385227574e-05	-4.5997008524440614e-05	-4.634349347417948e-05	-4.683131452261143e-05	-4.746403730003424e-05	-4.824520648895995e-05	-4.918033078146167e-05	-5.027502594561262e-05	-5.153700669678857e-05	-5.297428628876793e-05	-5.459717367558125e-05	-5.6416544529289765e-05	-5.844584467519124e-05	-6.069944997448676e-05	-6.319467997715778e-05	-6.595026682316681e-05	-6.89883860246514e-05	-7.233325678269374e-05	-7.601319865842266e-05	-8.005938561933719e-05	-8.450793510877237e-05	-8.939883103204187e-05	-9.477803807181535e-05	-0.0001006965834088186	-0.00010721264672842177	-0.0001143907202850263	-0.00012230351366488573	-0.00013103093590762622	-0.00014066138184772113	-0.00015128986065918843	-0.00016301759261384656	-0.00017594764428664582	-0.0001901803249272551	-0.00020580256469369864	-0.00022287352475581492	-0.00024139961441802535	-0.0002612988423471934	-0.0002823458829223427	-0.0003040952529254682	-0.00032577369981209294	-0.00034614206239665015	-0.00036333064167035295	-0.00037467794787127834	-0.0003766361984484418	-0.0003648690356067297	-0.0003347271265942281	-0.00028230716358218716	-0.000206151117954384	-0.00010918972708955652	2.068854936623267e-07	0.00010960395646546217	0.0002065667083688918	0.00028272503655195694	0.00033514819432988764	0.00036529423393209543	0.0003770664588732468	0.00037511423036326683	0.0003637739071389	0.0003465933052491602	0.00032623392101707206	0.00030456549229083366	0.0002828271929110333	0.0002617923200236806	0.0002419063761958701	0.00022339473797011885	0.00020633942346861417	0.000190734081346897	0.00017651958558194077	0.00016360907192317564	0.0001519022757489573	0.00014129620547759995	0.00013168969631881255	0.0001229878245944257	0.00011510226348128438	0.00010795320169609585	0.00010146801224439686	9.558231506758062e-05	9.023803016757804e-05	8.538425970111509e-05	8.097515886298955e-05	7.697089358338273e-05	7.333549030900856e-05	7.00379495849987e-05	6.705012449415292e-05	6.434800024471477e-05	6.190960863017232e-05	5.9716458359260725e-05	5.7751479245938436e-05	5.600058095147682e-05	5.445061837966938e-05	5.309105646384416e-05	5.191195011490754e-05	5.0905694987223615e-05	5.0065018331504516e-05	4.938479846227876e-05	4.886006588340706e-05	4.848787681036795e-05	4.8265326620123966e-05	2.4095732552327645e-05	
-2.3175096070546057e-05	-4.6421149639631396e-05	-4.6634977420317576e-05	-4.699257926101155e-05	-4.749679296464709e-05	-4.8150460198066345e-05	-4.895842919896757e-05	-4.992566720047009e-05	-5.105927642413502e-05	-5.2366662239268665e-05	-5.385756141041545e-05	-5.554228216185096e-05	-5.7433747260029154e-05	-5.954582602843775e-05	-6.189539954177522e-05	-6.450080970430599e-05	-6.738395994275844e-05	-7.056891300750718e-05	-7.408404824837527e-05	-7.796084777580764e-05	-8.223614023554016e-05	-8.695112322139775e-05	-9.215373108443917e-05	-9.789794570369526e-05	-0.00010424632473108111	-0.00011126964023851704	-0.00011904957273695246	-0.00012767865317660253	-0.00013726301090817236	-0.00014792238858391958	-0.00015979248420650385	-0.00017302423026938855	-0.00018778432671281552	-0.00020425145330096005	-0.00022261116464889906	-0.000243042885907942	-0.0002656994251991828	-0.00029066963259080734	-0.0003179196168817504	-0.00034719757544044534	-0.00037789035467628495	-0.0004088120957108344	-0.0004379158028012158	-0.00046193475580854964	-0.00047602016724473777	-0.0004735484500341513	-0.0004464541424202238	-0.00038663417396002505	-0.0002889501106481422	-0.00015561452137238113	2.087753619758187e-07	0.00015603252816634786	0.00028936950230682226	0.00038705586749863616	0.00044687907634693427	0.00047397755608221456	0.00047645440353519817	0.0004623750789162027	0.0004383632007379252	0.0004092675604954162	0.0003783549150741237	0.00034767227021150014	0.0003184055272199759	0.0002911678562303383	0.0002662111085076776	0.00024356919903907007	0.00022315333325758084	0.00020481073494109272	0.00018836204216015479	0.0001736217413777334	0.0001604112248464731	0.00014856384418960428	0.00013792874906844318	0.00012837030512880476	0.00011976886368313447	0.00011201837307483814	0.00010502641020646757	9.871138871555402e-05	9.300266085435238e-05	8.783778254254498e-05	8.316291591266311e-05	7.893026328154929e-05	7.509879476760324e-05	7.163184605407571e-05	6.849813146775e-05	6.56694693489606e-05	6.312202842394569e-05	6.0834143471736127e-05	5.87877470745856e-05	5.6966245907954735e-05	5.535609825473592e-05	5.394473010248286e-05	5.272222684448897e-05	5.167927610549356e-05	5.080894867572221e-05	5.010466115581253e-05	4.956202633875803e-05	4.9176833547828123e-05	4.894695269041627e-05	2.443516695018272e-05	
-2.345618219373715e-05	-4.698561115689004e-05	-4.720535059932409e-05	-4.757356984715483e-05	-4.809228508511159e-05	-4.876555475536297e-05	-4.959756139798872e-05	-5.059464383591866e-05	-5.176343273188304e-05	-5.311290055823569e-05	-5.465256735833301e-05	-5.6394571532320415e-05	-5.8351966976902465e-05	-6.0540823444476654e-05	-6.297864272097761e-05	-6.568650532874469e-05	-6.868764260997055e-05	-7.200965791505354e-05	-7.568330461844028e-05	-7.974482603441066e-05	-8.423500796559042e-05	-8.92017038480389e-05	-9.469925557820049e-05	-0.00010079129923029802	-0.00010755067848377154	-0.00011506265750603983	-0.00012342547756655036	-0.00013275411764208044	-0.0001431816296304342	-0.00015486351661423412	-0.00016797980639015643	-0.00018273975467276667	-0.00019938392302833305	-0.00021818764911856674	-0.0002394601491021251	-0.00026354129234566455	-0.00029078806900350706	-0.0003215479705204684	-0.00035610462610360374	-0.0003945813267782431	-0.00043677177007002757	-0.0004818612906198356	-0.000527985402747577	-0.0005715810504375736	-0.0006065304377759137	-0.000623260647836086	-0.000608325465689453	-0.0005456365910260583	-0.00042116702219127493	-0.00023243766238327523	2.104396228481617e-07	0.00023285901023162043	0.0004215897615327119	0.0005460616640062515	0.0006087538051639607	0.0006236932108677718	0.0006069681773434119	0.0005720249487895339	0.0005284364435363944	0.0004823204920466522	0.00043724015761872556	0.0003950599660920151	0.0003565945964995082	0.00032205039754801745	0.00029130409892752203	0.0002640721243501176	0.00024000701093911613	0.0002187518289372592	0.00019996674640127715	0.00018334261605095067	0.0001686041477355956	0.0001555108585090067	0.00014385355176770314	0.00013345228965091084	0.00012415164164396233	0.00011581865906236432	0.00010833845123820298	0.00010161289583604245	9.555683555625331e-05	9.009756442086478e-05	8.517157527249694e-05	8.07246864915805e-05	7.670919994968344e-05	7.308451747094365e-05	6.981458286728652e-05	6.686886375079293e-05	6.42199825377086e-05	6.18449698315583e-05	5.972301814017694e-05	5.783693824111373e-05	5.6170991641851965e-05	5.4712499971677504e-05	5.344972835553304e-05	5.2373611112838076e-05	5.1475669647033385e-05	5.0749827041907044e-05	5.019035217115593e-05	4.9793742406486814e-05	4.955669150906668e-05	2.473901226952024e-05	
-2.3702644722747277e-05	-4.748011054940243e-05	-4.77055966199629e-05	-4.808282911924673e-05	-4.8614964957088876e-05	-4.9305288431620564e-05	-5.0159252304672955e-05	-5.118258063234864e-05	-5.238333218587568e-05	-5.377007019744475e-05	-5.535395068483306e-05	-5.714698022327814e-05	-5.916413792470557e-05	-6.142174948725593e-05	-6.393966046509814e-05	-6.673976532707782e-05	-6.984826281921373e-05	-7.329439455962836e-05	-7.711283320482138e-05	-8.134270928673024e-05	-8.60302133496889e-05	-9.122802698478144e-05	-9.699826680867254e-05	-0.00010341249277069533	-0.00011055519263511394	-0.00011852462614362204	-0.00012743715174455984	-0.00013742928479083968	-0.00014866330232817188	-0.00016133103006667725	-0.00017566127629102014	-0.0001919259017165247	-0.00021044949255410702	-0.00023161773971699592	-0.0002558884609830344	-0.0002837995190548006	-0.0003159746778529653	-0.00035311740862367007	-0.0003959845915949959	-0.00044531492982372413	-0.0005016761263435176	-0.0005651601396630523	-0.0006348189053675111	-0.0007076761447176081	-0.0007771287305203107	-0.0008306546184433262	-0.0008472625638252379	-0.0007965345171952881	-0.0006438530193388888	-0.00036901583863412513	2.1188317365136017e-07	0.0003694400699580146	0.0006442786624986305	0.0007969625071988316	0.0008476938576053453	0.0008310901662714103	0.0007775695096754989	0.0007081231312444864	0.0006352731075705675	0.0005656225703839128	0.0005021478362190451	0.00044579698026301143	0.00039647808774795736	0.00035362347324477275	0.0003164944839387945	0.0002843342647907256	0.0002564394020235384	0.00023218616542386916	0.00021103675791298753	0.00019253340509166068	0.00017629049099655023	0.0001619834838846373	0.00014934060878485887	0.00013813312471318956	0.00012816930433227707	0.00011928695287637364	0.00011134966828242436	0.00010424119201140334	9.786339538608683e-05	9.213191146433984e-05	8.697533271095795e-05	8.233168833030578e-05	7.814847498138696e-05	7.437967804985391e-05	7.098637674146446e-05	6.793411086403379e-05	6.519388717709693e-05	6.273976405992332e-05	6.055014316007324e-05	5.8605491052511735e-05	5.6889837536254885e-05	5.5388583883773e-05	5.4090153388372064e-05	5.2983855770219706e-05	5.206165147246994e-05	5.131605504329862e-05	5.0741985294047734e-05	5.033469949088508e-05	5.0091708816477605e-05	2.5005370794320607e-05	
-2.3912920440198314e-05	-4.7902494550304656e-05	-4.813250382772529e-05	-4.851802707307815e-05	-4.9061355990491964e-05	-4.9766958840975555e-05	-5.063955134644494e-05	-5.1686166276109885e-05	-5.2914286951493425e-05	-5.4333944591101785e-05	-5.5955934564898995e-05	-5.7793949138178636e-05	-5.986290386292861e-05	-6.218112235342082e-05	-6.476881090647439e-05	-6.765032546596363e-05	-7.085284902385371e-05	-7.440879192617181e-05	-7.83547526176243e-05	-8.273413583367753e-05	-8.759651923613261e-05	-9.300062821981795e-05	-9.901429994404326e-05	-0.00010571804287427258	-0.00011320590452341365	-0.0001215899930748672	-0.00013100274769852925	-0.0001416030494018188	-0.00015358071392165351	-0.0001671652301663976	-0.00018263381254980172	-0.0002003244393154848	-0.00022064953848169788	-0.00024411577265274435	-0.0002713460474837381	-0.000303108474519022	-0.0003403476859871609	-0.0003842197332828167	-0.00043611925912334605	-0.0004976840482315511	-0.000570733129181759	-0.0006570560827617667	-0.0007578796420750502	-0.0008726896137131466	-0.0009968434291655563	-0.0011171594010844959	-0.0012047995156436045	-0.0012066340482088994	-0.0010430483370307128	-0.0006355314348007769	2.1309570705230207e-07	0.0006359581025914508	0.0010434764194999883	0.0012070645032065301	0.0012052332917513878	0.0011175974715439884	0.0009972867633226837	0.0008731392108060902	0.0007583365031151867	0.000657521244117706	0.000571207635076636	0.0004981689840666452	0.0004366157247776663	0.00038472887613013674	0.0003408706751921397	0.0003036465337154031	0.0002719004302725258	0.00024468779492735717	0.00022124055534879206	0.00020093587707599404	0.0001832671472828983	0.00016782201940483948	0.00015426257716558167	0.0001423116995642995	0.00013173997385034267	0.00012235769178384724	0.00011400606517668419	0.00010655277909593945	9.98858379010223e-05	9.391133838071604e-05	8.854890814564e-05	8.373087857664857e-05	7.939868865152318e-05	7.550295874605474e-05	7.200048278155585e-05	6.885489650445507e-05	6.603403008083688e-05	6.351097933163387e-05	6.126168031470269e-05	5.926626100436294e-05	5.7506753620638226e-05	5.59686462972088e-05	5.4638682363482424e-05	5.350655765035302e-05	5.256277700732865e-05	5.180045948381735e-05	5.1213236009630004e-05	5.0797135572383094e-05	5.054851716240777e-05	2.5233008778999927e-05	
-2.4086113448299382e-05	-4.824995216548288e-05	-4.848420277909265e-05	-4.88761993458143e-05	-4.942934732371653e-05	-5.014727756705817e-05	-5.103591562472296e-05	-5.210158004529357e-05	-5.335308163394143e-05	-5.479989806627444e-05	-5.645430888153634e-05	-5.8329671934629116e-05	-6.044260849776646e-05	-6.28114173093472e-05	-6.545833706700854e-05	-6.840814960600342e-05	-7.169056726452291e-05	-7.533910192838121e-05	-7.939365735523836e-05	-8.389978225888193e-05	-8.891160178645867e-05	-9.449164272617321e-05	-0.00010071433051982203	-0.00010766669565833342	-0.00011545282385479032	-0.0001241959674450968	-0.0001340446258108395	-0.00014517697647092073	-0.00015780979548770942	-0.00017220685063953998	-0.0001886928717210292	-0.0002076689239968513	-0.0002296355318692632	-0.00025522064113530176	-0.00028521949798343896	-0.00032064539929135523	-0.0003627996079367422	-0.00041336120570951247	-0.0004745044283935829	-0.0005490389244934158	-0.0006405591687420747	-0.0007535397694099018	-0.0008932105175968675	-0.0010647823131267808	-0.0012710274837687205	-0.0015060626561939862	-0.0017413192211916256	-0.0018984341264637805	-0.001811170113937278	-0.0012228920160940564	2.1408292226986203e-07	0.0012233206533533315	0.001811600182523524	0.0018988665743937408	0.0017417550187167306	0.0015065027669969155	0.0012714728989886553	0.001065234022907229	0.0008936695449400329	0.0007540071422553925	0.0006410359535906933	0.0005495261992014607	0.00047500331551549296	0.0004138728461998238	0.0003633251941734387	0.0003211861498876815	0.00028577669047018185	0.0002557955880982477	0.00023022961328977333	0.00020828356494882413	0.0001893295743961652	0.00017286717386153275	0.00015849538648301837	0.0001458895524893279	0.00013478600574644457	0.00012496805589372242	0.00011625764274600186	0.00010850637113468144	0.0001015911248126943	9.540794431388668e-05	8.98699578397767e-05	8.490289263046681e-05	8.044440804166495e-05	7.644056357066712e-05	7.284603023209748e-05	6.962112785835478e-05	6.673260567478134e-05	6.415102275656847e-05	6.18519097350215e-05	5.981335851247996e-05	5.8017447007520514e-05	5.644795838533219e-05	5.509199227356188e-05	5.39377664447104e-05	5.297636325720496e-05	5.219958703452858e-05	5.16018104247159e-05	5.117787379691379e-05	5.092500667462593e-05	2.5420382156352218e-05	
-2.422101076205183e-05	-4.8521045953266554e-05	-4.875820318422104e-05	-4.915577398303843e-05	-4.9716248307413825e-05	-5.044438853058446e-05	-5.134529460932327e-05	-5.242649928359326e-05	-5.36961025751954e-05	-5.5164902414413393e-05	-5.684462153226507e-05	-5.875008488375236e-05	-6.0897571352121725e-05	-6.330706107055613e-05	-6.60007586502581e-05	-6.900545178129686e-05	-7.235127550729418e-05	-7.607425304648804e-05	-8.021540828827181e-05	-8.482360913268053e-05	-8.99551994432608e-05	-9.567735018987163e-05	-0.00010206849441899682	-0.00010922254253729934	-0.00011725060720929245	-0.00012628671683678717	-0.00013649169837028833	-0.00014806155267697602	-0.000161235104808214	-0.0001763072558474898	-0.00019364351323319104	-0.00021370250892671422	-0.000237063702650746	-0.0002644682581422592	-0.0002968732315925509	-0.0003355304702943214	-0.0003820966139422952	-0.0004387939593426837	-0.0005086420688479331	-0.0005957977363472847	-0.0007060459249724534	-0.0008474941317484089	-0.001031477981170273	-0.001273498035118158	-0.0015933174791197087	-0.002011216058450886	-0.002531322516262381	-0.0030878783101268075	-0.0034039466840827814	-0.0027347518997512376	2.1483516063521002e-07	0.0027351820516714614	0.0034043782662635993	0.003088312290970001	0.0025317598549253126	0.002011657739052976	0.0015937644820225496	0.0012739513709945543	0.0010319386627281862	0.0008479632076001087	0.0007065244519856759	0.0005962868132598094	0.0005091428094357434	0.00043930752573621834	0.000382624190810309	0.00033607329783276354	0.00029743258093494103	0.0002650454640112038	0.00023766014022187014	0.00021431962615735202	0.00019428280942839025	0.000176970313711753	0.00016192357099038476	0.00014877716963089017	0.00013723628719266591	0.0001270622090737333	0.00011805903035050011	0.00011006605197089181	0.00010294936201032923	9.65979966717843e-05	9.091818659391301e-05	8.583167299813592e-05	8.127145558847867e-05	7.718139577089978e-05	7.351283233154036e-05	7.022498476631561e-05	6.728208065870194e-05	6.465427555262535e-05	6.231508703054191e-05	6.024265994925495e-05	5.841738724792872e-05	5.6823413505133435e-05	5.5446371927959904e-05	5.4275056948545005e-05	5.329923650297414e-05	5.2511447344980624e-05	5.1904860148269515e-05	5.147516571783754e-05	5.12184824013814e-05	2.5566655517626205e-05	
-2.4317100517223008e-05	-4.871373083509355e-05	-4.8953427794311006e-05	-4.935460142643074e-05	-4.9920815082906805e-05	-5.0655920835302603e-05	-5.156614552166003e-05	-5.265818792721925e-05	-5.394133987966074e-05	-5.5425666011054336e-05	-5.7124167922484786e-05	-5.905107512777603e-05	-6.122407061472416e-05	-6.366273402446721e-05	-6.639086277598487e-05	-6.943512820335523e-05	-7.282755184104457e-05	-7.66044675365148e-05	-8.080925479952685e-05	-8.549175472639947e-05	-9.071143506312511e-05	-9.653750389077649e-05	-0.0001030528104519619	-0.00011035507492242679	-0.00011856206777028614	-0.00012781470242759772	-0.00013828449447490527	-0.000150179909513905	-0.0001637580250228815	-0.0001793368563934557	-0.00019731509431405916	-0.00021819602962291993	-0.0002426236156377636	-0.000271430332740581	-0.0003057083349902207	-0.00034691035005320254	-0.0003970019368035665	-0.0004586898594801203	-0.0005357785902402727	-0.0006337346602700595	-0.0007606084460452145	-0.0009285716551949352	-0.0011565399450407378	-0.0014746826563620443	-0.0019320249409515624	-0.0026079622654624785	-0.0036225634831095373	-0.005106029950542193	-0.006927980647195572	-0.007416847336638803	2.1535893248922355e-07	0.007417278529793927	0.006928413283404367	0.0051064649856539385	0.00362300189539079	0.002608405026676631	0.0019324730505868321	0.0014751371130666824	0.0011570017806826448	0.0009290419068345725	0.0007610881897684558	0.0006342249838862165	0.0005362806268392629	0.00045920476105077226	0.0003975309074791243	0.00034745462085573973	0.0003062691967455405	0.0002720091121689418	0.00024322170794127402	0.00021881487616187342	0.00019795621489817825	0.00018000182880837973	0.0001644485170927011	0.0001508976607756255	0.00013903134812582327	0.00012859258948947553	0.00011937303909422253	0.00011120128824245032	0.00010393656269618999	9.746122160094579e-05	9.167770735952758e-05	8.650332767199775e-05	8.186906549504248e-05	7.771564314424458e-05	7.399344545614713e-05	7.06593234358721e-05	6.767721226971795e-05	6.501537074373663e-05	6.26474501843582e-05	6.054999530906243e-05	5.870381635691513e-05	5.709164983409398e-05	5.5699741010760764e-05	5.451560541337621e-05	5.35297612909496e-05	5.273355826273789e-05	5.212101920949868e-05	5.1686718514112844e-05	5.142770555037951e-05	2.5670712773706156e-05	
-2.4373574487027663e-05	-4.882739168604155e-05	-4.9068222735698326e-05	-4.947198653226766e-05	-5.0041277021216165e-05	-5.078101012668153e-05	-5.1696487346581847e-05	-5.2795503199705115e-05	-5.4086481776560605e-05	-5.5580623796426114e-05	-5.729014079319724e-05	-5.923045524479863e-05	-6.14185676322713e-05	-6.387533640567813e-05	-6.662402951934817e-05	-6.969273204301046e-05	-7.311316031418725e-05	-7.692327963627833e-05	-8.116650380622973e-05	-8.589466435364435e-05	-9.11677957715466e-05	-9.705770183634122e-05	-0.00010364866647635113	-0.00011104205317044244	-0.00011935854232718356	-0.00012874456270891817	-0.00013937716510499976	-0.00015147380886828187	-0.00016530202373628853	-0.0001811955975126766	-0.00019957343575572987	-0.00022096860231427332	-0.00024606601492708027	-0.00027575897956951066	-0.0003112284662468085	-0.00035406326597787964	-0.00040643976918034765	-0.00047140462784085	-0.0005533265043348935	-0.0006586497297317809	-0.0007971969429184747	-0.0009845337510624216	-0.001246493885407163	-0.0016284009438089064	-0.0022151987939591482	-0.0031785331530492737	-0.004892220863314449	-0.008204688843385105	-0.014833910575175543	-0.02506614623023783	2.1564529364623275e-07	0.025066578005017902	0.014834343787963323	0.00820512446782528	0.004892659863828872	0.0031789765191680853	0.00221564751153499	0.001628856029212017	0.0012469563571870603	0.000985004663945326	0.0007976773601015576	0.0006591407566292652	0.0005538292616965126	0.000471920285204232	0.00040696951901458963	0.0003546083568148463	0.00031179017806330905	0.00027633865658975424	0.00024666504247374335	0.0002215884392996008	0.00020021559325405082	0.0001818616709899348	0.0001659936736259748	0.00015219279263044164	0.0001401253201263272	0.00012952383833513166	0.00012017098545923045	0.00011188984048206947	0.0001045340931461145	9.798321425004918e-05	9.213598391973879e-05	8.690829543297465e-05	8.222851893207553e-05	7.803682890724929e-05	7.428160465043241e-05	7.091968047674024e-05	6.791334718651729e-05	6.5231185090841e-05	6.284542123631667e-05	6.073314497053573e-05	5.8873879815806205e-05	5.725105896425581e-05	5.584972976905572e-05	5.465821129051451e-05	5.3665884112141945e-05	5.286497875645913e-05	5.224842473733495e-05	5.181173525516438e-05	5.155090293960447e-05	2.573217856035283e-05	
-2.4390346888556293e-05	-4.886083871654849e-05	-4.9102391978300436e-05	-4.950669397363354e-05	-5.007736194039241e-05	-5.081832434445635e-05	-5.173591128098277e-05	-5.2836952752776853e-05	-5.413090592170481e-05	-5.5628038160484053e-05	-5.734159998426323e-05	-5.928612257292845e-05	-6.147965614112063e-05	-6.394222489281546e-05	-6.66981675009825e-05	-6.97748135599587e-05	-7.320499021622976e-05	-7.702601912383544e-05	-8.128249921442014e-05	-8.602578303948264e-05	-9.131722551650493e-05	-9.722840472551437e-05	-0.00010384517030420334	-0.00011126906907403793	-0.00011962279620233941	-0.0001290536602109436	-0.0001397415674431815	-0.0001519061119549008	-0.00016581930943199803	-0.00018181948782294366	-0.00020033335582388167	-0.00022190345777051102	-0.0002472297005672215	-0.0002772258633374691	-0.0003131047775636667	-0.00035650265052422896	-0.0004096716872075846	-0.0004757805632477508	-0.0005594051338065403	-0.0006673547677180877	-0.0008101347597192655	-0.0010046748750126649	-0.0012797878803344574	-0.0016880839736237926	-0.002335118713369064	-0.003461838442922407	-0.005721783948059995	-0.011299985271086947	-0.029259374977682166	-0.10492062391456988	2.1570156074485203e-07	0.10492105579423557	0.029259808304186948	0.011300421002816783	0.0057222230658702305	0.0034622819211999325	0.00233556755430775	0.0016885391786436556	0.0012802504841897574	0.0010051459177508326	0.0008106153205638335	0.0006678459377556381	0.0005599080495961952	0.0004762963804322501	0.0004102016138141757	0.00035704792170687455	0.000313666688577416	0.0002778057456334173	0.0002478289544448173	0.0002225235300663212	0.00020097577227494836	0.00018248583261613557	0.00016651125734817645	0.0001526254100795686	0.000140490067208075	0.0001298333016114565	0.00012043563991330324	0.00011211728357857199	0.00010473106433797749	9.815441780013068e-05	9.228596104718086e-05	8.704000285046935e-05	8.234515783663477e-05	7.814026300948445e-05	7.437419386637997e-05	7.100258436342323e-05	6.798838458256073e-05	6.529905074595453e-05	6.290757939740165e-05	6.0789977945213474e-05	5.8926616578323986e-05	5.729986972304152e-05	5.5895686891396226e-05	5.470134147082136e-05	5.3707156777839225e-05	5.290432610128899e-05	5.228675152931167e-05	5.184891627777862e-05	5.158780739764435e-05	2.5750416324395926e-05	
-2.436704682036696e-05	-4.881434108734563e-05	-4.905518685411202e-05	-4.9458974874188624e-05	-5.002829964091611e-05	-5.076807664008996e-05	-5.1683607947749854e-05	-5.278268768080482e-05	-5.4073740531923294e-05	-5.556796685188788e-05	-5.727757879288642e-05	-5.921799849298401e-05	-6.140622705821876e-05	-6.386312262119466e-05	-6.661195375721194e-05	-6.96808052334476e-05	-7.310139399260477e-05	-7.691168504196308e-05	-8.115509275537187e-05	-8.588344836360799e-05	-9.115678689547012e-05	-9.704691181638384e-05	-0.00010363810753648197	-0.00011103173720213369	-0.00011934848163734385	-0.0001287347692415547	-0.0001393676511416232	-0.00015146458628909954	-0.00016529310467078284	-0.0001811869936439144	-0.00019956515891918843	-0.0002209606638488462	-0.00024605842622059306	-0.0002757517514599575	-0.00031122160951334386	-0.0003540567907957385	-0.00040643368555641555	-0.00047139894512557116	-0.0005533212316018088	-0.0006586448753495388	-0.000797192514873946	-0.000984529756595678	-0.0012464903312779784	-0.0016283978359972334	-0.0022151961378749432	-0.0031785309533006543	-0.004892219123860862	-0.008204687567374885	-0.014833909765042536	-0.025066145887609574	2.1551955574697357e-07	0.025066577410839	0.014834342726071348	0.008205122939699749	0.004892657871773461	0.00317897406618816	0.002215644601466466	0.0016288526665285009	0.0012469525471849683	0.0009850004124820275	0.0007976726738367088	0.000659135642695801	0.0005538237279981281	0.0004719143400214866	0.00040696317135837496	0.0003546016159702624	0.000311783053998793	0.0002763311594417134	0.0002466571830108397	0.00022158022835135592	0.00020020704222956597	0.0001818527912538742	0.00016598447707070248	0.00015218329100292972	0.00014011552565238524	0.00012951376300085937	0.0001201606416856649	0.00011187924036483888	0.00010452324917846663	9.797213852435886e-05	9.212468889650382e-05	8.689679310780007e-05	8.221682164785194e-05	7.802494849018266e-05	7.426955326225352e-05	7.090746972328625e-05	6.790098900647619e-05	6.521869084032128e-05	6.28328026103043e-05	6.072041306681968e-05	5.8861046085038134e-05	5.7238134256529e-05	5.58367253082016e-05	5.4645137706575204e-05	5.365275243532057e-05	5.285179943867426e-05	5.223520866106628e-05	5.179849274723818e-05	5.153764479004336e-05	2.5725546795932095e-05	
-2.4304032806755084e-05	-4.868760538341786e-05	-4.892733126133113e-05	-4.9328553823462994e-05	-4.989483550807541e-05	-5.06300295144883e-05	-5.1540361842726204e-05	-5.2632532461010443e-05	-5.3915832429755634e-05	-5.540032760504703e-05	-5.709901888353893e-05	-5.9026137026668766e-05	-6.119936436953818e-05	-6.363828180420825e-05	-6.63666861348295e-05	-6.941124992706322e-05	-7.280399412227698e-05	-7.65812537557479e-05	-8.078640774806763e-05	-8.546929831406639e-05	-9.068939259570911e-05	-9.651589969737729e-05	-0.00010303166822376295	-0.00011033441925325496	-0.00011854192256368962	-0.00012779509234491025	-0.00013826544341771806	-0.00015016144197466542	-0.00016374016464991295	-0.00017931962723987858	-0.0001972985194925339	-0.00021818013244942068	-0.00024260841838317387	-0.00027141585766657155	-0.000305694603204703	-0.00034689738243621863	-0.00039698975297339147	-0.0004586784786076723	-0.0005357680301323157	-0.0006337249380711672	-0.0007605995774440724	-0.0009285636550133087	-0.0011565328265682987	-0.0014746764318321216	-0.0019320196210092329	-0.002607957859527093	-0.003622559998979983	-0.0051060273946463425	-0.006927979024335725	-0.007416846650128253	2.1510738184085665e-07	0.007417277340047705	0.006928411156874932	0.005106461925389119	0.0036229979059000817	0.0026084001141323653	0.001932467222508589	0.0014751303786348794	0.0011569941502834061	0.0009290333924857029	0.0007610788045280151	0.000634214742390784	0.0005362695445803858	0.00045919285502527473	0.00039751819533840596	0.00034744112166768025	0.0003062549300222937	0.0002719940987396584	0.0002432059688646153	0.00021879843370834861	0.00019793909135403746	0.0001799840475658447	0.00016443010135221712	0.0001508786347416707	0.00013901173561470562	0.0001285724152277364	0.00011935232723927049	0.00011118006377986637	0.00010391484988051935	9.743904544746009e-05	9.165509201245804e-05	8.64802979855619e-05	8.184564533631009e-05	7.769185705749416e-05	7.39693169074385e-05	7.063487655407778e-05	6.765247003974196e-05	6.49903568168957e-05	6.262218702703988e-05	6.0524506074515903e-05	5.867812299600289e-05	5.7065775020003466e-05	5.567370621837632e-05	5.4489432887948834e-05	5.350347210250403e-05	5.270717430934458e-05	5.209456125303902e-05	5.166020820848897e-05	5.140116346489107e-05	2.5657436605008984e-05	
-2.420137874569976e-05	-4.848179610863076e-05	-4.871899744206461e-05	-4.9116640833065157e-05	-4.967721788364424e-05	-5.040548965763852e-05	-5.130655784893275e-05	-5.2387953999440004e-05	-5.365777994211155e-05	-5.512683251111998e-05	-5.68068362987714e-05	-5.8712615251421685e-05	-6.0860450135213754e-05	-6.327032014315578e-05	-6.59644317584627e-05	-6.896957177667911e-05	-7.231587706690932e-05	-7.603936997270045e-05	-8.018107612454538e-05	-8.478986253977728e-05	-8.99220746996656e-05	-9.564488265456097e-05	-0.00010203672090632954	-0.0001091914988767392	-0.00011722033048565286	-0.00012625724305746202	-0.00013646306456284387	-0.0001480337946745783	-0.00016120825919769817	-0.00017628135788374686	-0.00019361859863198014	-0.00021367861191876622	-0.000237040857614685	-0.0002644464978090622	-0.0002968525885149941	-0.0003355109752121888	-0.00038207829708571616	-0.0004387768489680648	-0.0005086261923734092	-0.0005957831190687738	-0.0007060325910301364	-0.0008474821030315365	-0.0010314672781141605	-0.0012734886758054252	-0.001593309479907666	-0.002011209433275759	-0.002531317277097253	-0.0030878744664940404	-0.0034039442433428067	-0.002734750866826993	2.1445766376984587e-07	0.0027351802635269817	0.0034043750696725085	0.003088307690407274	0.0025317538573568985	0.0020116503535684256	0.001593755720220337	0.0012739412464034478	0.0010319271913608622	0.0008479504071674613	0.0007065103426186479	0.0005962714165222453	0.0005091261492142386	0.00043928962705842584	0.00038260508090235627	0.0003360530047510279	0.0002974111347901691	0.0002650228954227266	0.00023763648170699813	0.00021429491041775385	0.00019425707090262533	0.00017694358670409323	0.00016189589138351822	0.00014874857286784732	0.00013720681014576684	0.00012703188789052054	0.00011802790247394837	0.00011003415386033502	0.00010291673130686347	9.656466980515084e-05	9.088420108588563e-05	8.579706496622454e-05	8.123626217895757e-05	7.714565257003277e-05	7.347657591880662e-05	7.018825004365169e-05	6.724490351343393e-05	6.461669011500928e-05	6.227712843493994e-05	6.020436153003606e-05	5.8378783386546756e-05	5.678453677424779e-05	5.54072560113053e-05	5.423573374294699e-05	5.325973909724639e-05	5.247180708935694e-05	5.186510967803834e-05	5.14353359995877e-05	5.117860578668401e-05	2.554670914651548e-05	
-2.405987994786926e-05	-4.81975050689936e-05	-4.843181342253275e-05	-4.882390768779792e-05	-4.937719150569364e-05	-5.009529798949212e-05	-5.0984151025330274e-05	-5.205007153526376e-05	-5.3301868807002805e-05	-5.47490229753929e-05	-5.640381219126423e-05	-5.8279596819216717e-05	-6.039299684937945e-05	-6.27623135391854e-05	-6.54097843821437e-05	-6.83601936959234e-05	-7.164325265953926e-05	-7.529247555499661e-05	-7.934776498930569e-05	-8.38546719343124e-05	-8.886732035656567e-05	-9.444823911149874e-05	-0.00010067185239135822	-0.00010762519251160776	-0.00011541234382890823	-0.00012415656021168417	-0.00013400633954306954	-0.00014513986053741267	-0.0001577738975858606	-0.00017217221928601703	-0.00018865955356378193	-0.00020763696609534367	-0.0002296049791994828	-0.00025519153865431916	-0.000285191888341501	-0.00032061932467672156	-0.0003627751080085126	-0.0004133383192198906	-0.000474483191354463	-0.0005490193715742562	-0.0006405413316823557	-0.0007535236781916629	-0.0008931961991140037	-0.0010647697921319275	-0.0012710167818089533	-0.0015060537923321828	-0.001741312211216514	-0.0018984289833861457	-0.0018111668474804464	-0.0012228906329654083	2.1357925631022845e-07	0.0012233182626200413	0.0018115959075824572	0.0018988604214134194	0.0017417469968270321	0.0015064928886895897	0.0012714611794859476	0.0010652204807861509	0.0008936542012218515	0.0007539900212536321	0.0006410170817280638	0.0005495056060815318	0.0004749810324754648	0.0004138489076055303	0.00036329963571802735	0.0003211590101091597	0.00028574800880742414	0.00025576540662967484	0.00023019797455924376	0.00020825051392317647	0.00018929515607441784	0.00017283143544798325	0.00015845837479379885	0.00014585131633654464	0.00013474659315653456	0.00012492751669677048	0.00011621602562053189	0.00010846372639484547	0.00010154750129416916	9.536339235011301e-05	8.98245260035316e-05	8.485663088880953e-05	8.039736436755876e-05	7.639278726478418e-05	7.279756841860384e-05	6.957202896027873e-05	6.66829158077862e-05	6.410078934323285e-05	6.180117781012258e-05	5.976217446029082e-05	5.796585479183908e-05	5.639600339279609e-05	5.5039717481392115e-05	5.388521635209237e-05	5.292358000348741e-05	5.214661439992819e-05	5.154868991152405e-05	5.1124648680163655e-05	5.087171805871747e-05	2.539372760611366e-05	
-2.388003683647176e-05	-4.7836750934631806e-05	-4.8066833546458836e-05	-4.8452477506220636e-05	-4.899597726098843e-05	-4.9701798908311987e-05	-5.057466107462284e-05	-5.1621594557864706e-05	-5.285008571396266e-05	-5.427016396608738e-05	-5.5892627808032164e-05	-5.773116786078874e-05	-5.9800702841233554e-05	-6.211955483774982e-05	-6.470793329794495e-05	-6.759019271903747e-05	-7.079351916909035e-05	-7.435032158237568e-05	-7.829720134058408e-05	-8.267756175447233e-05	-8.754098321726617e-05	-9.294618963658389e-05	-9.896102063111645e-05	-0.00010566598306737112	-0.00011315512658118757	-0.00012154055759840956	-0.00013095471701527568	-0.00014155648388071494	-0.0001535356752077016	-0.00016712177770945142	-0.00018259200658031927	-0.0002002843376049477	-0.00022061119905200438	-0.0002440792507860843	-0.0002713113981598371	-0.00030307574969192647	-0.00034031693674615115	-0.00038419100741290306	-0.00043609260298710286	-0.0004976595046291667	-0.0005707107389522278	-0.0006570358829570749	-0.0007578616672800848	-0.0008726738945470129	-0.0009968299933202389	-0.0011171482721643745	-0.00120479071392333	-0.001206627589819981	-0.00104304423443925	-0.0006355296963475535	2.1246560836032935e-07	0.0006359551035568373	0.001043471055255949	0.001207056781334221	0.001205223224046188	0.0011175850734029763	0.0009972720543828502	0.0008731222139795689	0.0007583172455061758	0.0006574997557125279	0.0005711839499394121	0.0004981431386936923	0.00043658775957179045	0.0003846988334310405	0.0003408386010288105	0.00030361247552609374	0.00027186443893401904	0.00024464992217966596	0.00022120085609916807	0.00020089440654472244	0.00018322396357872152	0.00016777718040915206	0.0001542161433745208	0.00014226373072925716	0.00013169053208035998	0.00012230683796070427	0.00011395386230946913	0.00010649928852909355	9.983112291107356e-05	9.385546019559138e-05	8.849192977163816e-05	8.367286064711187e-05	7.933969347020758e-05	7.544304598295227e-05	7.193971371694988e-05	6.879332958931595e-05	6.597172536408348e-05	6.344799390214082e-05	6.119807289264628e-05	5.920208728149389e-05	5.744207099511427e-05	5.5903509128430465e-05	5.457314682851989e-05	5.344067692932553e-05	5.2496606238438106e-05	5.173405089498604e-05	5.114664394826922e-05	5.073041159879472e-05	5.048171512974819e-05	2.5199594341400223e-05	
-2.3663048897834018e-05	-4.7400948666129675e-05	-4.76265210890639e-05	-4.800389970948558e-05	-4.8536238734704515e-05	-4.9226825860393506e-05	-5.0081111387801e-05	-5.1104822952432604e-05	-5.230601709246119e-05	-5.3693260757508904e-05	-5.527770793445228e-05	-5.7071368999944976e-05	-5.908922120177924e-05	-6.134759406043551e-05	-6.386633138856691e-05	-6.666733142769997e-05	-6.977679125359879e-05	-7.322395613109587e-05	-7.704349706097365e-05	-8.127454801593514e-05	-8.59632978391535e-05	-9.116243127520814e-05	-9.693406313324908e-05	-0.00010334975614866221	-0.00011049399611250501	-0.00011846504510869878	-0.00012737925939150724	-0.00013737315614233343	-0.0001486090099435246	-0.00016127864775914358	-0.00017561087510203585	-0.00019187755331767143	-0.00021040326550904732	-0.00023157370256023818	-0.000255846678790873	-0.00028376005619509684	-0.0003159375948858119	-0.0003530827647182369	-0.0003959524417797072	-0.00044528532706781176	-0.0005016491191751748	-0.0005651357739146125	-0.0006347972221783281	-0.0007076571819427317	-0.0007771125211327367	-0.0008306411916066759	-0.0008472519437075247	-0.0007965267237064304	-0.0006438480673653406	-0.00036901373844211004	2.1112627638947973e-07	0.00036943645555247845	0.0006442721949627226	0.000796953195970642	0.0008476817166615811	0.000831075214723493	0.0007775517708220412	0.0007081026335002596	0.0006352498831000337	0.0005655966563632808	0.0005021192730609368	0.0004457658132117422	0.00039644436470822903	0.0003535872467099843	0.0003164558084391223	0.00028429319915364857	0.0002563960064587323	0.0002321405041141786	0.00021098889575526733	0.00019248341061514195	0.00017623843278002818	0.00016192943379761252	0.00014928463810236973	0.00013807530767325068	0.00012810971397021038	0.0001192256648900041	0.00011128675660799169	0.00010417673298576354	9.779746308628086e-05	9.206458215372734e-05	8.69066799643126e-05	8.226178774847618e-05	7.807739912343847e-05	7.430750139854607e-05	7.091317046352489e-05	6.785994800653382e-05	6.511883727646509e-05	6.26638985472284e-05	6.047352983889825e-05	5.852819968926986e-05	5.681193422658412e-05	5.531013680232867e-05	5.401122706298619e-05	5.29045169641741e-05	5.198196338530438e-05	5.123608329737279e-05	5.066179208059279e-05	5.02543496317283e-05	5.0011263873711706e-05	2.4965132985857616e-05	
-2.340980098440506e-05	-4.689288164305261e-05	-4.711272337282466e-05	-4.748111100796833e-05	-4.800006457875027e-05	-4.8673639538562936e-05	-4.9506022514002486e-05	-5.050354962242708e-05	-5.167285580880325e-05	-5.3022911099132074e-05	-5.4563239956764215e-05	-5.6305978558221146e-05	-5.826418528851086e-05	-6.045392785142674e-05	-6.289271251015889e-05	-6.560161785618303e-05	-6.860387961056796e-05	-7.1927099245744e-05	-7.560203432362155e-05	-7.966492626333037e-05	-8.41565647674129e-05	-8.912480128691756e-05	-9.462398123427347e-05	-0.00010071773853643357	-0.00010747891991132652	-0.00011499278714776045	-0.00012335758398860958	-0.00013268828673805035	-0.00014311794912387444	-0.00015480207120895833	-0.00016792068191040662	-0.0001826830335351058	-0.0001993296880091408	-0.00021813597917275758	-0.00023941112275023438	-0.00026349498386411515	-0.0002907445514258955	-0.0003215073122232546	-0.00035606689341821825	-0.00039454658099479173	-0.0004367400696585317	-0.0004818326886727835	-0.0005279599488099192	-0.0005715587884067112	-0.0006065114073409671	-0.0006232448828512186	-0.0006083129952234641	-0.000545627438221806	-0.0004211612049268088	-0.00023243519262663472	2.0955553983476732e-07	0.00023285477175767448	0.00042158217400982065	0.0005460507383115839	0.0006087395582087011	0.0006236756647390682	0.0006069473601893307	0.0005720008934674203	0.0005284091888842681	0.00048229008104814066	0.00043720663906130506	0.00039502339226215157	0.000356555025227993	0.00032200788945204394	0.00029125871984284025	0.00026402394213946296	0.0002399560983099929	0.0002186982598383401	0.00019991059922333022	0.00018328396963454086	0.00016854308495099215	0.0001554474618997621	0.0001437879075033415	0.00013338448283176639	0.0001240817606181368	0.00011574679041761017	0.00010826468447209007	0.00010153731806076009	9.547953650823366e-05	9.001863090419529e-05	8.509109649148736e-05	8.064274825810133e-05	7.66258903194129e-05	7.299992073944467e-05	6.97287854879953e-05	6.678194814407434e-05	6.41320332661181e-05	6.175606724551764e-05	5.9633244783705095e-05	5.774637235718644e-05	5.6079713779696864e-05	5.4620586374348425e-05	5.335725773802859e-05	5.228065795395527e-05	5.1382311106021306e-05	5.0656136176275765e-05	5.0096404958328294e-05	4.969961090893546e-05	4.9462450966487835e-05	2.4691873250986968e-05	
-2.3121842193594484e-05	-4.6314681393315006e-05	-4.6528623790421334e-05	-4.6886419597583314e-05	-4.739090305819541e-05	-4.804492038675863e-05	-4.88533166036919e-05	-4.982106375165158e-05	-5.0955261156613766e-05	-5.2263319199371915e-05	-5.3754972034839596e-05	-5.5440533026626714e-05	-5.73329225678639e-05	-5.9446015162543204e-05	-6.179668968648227e-05	-6.440329316839103e-05	-6.728772693858053e-05	-7.047405871046222e-05	-7.39906657603247e-05	-7.786903488959137e-05	-8.214599260905197e-05	-8.68627408186749e-05	-9.206721158736561e-05	-9.781339060402393e-05	-0.0001041638330073764	-0.0001111893140764938	-0.00011897151149986107	-0.00012760295873443558	-0.00013718978193017547	-0.00014785172546042573	-0.00015972448369257165	-0.00017295898998620995	-0.0001877219401715273	-0.00020419201397362994	-0.000222554761401278	-0.0002429896066328699	-0.00026564935268635404	-0.0002906228477179702	-0.00031787619494837984	-0.0003471575889142592	-0.00037785387001600937	-0.0004087791756672843	-0.00043788650375206064	-0.000461909129614448	-0.0004759982591161808	-0.00047353029994393406	-0.00044643978351906026	-0.00038662363354697747	-0.00028894340914787774	-0.00015561167286513508	2.0776359287329182e-07	0.00015602765554370047	0.00028936077483766864	0.0003870432981219157	0.0004468626842377035	0.0004739573674376013	0.00047643045030989215	0.0004623474000470225	0.00043833184032022153	0.00040923256944692694	0.000378316348766148	0.00034763019057274924	0.000318359999840197	0.00029111895290451694	0.0002661589038331384	0.00024351377339962114	0.00022309476893791168	0.00020474911954919254	0.0001882974642850679	0.00017355429444687142	0.00016034100235445044	0.0001484909439849124	0.0001378532681822123	0.00012829234448277728	0.00011968852254783374	0.00011193575418794698	0.00010494161389009761	9.862451839107481e-05	9.291381684833379e-05	8.77470679809014e-05	8.307043024445202e-05	7.8836108532087e-05	7.500306880873521e-05	7.153464919275993e-05	6.839955949074347e-05	6.55696204203476e-05	6.302099593146447e-05	6.0732023203905296e-05	5.8684629895187695e-05	5.686222518084909e-05	5.525126237234721e-05	5.383917012411648e-05	5.261602890408202e-05	5.157252922729984e-05	5.070173708607886e-05	4.999707223845456e-05	4.945414287494937e-05	4.9068741772309787e-05	4.883873448394779e-05	2.438103745320631e-05	
-2.2800380095933842e-05	-4.566976687893845e-05	-4.587673235096827e-05	-4.6223432649258556e-05	-4.67115585493156e-05	-4.734467190844666e-05	-4.8126322699333556e-05	-4.9062016230025975e-05	-5.015737383480965e-05	-5.142010720106559e-05	-5.2858235348025954e-05	-5.4482064508013797e-05	-5.6302476225492516e-05	-5.83329138454639e-05	-6.058775910274542e-05	-6.308432923057377e-05	-6.584136212709271e-05	-6.888103106302912e-05	-7.222756075764026e-05	-7.59092685104903e-05	-7.995733343818816e-05	-8.44078706030933e-05	-8.930086856082792e-05	-9.468228939450794e-05	-0.00010060316431007162	-0.00010712167007977938	-0.00011430230223959668	-0.00012221776706256092	-0.00013094797601974557	-0.00014058132015836583	-0.00015121281014359952	-0.00016294366192861807	-0.00017587694256925956	-0.00019011295642795386	-0.00020573863308688415	-0.0002228131282459246	-0.00024134284955662976	-0.0002612457996442057	-0.0002822966501653413	-0.00030404991132599625	-0.0003257323268259309	-0.00034610472843273976	-0.00036329741241242653	-0.00037464888157406895	-0.00037661134776217344	-0.00036484844548175313	-0.00033471083561046515	-0.0002822952024791941	-0.00020614351046793463	-0.0001091864891195225	2.0574553774447071e-07	0.00010959843785132402	0.00020655681818571242	0.000282710789250028	0.000335129612354016	0.00036527134661725174	0.0003770393035674225	0.0003750828506876077	0.00036373835460086403	0.000346553636880644	0.0003261902014790167	0.0003045177909074754	0.0002827755862670231	0.0002617368884166721	0.00024184720672664416	0.0002233319204392244	0.00020627305395887956	0.00019066425759266497	0.00017644641104167837	0.00016353265065202388	0.000151822716956945	0.00014121361793773674	0.00013160419340374051	0.00012289951825320857	0.00011501126974423372	0.00010785963425381101	0.00010137198840711413	9.548394897997158e-05	9.013743920538182e-05	8.5281557354831e-05	8.087046155086895e-05	7.686431323652754e-05	7.322714157614613e-05	6.992794215071938e-05	6.693857064734801e-05	6.423500696083821e-05	6.179528547187646e-05	5.960090935270808e-05	5.7634811079098236e-05	5.5882894673693574e-05	5.433201786032537e-05	5.297163994365478e-05	5.179181888525887e-05	5.078494482102329e-05	4.994374834149003e-05	4.9263102438728065e-05	4.873804128809227e-05	4.8365616048025007e-05	4.814292612351185e-05	2.4034508283197338e-05	
-2.2447242013258948e-05	-4.4960845548692224e-05	-4.516080231360415e-05	-4.5495061221433546e-05	-4.596609011947593e-05	-4.657623264920121e-05	-4.732964421154882e-05	-4.823044048749464e-05	-4.92846375117016e-05	-5.049834414548761e-05	-5.18797019379005e-05	-5.343713297527075e-05	-5.518127652218765e-05	-5.712330470713091e-05	-5.9276854074565065e-05	-6.165642216305678e-05	-6.427929253971612e-05	-6.716402467658758e-05	-7.033236955019144e-05	-7.380786148209427e-05	-7.761771523098369e-05	-8.1791517592912e-05	-8.636308015018174e-05	-9.136920172966173e-05	-9.685141090817967e-05	-0.0001028547094388809	-0.00010942904847449338	-0.00011662782914693688	-0.0001245087607848344	-0.00013313160897210092	-0.000142557671542011	-0.00015284567245463254	-0.00016404825340628746	-0.00017620374168306565	-0.00018932645800047204	-0.00020338997233815704	-0.00021830536710645094	-0.00023388851286698458	-0.00024981741701077167	-0.0002655743349538398	-0.0002803754586825813	-0.0002930893601435342	-0.0003021593169545687	-0.0003055541197259522	-0.0003007975070451283	-0.000285145728072454	-0.00025599782003665923	-0.00021158886896779786	-0.0001519019528026578	-7.950766194887542e-05	2.0351212957339312e-07	7.99151302785712e-05	0.00015231076952310334	0.00021199992688984487	0.0002564120327827701	0.0002855640025472509	0.0003012207756455062	0.00030598331313066865	0.0003025953961527236	0.00029353328970536637	0.00028082823854025775	0.0002660369743190433	0.00025029096584865736	0.00023437403663101666	0.00021880397785570401	0.0002039028044665478	0.00018985469895974006	0.00017674860889247941	0.0001646110245590842	0.00015342766380607416	0.0001431602677964992	0.00013375624316288204	0.00012515694376331703	0.00011730113128740889	0.00011012912881750033	0.00010358329948037147	9.761034348666417e-05	9.216039719296156e-05	8.718857512344169e-05	8.265345385987061e-05	7.851836857933206e-05	7.474963369286293e-05	7.131781759179976e-05	6.819585626944837e-05	6.536039606503096e-05	6.278986636516965e-05	6.046591917094628e-05	5.837148691507411e-05	5.6492321010171245e-05	5.4815044062127234e-05	5.332877872292783e-05	5.202319743884422e-05	5.089022923455698e-05	4.992210866734322e-05	4.911314757169053e-05	4.8457785361781413e-05	4.7952413428190544e-05	4.759343011392631e-05	4.73791065712229e-05	2.3653825555299935e-05	
-2.206388275660727e-05	-4.419181510050196e-05	-4.43838475714536e-05	-4.470541012578511e-05	-4.515783433249421e-05	-4.574414171218165e-05	-4.64671896949963e-05	-4.7331579978915654e-05	-4.834183831828933e-05	-4.9504319597707476e-05	-5.082543068550457e-05	-5.231352668915156e-05	-5.397718628229745e-05	-5.582709373591903e-05	-5.787437562608207e-05	-6.0132462431807e-05	-6.261549358632667e-05	-6.534014959796698e-05	-6.832412745491428e-05	-7.158792713610798e-05	-7.515338827433662e-05	-7.904539914162256e-05	-8.329046197264435e-05	-8.791825926608644e-05	-9.296016700893772e-05	-9.845054535373736e-05	-0.00010442502252000767	-0.00011092124210548089	-0.00011797655154948251	-0.00012562767750454596	-0.00013390709430787808	-0.0001428406146205736	-0.00015244106914765734	-0.00016270196666472517	-0.00017358607823847742	-0.00018501210781184303	-0.00019683450713968778	-0.00020881908437873735	-0.00022061024841680578	-0.00023169342089635644	-0.00024135190210547984	-0.0002486270464051748	-0.0002522911758107726	-0.00025085596042914845	-0.00024264387030426384	-0.0002259603281101045	-0.0001993940187014244	-0.00016224296630143117	-0.0001149906023520538	-5.965935832414433e-05	2.0105927289650743e-07	6.006192181550515e-05	0.00011539448696765153	0.0001626490664500776	0.00019980321967478067	0.00022637353795012475	0.00024306199268931544	0.0002512799263928189	0.0002527219170185748	0.00024906552665475293	0.00024179909115351205	0.00023215032567560669	0.00022107788757648483	0.00020929851916134186	0.00019732681680318873	0.0001855184201191495	0.0001741075459367014	0.00016323979755276355	0.0001529965037969053	0.00014341495600205846	0.0001345016869507208	0.00012624393668396667	0.000118615944094837	0.00011158531517512383	0.00010511538629083149	9.916890143946751e-05	9.370829328904015e-05	8.869803804198971e-05	8.410386722731175e-05	7.98945245752958e-05	7.60404373290859e-05	7.251524111134068e-05	6.929417868654317e-05	6.63555699271744e-05	6.367907115409956e-05	6.124717086621257e-05	5.904337500427074e-05	5.7053760970464536e-05	5.526512092006631e-05	5.366658312246477e-05	5.224772960771081e-05	5.100028284808189e-05	4.9916207006747384e-05	4.898945300463836e-05	4.821404979850611e-05	4.758589899869516e-05	4.7100861821596014e-05	4.675659397527115e-05	4.655063408749702e-05	2.3241134905370054e-05	
-2.1652326033482976e-05	-4.336579716995067e-05	-4.3550019623843886e-05	-4.385781535472946e-05	-4.429126444731047e-05	-4.485218309722622e-05	-4.5544001558009536e-05	-4.636994138392859e-05	-4.733488889024001e-05	-4.844360557873029e-05	-4.970259010241793e-05	-5.111832946510961e-05	-5.2699142078925574e-05	-5.445347631867145e-05	-5.639172593194572e-05	-5.852458015588352e-05	-6.086479958623256e-05	-6.342561709491421e-05	-6.622245559420039e-05	-6.927136911431895e-05	-7.259067054986952e-05	-7.619938316315853e-05	-8.011872052856607e-05	-8.43704825255376e-05	-8.897828069769575e-05	-9.396574536139099e-05	-9.935729884992354e-05	-0.00010517591753036375	-0.00011144309224311432	-0.00011817567312840153	-0.0001253843770716843	-0.00013306888750388838	-0.00014121383175305017	-0.00014978079512013224	-0.00015870013772727154	-0.00016785807300625784	-0.00017708240786549166	-0.00018612310024203023	-0.00019463138162410126	-0.0002021355709218651	-0.00020801964704318708	-0.0002115075179291669	-0.00021166484315338725	-0.00020742940967443963	-0.00019768848907049733	-0.00018141650913400514	-0.00015787999084349372	-0.0001268900842830425	-8.904800943320378e-05	-4.588670807945377e-05	1.9839819610963094e-07	4.628393491371702e-05	8.944654334954718e-05	0.0001272907905805927	0.00015828375495421758	0.00018182420967746086	0.0001981010292139646	0.00020784769049167658	0.0002120897947980485	0.0002119400734516602	0.0002084607733083884	0.000202586243040777	0.00019509261355279885	0.00018659591998862468	0.00017756788771519064	0.0001683573056693137	0.00015921426614531626	0.000150310989727684	0.0001417613198332467	0.00013363493174519303	0.00012597030445728608	0.00011878285498153718	0.00011207297265435317	0.00010582999510018497	0.00010003715468265772	9.467302673326922e-05	8.971472867639327e-05	8.513791781699807e-05	8.09190708181757e-05	7.703467142670831e-05	7.346304225799377e-05	7.018308333382332e-05	6.717591225355687e-05	6.442335125414256e-05	6.190950903048326e-05	5.961912327794001e-05	5.7539150006348223e-05	5.565701952417191e-05	5.396226291097471e-05	5.244471353036968e-05	5.109618125718354e-05	4.990861825866571e-05	4.887584172142906e-05	4.799167597354829e-05	4.725171951837649e-05	4.6651472422161786e-05	4.6188141122211416e-05	4.5858758682379324e-05	4.566201986689473e-05	2.279820073399702e-05	
-2.1214191305692083e-05	-4.248699719586917e-05	-4.2662663242486864e-05	-4.295669247217338e-05	-4.337005169239418e-05	-4.3905210708827076e-05	-4.4564325840757115e-05	-4.5351083392417544e-05	-4.626890816420115e-05	-4.732279472076834e-05	-4.8517547483289643e-05	-4.985959136822519e-05	-5.135524884949895e-05	-5.301252006793529e-05	-5.483939988655214e-05	-5.684561458541834e-05	-5.9040977467154476e-05	-6.14370635153441e-05	-6.404559389373344e-05	-6.688001927200355e-05	-6.995390871197517e-05	-7.328239294770262e-05	-7.688050668840899e-05	-8.076440851866756e-05	-8.494957927690039e-05	-8.945167492529029e-05	-9.428440440053187e-05	-9.945977021130477e-05	-0.00010498531919668215	-0.00011086336399819573	-0.0001170871028461361	-0.0001236381848895655	-0.00013048094114122494	-0.00013755740699133686	-0.00014477871470764043	-0.00015201665519661445	-0.00015909158186400564	-0.00016576049801483124	-0.00017170273297153495	-0.00017650800699051247	-0.00017966680444852622	-0.00018057031305194842	-0.00017852377222229748	-0.00017278339990116592	-0.00016262274202610708	-0.00014743510034256977	-0.0001268669340433468	-0.00010096565497766212	-7.030415009128422e-05	-3.6031935567212414e-05	1.9552557451070485e-07	3.642341679969659e-05	7.069690818376287e-05	0.00010136055434515571	0.0001272648300323317	0.00014783687018288943	0.0001630292583455189	0.00017319556152478664	0.0001789424780576053	0.00018099649266321437	0.0001801013924629738	0.00017695197337974774	0.0001721570581322703	0.00016622620269563307	0.00015956970307775772	0.00015250827573914092	0.00014528494006417784	0.0001380793944040391	0.00013101987767860884	0.00012419531603291415	0.00011766371189962069	0.0001114608001802019	0.00010560497857956593	0.00010010312332325573	9.495297889835022e-05	9.014708273624673e-05	8.567350122632008e-05	8.151862107021928e-05	7.76668687716205e-05	7.41028723902805e-05	7.081057154183619e-05	6.777505597786726e-05	6.498131151325506e-05	6.24159119118606e-05	6.006554456172757e-05	5.791865290000371e-05	5.596382533508979e-05	5.4191439091320144e-05	5.259196125133116e-05	5.115761845678939e-05	4.9880639523172026e-05	4.8754960603358686e-05	4.7774428148553334e-05	4.693454094945516e-05	4.6230626475580596e-05	4.5659616763632046e-05	4.521820817498227e-05	4.490466575309364e-05	4.471697495183909e-05	2.2327333948759594e-05	
-2.0751613110762977e-05	-4.155878186841936e-05	-4.172614958542515e-05	-4.200561809214054e-05	-4.239888162093405e-05	-4.290723748594081e-05	-4.353340004577174e-05	-4.4279716247148384e-05	-4.514996795931269e-05	-4.6147611600655256e-05	-4.7277560042151e-05	-4.85444512070877e-05	-4.9954399304686216e-05	-5.151329512927843e-05	-5.322851376124459e-05	-5.51072454963762e-05	-5.715814245078703e-05	-5.938967247584294e-05	-6.1811678844067e-05	-6.443373824507534e-05	-6.726659347386089e-05	-7.0320477569237e-05	-7.360635529546052e-05	-7.713414388217784e-05	-8.091365927510473e-05	-8.495261293601424e-05	-8.925709566359014e-05	-9.382915152594134e-05	-9.86665383601907e-05	-0.00010375957000305141	-0.00010908977113200063	-0.00011462555372409081	-0.00012031927479679797	-0.00012610125257335458	-0.00013187478262748726	-0.00013750824333063488	-0.00014282820553035837	-0.00014761048287002072	-0.00015157335220979443	-0.000154371340716445	-0.00015559480468709517	-0.00015477580795638475	-0.00015140676562905102	-0.00014497379266000584	-0.00013501001048837782	-0.00012116713617895368	-0.00010330134123741211	-8.15581694320936e-05	-5.643524996519012e-05	-2.8795088697975476e-05	1.924530133642216e-07	2.9180409506742062e-05	5.682183038648644e-05	8.194684316084697e-05	0.00010369296132683265	0.00012156254878191507	0.0001354100852349674	0.00014537939668620857	0.00015181879376267708	0.00015519515717816058	0.00015602240405305817	0.0001548081263983848	0.00015202029708708984	0.0001480685722990299	0.0001432984665451784	0.00013799172129465298	0.00013237256999089038	0.0001266144665648416	0.00012084908569604761	0.00011517316375789959	0.00010965644223267666	0.00010434660408131303	9.927530453594845e-05	9.446106796060568e-05	8.991365626839927e-05	8.563537095947844e-05	8.162425351649629e-05	7.787428424628332e-05	7.43778485657147e-05	7.11252151624971e-05	6.810657685967539e-05	6.531106915863067e-05	6.27285844760612e-05	6.034849843293945e-05	5.81613778853454e-05	5.615751914151199e-05	5.4328619221995645e-05	5.266619036437589e-05	5.1163232361034396e-05	4.9812563572766e-05	4.8608513174100984e-05	4.7545194632435216e-05	4.661822544592593e-05	4.582296077389867e-05	4.515624168991229e-05	4.461460193328981e-05	4.419604191234964e-05	4.3898218899617805e-05	4.372024185468591e-05	2.1830426956020946e-05	
-2.026629245213367e-05	-4.058549263830418e-05	-4.074398114205372e-05	-4.1009132746597257e-05	-4.138156539181672e-05	-4.186321672911236e-05	-4.245557444469423e-05	-4.3161450100770866e-05	-4.398322717648917e-05	-4.4924615876794745e-05	-4.598892369589823e-05	-4.718078109676338e-05	-4.8504437503355804e-05	-4.996544553190495e-05	-5.156898218905171e-05	-5.3321475589355495e-05	-5.522894598660789e-05	-5.729855264726335e-05	-5.953694093106045e-05	-6.195167666536808e-05	-6.45495719250568e-05	-6.733795757111127e-05	-7.032293893033392e-05	-7.351043097000084e-05	-7.690426225855855e-05	-8.050685794954023e-05	-8.431706297642354e-05	-8.833030358175345e-05	-9.253593930500827e-05	-9.69166699232015e-05	-0.00010144516497117867	-0.0001060824387326371	-0.0001107734976930093	-0.00011544446784607517	-0.00011999718002822491	-0.00012430520333095115	-0.00012820794126561078	-0.00013150678044502023	-0.00013396085356058053	-0.00013528672729593862	-0.00013516084405631036	-0.00013322947725881006	-0.00012912604949064533	-0.0001225000244700499	-0.00011305616576148879	-0.00010060439010792493	-8.511341842517813e-05	-6.675994167197586e-05	-4.595882188700314e-05	-2.3361229232161202e-05	1.8917791829602994e-07	2.3739998323926833e-05	4.633881772774396e-05	6.71419947247771e-05	8.549835015878677e-05	0.00010099304290398458	0.00011344937715954779	0.00012289865691880232	0.00012953096494140942	0.00013364156668578021	0.00013558100253951836	0.00013571588323923437	0.00013439994440683908	0.00013195678152562017	0.00012866984229309105	0.00012478003682032338	0.00012048599871555148	0.00011594837263015855	0.00011129361613265395	0.00010661995246731993	0.00010200128945528505	9.749268129644322e-05	9.31331555289722e-05	8.895011074535892e-05	8.496089800900453e-05	8.117623436387398e-05	7.760075462576546e-05	7.42357001229638e-05	7.107871839933354e-05	6.812607829416879e-05	6.537195085978809e-05	6.281034108024424e-05	6.0434019428771307e-05	5.8236299142311646e-05	5.6209733398654785e-05	5.4347819647906134e-05	5.2643538081573985e-05	5.109103171508386e-05	4.968403561933193e-05	4.841756001106043e-05	4.7286243023790254e-05	4.62860505074869e-05	4.5412574776156674e-05	4.466275641503999e-05	4.403314515745964e-05	4.3521643850306544e-05	4.312574383777435e-05	4.2844288099098524e-05	4.267569125267292e-05	2.1309858478111734e-05	
-1.9760391703206245e-05	-3.957057744546064e-05	-3.972057649272153e-05	-3.9970877212917206e-05	-4.032280930085018e-05	-4.077718740136815e-05	-4.133605595599675e-05	-4.20009532252099e-05	-4.277463920717941e-05	-4.365937672012234e-05	-4.465863271097147e-05	-4.5775379718498765e-05	-4.701375903874908e-05	-4.837740334874584e-05	-4.987104725214143e-05	-5.149886785726308e-05	-5.326602352957185e-05	-5.517700298507313e-05	-5.723706565935222e-05	-5.9450580250000346e-05	-6.18223286336175e-05	-6.4355800245702e-05	-6.705430427307048e-05	-6.991916509769777e-05	-7.295056302476983e-05	-7.614554721792127e-05	-7.949849357384152e-05	-8.299881726626392e-05	-8.663090316149652e-05	-9.037137153481366e-05	-9.418832166379471e-05	-9.803801457895431e-05	-0.00010186332599838746	-0.00010558983662385928	-0.00010912362712345476	-0.00011234715990077388	-0.00011511715816970875	-0.00011726154676055698	-0.00011857936278233125	-0.0001188415507320682	-0.00011779661255155167	-0.0001151797897729766	-0.00011072937924905203	-0.00010420872690835052	-9.543560112309211e-05	-8.431525108199803e-05	-7.087457712005255e-05	-5.528969846403512e-05	-3.79001909831065e-05	-1.9201787846840658e-05	1.8571216878031371e-07	1.9573609467547336e-05	3.82732191672524e-05	5.566473160232687e-05	7.12524321018974e-05	8.469673782640413e-05	9.582155184833683e-05	0.00010459997093218093	0.00011112677206243852	0.00011558418824508701	0.00011820890373298349	0.00011926262760115114	0.00011901015270708148	0.00011770298792436896	0.0001155702276263602	0.00011281285081964835	0.00010960297637832486	0.00010608390300050584	0.00010237321726575292	9.856486680555614e-05	9.473332572926827e-05	9.093575370600841e-05	8.721595101360356e-05	8.360586167509624e-05	8.01289340288167e-05	7.680083539392073e-05	7.363222748437413e-05	7.062879661435954e-05	6.779357993726121e-05	6.512647072098448e-05	6.262624170078702e-05	6.02896701889428e-05	5.811337628664772e-05	5.6092679366966265e-05	5.422333459132448e-05	5.2500200645391715e-05	5.091892921695019e-05	4.947449938567621e-05	4.816289356690258e-05	4.697953673873443e-05	4.592097781912967e-05	4.498326041856617e-05	4.4163618995514734e-05	4.345880038409883e-05	4.2866777839818806e-05	4.2385037864725605e-05	4.2012311259308655e-05	4.1746836781294744e-05	4.1588105753151715e-05	2.0767556087928715e-05	
-1.923561556830999e-05	-3.851835303029945e-05	-3.8659434707664095e-05	-3.8895345274958147e-05	-3.922638654253388e-05	-3.965400771385001e-05	-4.01790919635838e-05	-4.080365667372554e-05	-4.152915223448457e-05	-4.23581387078485e-05	-4.329260068116849e-05	-4.433558969826681e-05	-4.548955694106473e-05	-4.6757948466499594e-05	-4.8143554419673694e-05	-4.965004061183246e-05	-5.1280308363381064e-05	-5.303794065219055e-05	-5.492555985794347e-05	-5.6946158829874484e-05	-5.910143392605057e-05	-6.139296005370815e-05	-6.382046270705141e-05	-6.638278079157704e-05	-6.907602381609563e-05	-7.189424795050049e-05	-7.482742541359809e-05	-7.786174235345836e-05	-8.09772949858196e-05	-8.414791599459974e-05	-8.733852711979525e-05	-9.050444522129325e-05	-9.358840880848806e-05	-9.651946766154934e-05	-9.92099425406593e-05	-0.00010155436359403618	-0.00010342713127782749	-0.0001046826478941032	-0.00010515529512470918	-0.00010466287538696034	-0.00010301149741494069	-0.00010000519470856157	-9.545846202014337e-05	-8.921395570409235e-05	-8.116274642807914e-05	-7.12671016612819e-05	-5.9581267762762874e-05	-4.626743539661721e-05	-3.1601224758634906e-05	-1.596373740028528e-05	1.8205385378020598e-07	1.6328239768803902e-05	3.196689851911981e-05	4.663507350990818e-05	5.9951654302636305e-05	7.164104055529209e-05	8.154103653552187e-05	8.959741939798234e-05	9.584792059029565e-05	0.00010040149670760795	0.0001034154945173402	0.00010507545042481143	0.00010557733853431639	0.00010511508537119473	0.00010387090094446426	0.00010201044320775699	9.96793275160427e-05	9.700319777386328e-05	9.408754720619146e-05	9.102010457199704e-05	8.787184975250458e-05	8.470009944427405e-05	8.154957340724463e-05	7.845541143047775e-05	7.544382519022595e-05	7.253478708196944e-05	6.974216396715574e-05	6.707606021881041e-05	6.45424823791238e-05	6.214540656772854e-05	5.988606750958065e-05	5.776483560802312e-05	5.578022190160534e-05	5.393063762626916e-05	5.2213189788982174e-05	5.062537693809732e-05	4.916373166769552e-05	4.782548877537053e-05	4.660711575512144e-05	4.550597583823847e-05	4.451877621910181e-05	4.364323860046014e-05	4.2876486993900326e-05	4.221673156231382e-05	4.1661612500953066e-05	4.120989835477084e-05	4.0859798941656996e-05	4.0610676227013675e-05	4.046133688990248e-05	2.020587586893476e-05	
-1.869407900722687e-05	-3.7432200569194855e-05	-3.7564866716879515e-05	-3.778608464303795e-05	-3.8096855143855015e-05	-3.84975665652379e-05	-3.8989665881748465e-05	-3.957398141793506e-05	-4.025237361261202e-05	-4.1026069877256484e-05	-4.189728526514264e-05	-4.28675721528863e-05	-4.3939399226219114e-05	-4.511451629881177e-05	-4.6395477412434854e-05	-4.7784017699619645e-05	-4.928250260233225e-05	-5.0892308833182416e-05	-5.2615176308766086e-05	-5.445157853286491e-05	-5.6401946422479535e-05	-5.846500454218862e-05	-6.0638826509950986e-05	-6.291910278670909e-05	-6.529997676318411e-05	-6.777219924800103e-05	-7.032368618364925e-05	-7.293751035530958e-05	-7.559212492566614e-05	-7.825915755462268e-05	-8.090327774506914e-05	-8.347981907582888e-05	-8.593436809593586e-05	-8.820039174634693e-05	-9.019884512534828e-05	-9.183628241711474e-05	-9.300517543196795e-05	-9.358347178320598e-05	-9.343687089926125e-05	-9.242135689236991e-05	-9.038914118013807e-05	-8.719587796342959e-05	-8.271163165868983e-05	-7.683329642557408e-05	-6.949963513299437e-05	-6.0705828407619936e-05	-5.0516908036206355e-05	-3.907617439334078e-05	-2.660699840455541e-05	-1.340515438236537e-05	1.7821502073904483e-07	1.3761962573788193e-05	2.696495514826515e-05	3.943603949234397e-05	5.087945885883785e-05	6.107183531090746e-05	6.986988950701076e-05	7.720858636719487e-05	8.309276981676274e-05	8.758367758837432e-05	9.078444369308271e-05	9.282500843635572e-05	9.38497495583568e-05	9.400646476152678e-05	9.343920585247988e-05	9.228228725531216e-05	9.065780152202937e-05	8.867329582358833e-05	8.64222607235859e-05	8.398376569842246e-05	8.142439354811811e-05	7.87985884323014e-05	7.615107200016288e-05	7.351721221644585e-05	7.092544272248498e-05	6.839735530090034e-05	6.594994522938005e-05	6.359534981046136e-05	6.134289386052112e-05	5.919849646823414e-05	5.716655128131659e-05	5.5249057450395406e-05	5.344738405206335e-05	5.1761184405882865e-05	5.019008935897495e-05	4.87324559986715e-05	4.738702397005844e-05	4.6151539006576025e-05	4.50243957323178e-05	4.4003166924479995e-05	4.3086247360714445e-05	4.227131228725549e-05	4.155697013864771e-05	4.09411682488789e-05	4.0422857410084474e-05	4.000035903203172e-05	3.9673041078723205e-05	3.943965821441767e-05	3.9300036247595054e-05	1.9626697459307537e-05	
-1.813742232097552e-05	-3.6316271402793545e-05	-3.644022829279079e-05	-3.664739432209218e-05	-3.6937799389317526e-05	-3.731246427004611e-05	-3.777175270603997e-05	-3.831699436948667e-05	-3.8948845406984646e-05	-3.9668885443918734e-05	-4.047799006363817e-05	-4.1377891479030916e-05	-4.2369564581895666e-05	-4.345473894558908e-05	-4.4634297544025e-05	-4.590972502865355e-05	-4.72815147506433e-05	-4.8750534538423256e-05	-5.03164330449911e-05	-5.19788993780886e-05	-5.373605398552848e-05	-5.558557259163923e-05	-5.7523040261708706e-05	-5.954290407277497e-05	-6.163676325480908e-05	-6.379411146354406e-05	-6.600053498884075e-05	-6.823821034695901e-05	-7.048399500245812e-05	-7.270967109486578e-05	-7.487995484610401e-05	-7.695254317437259e-05	-7.887616444482383e-05	-8.05906212097932e-05	-8.20251878580671e-05	-8.309907844444245e-05	-8.372078301306304e-05	-8.378971541924416e-05	-8.31974141484444e-05	-8.183141241449024e-05	-7.957937892775309e-05	-7.63361396992901e-05	-7.201130120080721e-05	-6.653923995125939e-05	-5.988893748056423e-05	-5.207424628449631e-05	-4.316168288968523e-05	-3.327534074511673e-05	-2.259632250676104e-05	-1.1356490896741568e-05	1.7419439087614647e-07	1.1705254188601466e-05	2.2946197215278213e-05	3.3627079204536425e-05	4.35160286948069e-05	5.243196175131609e-05	6.025077965968379e-05	6.690598792778333e-05	7.238373240864423e-05	7.671505698162405e-05	7.996558727256693e-05	8.22257456989735e-05	8.36007124160197e-05	8.420285123399607e-05	8.414463939850959e-05	8.35345747774623e-05	8.24732585895801e-05	8.105224123169605e-05	7.935232871264346e-05	7.744429148534907e-05	7.538835248365372e-05	7.323583296110347e-05	7.102906740387828e-05	6.880339443019671e-05	6.658706978615245e-05	6.44032965862396e-05	6.226994331559566e-05	6.0201490596635326e-05	5.820849759946773e-05	5.629943901250782e-05	5.447992919159863e-05	5.275446474531912e-05	5.112544084054718e-05	4.9594827276058665e-05	4.816301620004309e-05	4.68304586446929e-05	4.559637933676503e-05	4.4460394927310246e-05	4.342112553393159e-05	4.247780933058494e-05	4.1628834540872214e-05	4.08733592425598e-05	4.020978263048697e-05	3.963737427163128e-05	3.915469970431006e-05	3.876125989736011e-05	3.8455883484731944e-05	3.823837461650296e-05	3.810788210007639e-05	1.9032275967111146e-05	
-1.75676492580346e-05	-3.517375515951004e-05	-3.528959236876292e-05	-3.54825986753121e-05	-3.575349052483406e-05	-3.610229858858275e-05	-3.6529960611062295e-05	-3.7036712632508426e-05	-3.762365987801177e-05	-3.829117704122207e-05	-3.904044790535566e-05	-3.9871877384450464e-05	-4.078658907371964e-05	-4.178484983972819e-05	-4.2867512532275825e-05	-4.4034451418843257e-05	-4.5285934725643835e-05	-4.662106602860652e-05	-4.803906808545529e-05	-4.953772147669902e-05	-5.111453753957801e-05	-5.276518151703331e-05	-5.448450905218955e-05	-5.626495806468194e-05	-5.809742207757814e-05	-5.996959576037354e-05	-6.18666632869534e-05	-6.3769592447576e-05	-6.565563467189606e-05	-6.749659149118774e-05	-6.925916700882345e-05	-7.090329302690329e-05	-7.238246136808432e-05	-7.364230757983114e-05	-7.462119492918085e-05	-7.52494297950536e-05	-7.545056578986593e-05	-7.514182665762834e-05	-7.423677982876839e-05	-7.264765383234711e-05	-7.0290008020618e-05	-6.708739115934251e-05	-6.297808753091502e-05	-5.792163271164702e-05	-5.1906374107951216e-05	-4.4955668550456266e-05	-3.7133158954847506e-05	-2.854486318029149e-05	-1.9338185262307486e-05	-9.696500477917366e-06	1.7000407249436952e-07	1.0036866215816032e-05	1.9679637214663507e-05	2.8888119707171393e-05	3.747895498580622e-05	4.530473200287295e-05	5.225945259682962e-05	5.8279470198924774e-05	6.334145083424598e-05	6.745704694757684e-05	7.066674904311707e-05	7.303227637547481e-05	7.463010958921271e-05	7.554469677423313e-05	7.586384228688511e-05	7.567399030296903e-05	7.505795362670658e-05	7.409219471645433e-05	7.284644763693793e-05	7.138237000052928e-05	6.975437087859671e-05	6.800898452611226e-05	6.61863282639208e-05	6.431972970087152e-05	6.24374413119291e-05	6.0562249497508815e-05	5.871324578580442e-05	5.690529047895626e-05	5.515075401350464e-05	5.3458794555752995e-05	5.183704559373842e-05	5.0290710982520614e-05	4.882420372637555e-05	4.744008039865599e-05	4.614064604170794e-05	4.4926754799201856e-05	4.379939658584559e-05	4.275838956729964e-05	4.1803961215837834e-05	4.0935354901260696e-05	4.01524139126702e-05	3.9454120748378654e-05	3.884018885979724e-05	3.830954999127353e-05	3.786195520629123e-05	3.749642302255421e-05	3.7212848761010783e-05	3.7010424201165425e-05	3.688925234878364e-05	1.8424373884198468e-05	
-1.6986280252406317e-05	-3.400852294944404e-05	-3.411605861744386e-05	-3.429568341281342e-05	-3.454720570656468e-05	-3.487128649385613e-05	-3.5267865758476614e-05	-3.573770446904339e-05	-3.628081710807169e-05	-3.6897987124179065e-05	-3.7589209159297665e-05	-3.835516841737871e-05	-3.91956946728898e-05	-4.01111945795433e-05	-4.110111772522566e-05	-4.2165329122699784e-05	-4.330258535708512e-05	-4.451183238801139e-05	-4.5790687304559166e-05	-4.7136644323323134e-05	-4.8545555182378033e-05	-5.001272442840815e-05	-5.153137994883309e-05	-5.3093638633045035e-05	-5.468895985894179e-05	-5.630496701988785e-05	-5.792588450502132e-05	-5.953321407864171e-05	-6.11041759913314e-05	-6.261226913997894e-05	-6.402577810754584e-05	-6.530830208005165e-05	-6.641746163962056e-05	-6.730557195267796e-05	-6.791879042495784e-05	-6.819823120086867e-05	-6.807992051131189e-05	-6.749676498286764e-05	-6.637976056497611e-05	-6.46612361335355e-05	-6.227765468700655e-05	-5.917428133281029e-05	-5.530942921416911e-05	-5.065997380118204e-05	-4.5225937933261306e-05	-3.9035162884881345e-05	-3.214602074419286e-05	-2.4648700243103464e-05	-1.6663538681101556e-05	-8.336933519971675e-06	1.656433663919498e-07	8.668573267691e-06	1.6996225888337574e-05	2.4983143924916813e-05	3.248292137090266e-05	3.937523845692643e-05	4.556990103195464e-05	5.1008557502205164e-05	5.5663364414597306e-05	5.953432242367302e-05	6.264455726634271e-05	6.50357823597607e-05	6.676273736491972e-05	6.7888989009386e-05	6.848221695417373e-05	6.861145827405434e-05	6.834381888679974e-05	6.774330905054589e-05	6.68688314437926e-05	6.577426881582756e-05	6.450732740477777e-05	6.31104306849119e-05	6.162000579030787e-05	6.0067816363835926e-05	5.8480395106234374e-05	5.68805744593928e-05	5.5286889918979205e-05	5.3715174574630817e-05	5.2177848353833673e-05	5.0685514474458444e-05	4.924610582618806e-05	4.7866462557536685e-05	4.655133673167822e-05	4.530495037319667e-05	4.412987301755263e-05	4.302856727043388e-05	4.2002158261662966e-05	4.10519750900345e-05	4.017823116630976e-05	3.938156838433185e-05	3.866166552429141e-05	3.8018789504000195e-05	3.7452346740763916e-05	3.696244329609833e-05	3.654839194638835e-05	3.621028079742635e-05	3.594744698582099e-05	3.576005149163975e-05	3.5647528893668024e-05	1.7805082305289293e-05	
-1.6395157613391266e-05	-3.282347549320575e-05	-3.2923360481276045e-05	-3.308965017424765e-05	-3.332282509242565e-05	-3.3622631832157447e-05	-3.3989593211900814e-05	-3.4423477060415916e-05	-3.4924784189201754e-05	-3.549322460974136e-05	-3.612917483877237e-05	-3.683216460219704e-05	-3.760229391057269e-05	-3.843873196394807e-05	-3.934108318370884e-05	-4.030789846569936e-05	-4.1337977957367825e-05	-4.242889311075447e-05	-4.357821262665295e-05	-4.478203222634046e-05	-4.6036109295803207e-05	-4.7334396587875066e-05	-4.8670071631334605e-05	-5.00340719997496e-05	-5.141600926544885e-05	-5.280270935412721e-05	-5.417901071039233e-05	-5.552632733288299e-05	-5.6823351384503425e-05	-5.8044683987353886e-05	-5.916149943611948e-05	-6.0140335362899645e-05	-6.094383368411842e-05	-6.152984961983092e-05	-6.185246129477694e-05	-6.186163664959076e-05	-6.150477844346733e-05	-6.0727243275972395e-05	-5.947470633016797e-05	-5.7694780591227134e-05	-5.534034847768938e-05	-5.2372271087599924e-05	-4.8763434499507724e-05	-4.450199301661334e-05	-3.959521321211844e-05	-3.4071978573561043e-05	-2.798486464793441e-05	-2.1410208233445163e-05	-1.4446827984125913e-05	-7.212496670161526e-06	1.6112433643398517e-07	7.535081165525393e-06	1.4770432664882758e-05	2.1735507589309717e-05	2.8312548690864617e-05	3.4402730352502435e-05	3.992973408743989e-05	4.484098038622488e-05	4.91076068722205e-05	5.272234612554625e-05	5.5697067789347004e-05	5.8058888194129944e-05	5.9846973085448166e-05	6.110844587400898e-05	6.189572340312653e-05	6.226313992766441e-05	6.22653717745373e-05	6.195502944274754e-05	6.138218115376735e-05	6.059276609433992e-05	5.9628968602405035e-05	5.852816837788311e-05	5.732387092207943e-05	5.6044928126983574e-05	5.471678577251109e-05	5.336078272477867e-05	5.1995555853816256e-05	5.06363028536463e-05	4.929625282317461e-05	4.7985835683805856e-05	4.6714173202517867e-05	4.548813489781134e-05	4.431383177368322e-05	4.319555915921903e-05	4.2137289502325195e-05	4.11415124610453e-05	4.021072899183304e-05	3.9346202709333855e-05	3.85494589297475e-05	3.782096182757851e-05	3.716162138548795e-05	3.657140996321461e-05	3.6050878566138035e-05	3.559972504343085e-05	3.521831937878888e-05	3.4906234298241325e-05	3.466377769738773e-05	3.449049513701697e-05	3.4386706142814685e-05	1.7175993465609383e-05	
-1.5795640432116817e-05	-3.162211735548463e-05	-3.171425829149128e-05	-3.186808458512147e-05	-3.208323497237426e-05	-3.2360081269773675e-05	-3.2698237090426004e-05	-3.309801495506418e-05	-3.355894001469738e-05	-3.4081181393810116e-05	-3.4664074699635074e-05	-3.530751916300658e-05	-3.60105117049129e-05	-3.677250054765673e-05	-3.759193248532863e-05	-3.846755270746574e-05	-3.939696576814387e-05	-4.037787054241791e-05	-4.140663443784494e-05	-4.247945202793152e-05	-4.35909317820746e-05	-4.473516765597803e-05	-4.590433893240643e-05	-4.70896870843491e-05	-4.8280133754863514e-05	-4.9463162476528024e-05	-5.062346974253943e-05	-5.174376547013924e-05	-5.28034907115747e-05	-5.37795754901873e-05	-5.464528727477111e-05	-5.537102266845253e-05	-5.592339454080133e-05	-5.6266183574211624e-05	-5.6359823219226694e-05	-5.616268633635993e-05	-5.563116541467642e-05	-5.4721487257683834e-05	-5.3390567711551653e-05	-5.159847795748178e-05	-4.93101137836753e-05	-4.6498214675518425e-05	-4.314557376527864e-05	-3.924811408476635e-05	-3.4816912535382775e-05	-2.9880385186721635e-05	-2.4485026919389766e-05	-1.8695569633421375e-05	-1.2593436045511743e-05	-6.2741932644965435e-06	1.564468111198581e-07	6.587417271732097e-06	1.2907640201153094e-05	1.9011417366498334e-05	2.480317336190545e-05	3.0201501765497307e-05	3.514166516077545e-05	3.9577187582047826e-05	4.347965031499621e-05	4.683799800477787e-05	4.9656307957439416e-05	5.195181125079663e-05	5.37517718496481e-05	5.509132089098149e-05	5.601039390358033e-05	5.6552104751709446e-05	5.6760236765072275e-05	5.667843003710521e-05	5.6348325440426245e-05	5.580952507958548e-05	5.509826579120725e-05	5.424797334307042e-05	5.328827262629304e-05	5.224593800363757e-05	5.11440651053169e-05	5.000325800899141e-05	4.88408367766248e-05	4.7672153424903926e-05	4.650975885674868e-05	4.5364783356874425e-05	4.424602441338425e-05	4.316135805305964e-05	4.2116733778414794e-05	4.111760165814189e-05	4.016781489631901e-05	3.927106752074186e-05	3.842971235365933e-05	3.764620857845359e-05	3.692186589912143e-05	3.625830258163206e-05	3.565612730335385e-05	3.51164079935765e-05	3.463930247127046e-05	3.422553744940943e-05	3.3874998204164625e-05	3.358821593987141e-05	3.3364925760156543e-05	3.320555944114691e-05	3.310978002854388e-05	1.6538988009785534e-05	
-1.5189373562531399e-05	-3.0406991613074798e-05	-3.049207435124919e-05	-3.0633597683967574e-05	-3.083185433970351e-05	-3.1086379443439526e-05	-3.139737339235828e-05	-3.176425636371665e-05	-3.218706986211377e-05	-3.2665038023080534e-05	-3.319794030831347e-05	-3.3784683133597135e-05	-3.442463553786099e-05	-3.5116213843013684e-05	-3.585817149579599e-05	-3.6648198670775515e-05	-3.748415699794845e-05	-3.836269542464301e-05	-3.928042044764495e-05	-4.023252950437656e-05	-4.121390809697534e-05	-4.221778311188588e-05	-4.3236740660931774e-05	-4.4261405053640235e-05	-4.528137654952652e-05	-4.628394875033946e-05	-4.725497552808083e-05	-4.8177652340114974e-05	-4.9033338439689444e-05	-4.98004480193585e-05	-5.045527897746551e-05	-5.0971088515307846e-05	-5.13190122844614e-05	-5.1467432666403383e-05	-5.138310500625706e-05	-5.103095334995061e-05	-5.037553560292905e-05	-4.9381395856273685e-05	-4.8014965375558875e-05	-4.624552464575706e-05	-4.4047511647270416e-05	-4.1401964246295594e-05	-3.82989694430228e-05	-3.4739173432229075e-05	-3.0735803298729994e-05	-2.631555079742249e-05	-2.1519394581343736e-05	-1.6402099947147235e-05	-1.1031204984574125e-05	-5.484747366218544e-06	1.5162270892207091e-07	5.788305827627606e-06	1.133571452980014e-05	1.670818918418377e-05	2.1827706552274566e-05	2.6626721689208257e-05	3.105048618994911e-05	3.505801719575147e-05	3.8622642293662684e-05	4.173113293017819e-05	4.4382864711262266e-05	4.65877520069057e-05	4.836478123357974e-05	4.9739518734429576e-05	5.0742710825229945e-05	5.1407933642154966e-05	5.1770672459656346e-05	5.186637998409727e-05	5.173016415348632e-05	5.13952835787657e-05	5.0893390536044356e-05	5.025336680399505e-05	4.950199256188075e-05	4.866299093216411e-05	4.7757987858537156e-05	4.680564878896463e-05	4.582282115907151e-05	4.48236795237291e-05	4.3820975879288644e-05	4.282514209432575e-05	4.184560202891461e-05	4.088980527162619e-05	3.996457542089629e-05	3.907506596584608e-05	3.822613183416919e-05	3.742120831095263e-05	3.666370000281064e-05	3.595578904194553e-05	3.529983894205789e-05	3.469714075329691e-05	3.414933041223604e-05	3.3657082258838094e-05	3.322153843168551e-05	3.284295903559735e-05	3.252216152700168e-05	3.225913629989048e-05	3.205449319229213e-05	3.1908050588001575e-05	3.182028532762732e-05	1.5895451359553556e-05	
-1.4577527256029503e-05	-2.918117839674836e-05	-2.9259175605044322e-05	-2.938931914206103e-05	-2.957112786177027e-05	-2.9804751791164506e-05	-3.0089570490778644e-05	-3.042556108528832e-05	-3.081190124213973e-05	-3.124831312891362e-05	-3.17336750669851e-05	-3.2267334150406775e-05	-3.284773002051804e-05	-3.3473668451268793e-05	-3.414296012870592e-05	-3.4853647225895166e-05	-3.5602659692310086e-05	-3.6386986893612635e-05	-3.720235397299752e-05	-3.804433135082958e-05	-3.890703464711555e-05	-3.978416677394628e-05	-4.066774739218084e-05	-4.154908631965264e-05	-4.241755352479056e-05	-4.3261489747155974e-05	-4.406703684932547e-05	-4.4819003184495994e-05	-4.549978793375525e-05	-4.6090235774444064e-05	-4.656870797203861e-05	-4.6911982680189024e-05	-4.7094547920181144e-05	-4.708962612560812e-05	-4.686878261483387e-05	-4.640316508136067e-05	-4.566352089995819e-05	-4.462172499141413e-05	-4.3251257380108664e-05	-4.152902124935319e-05	-3.9436224812280994e-05	-3.696034796767903e-05	-3.409619560260026e-05	-3.084767343562397e-05	-2.722858032900232e-05	-2.326368377255424e-05	-1.8988713577067066e-05	-1.4450227254042352e-05	-9.704403111850026e-06	-4.8154741822447125e-06	1.4665233717778715e-07	5.109085678362511e-06	9.998924694534696e-06	1.4746274908327274e-05	1.9286895296498482e-05	2.3564622579173226e-05	2.753289369855248e-05	3.1155996159671186e-05	3.4409159441092926e-05	3.727860427444468e-05	3.9760424504037186e-05	4.1859837115953806e-05	4.3589364457167156e-05	4.496782247672315e-05	4.601831301423453e-05	4.676738251212676e-05	4.724316394629359e-05	4.74749387307736e-05	4.749157003635274e-05	4.7321523669029706e-05	4.699159111128939e-05	4.652731780365241e-05	4.5951942625375346e-05	4.528714008966342e-05	4.455208570185881e-05	4.376441831856274e-05	4.293935290226511e-05	4.2090787771622456e-05	4.123040854529786e-05	4.036888737889735e-05	3.951494365863245e-05	3.86766014667917e-05	3.786018959403613e-05	3.7071637284843235e-05	3.631540776300531e-05	3.559582112997489e-05	3.4915922757307956e-05	3.4278827242021926e-05	3.368652699277901e-05	3.314125362986417e-05	3.264423400973712e-05	3.219706638120361e-05	3.1800431788594694e-05	3.145548234587788e-05	3.116251598172959e-05	3.09223738027006e-05	3.0735085826414324e-05	3.060127382500141e-05	3.0520775220103286e-05	1.5247023580689469e-05	
-1.3961526540547153e-05	-2.7946821787977314e-05	-2.8018429900444072e-05	-2.813743099391284e-05	-2.83039747740973e-05	-2.8517452150303057e-05	-2.877782616996302e-05	-2.9084279438676823e-05	-2.9436525276287507e-05	-2.9833461889051065e-05	-3.0274457209901803e-05	-3.0758013766187984e-05	-3.128302036521725e-05	-3.1847431195671666e-05	-3.244947735991127e-05	-3.3086363500348245e-05	-3.375543229983881e-05	-3.4452882019325444e-05	-3.5174877724351925e-05	-3.591629386090874e-05	-3.667176749839351e-05	-3.743447192216035e-05	-3.8197110167320484e-05	-3.895072921927887e-05	-3.968565728129539e-05	-4.039037434160368e-05	-4.105240477453271e-05	-4.16572694932237e-05	-4.218935717795663e-05	-4.2630996173770525e-05	-4.296334245273688e-05	-4.31656245083044e-05	-4.321610147353216e-05	-4.3091547183014486e-05	-4.276834122246033e-05	-4.2222260127813566e-05	-4.142975595271075e-05	-4.0368099272465184e-05	-3.90168585605651e-05	-3.735837576238066e-05	-3.537937258650656e-05	-3.307162857779547e-05	-3.0433512076754438e-05	-2.7470593630693463e-05	-2.4196770577246526e-05	-2.0634447780073823e-05	-1.681487729145799e-05	-1.2777566351394008e-05	-8.569575723175668e-06	-4.244035244237577e-06	1.4154737464967294e-07	4.5274194439070626e-06	8.853839419461205e-06	1.306329065321808e-05	1.7102656622458513e-05	2.0924869882441976e-05	2.449043864685501e-05	2.7768106493694243e-05	3.073548612986363e-05	3.3378678222602894e-05	3.569213189691866e-05	3.767747925980335e-05	3.9342962530358955e-05	4.0701862960638904e-05	4.1771862452857304e-05	4.257339807659725e-05	4.312922517775181e-05	4.3462899891076774e-05	4.3598673657756475e-05	4.356017777537428e-05	4.337066840919739e-05	4.3051900031264854e-05	4.2624676111479415e-05	4.210785699635002e-05	4.1519148168108486e-05	4.0874179918169544e-05	4.018746686549376e-05	3.9471506125658e-05	3.873785470301036e-05	3.799620816292423e-05	3.725555760897888e-05	3.6523225669265395e-05	3.580607771395288e-05	3.510950364913793e-05	3.443866749379201e-05	3.379743161860231e-05	3.318963497085623e-05	3.261796154925217e-05	3.208524117887779e-05	3.1593266979525815e-05	3.11441144433247e-05	3.0738914165765184e-05	3.037918571534115e-05	3.0065572508815126e-05	2.979918704999684e-05	2.9580314921727596e-05	2.940976771257769e-05	2.9287562904272893e-05	2.92142803832864e-05	1.4594862330487053e-05	
-1.3342338260662716e-05	-2.670654583750231e-05	-2.6771783450522147e-05	-2.6880579009371848e-05	-2.703237658147089e-05	-2.7227165069683957e-05	-2.7464172709812658e-05	-2.7743141591721632e-05	-2.8063026830394818e-05	-2.842324924553965e-05	-2.8822403464113074e-05	-2.925948259598196e-05	-2.973259922805046e-05	-3.0240175845693267e-05	-3.077968251309125e-05	-3.134878693357982e-05	-3.1944112711239137e-05	-3.256234348783624e-05	-3.3199006261055265e-05	-3.384952524386985e-05	-3.450803609318312e-05	-3.516838738390802e-05	-3.582299421051342e-05	-3.64637889328176e-05	-3.7081126964783365e-05	-3.7664694243355645e-05	-3.820248457549777e-05	-3.868167943804694e-05	-3.908772511415409e-05	-3.94052106672773e-05	-3.9617083413224065e-05	-3.9705561584020186e-05	-3.965153577011266e-05	-3.943555991871132e-05	-3.903748874878473e-05	-3.843758719226107e-05	-3.761644077359197e-05	-3.6556199601004975e-05	-3.524076021857111e-05	-3.365710679722599e-05	-3.179569314662239e-05	-2.965176068561075e-05	-2.722575660879436e-05	-2.4524415359667177e-05	-2.156096639052132e-05	-1.8355709308976852e-05	-1.4935748403251039e-05	-1.1334830905821791e-05	-7.592448003119687e-06	-3.7528733631638942e-06	1.363085636120259e-07	4.0257730043297656e-06	7.866185482818377e-06	1.1609973289588888e-05	1.5212855132019248e-05	1.863535356663292e-05	2.1843715861173305e-05	2.481085344177732e-05	2.7516463376117207e-05	2.994733387101092e-05	3.20967293859631e-05	3.396422230568313e-05	3.5554572394447194e-05	3.687734731682606e-05	3.7945566413680014e-05	3.87753564800047e-05	3.9384573287683765e-05	3.979265647577953e-05	4.001934938479277e-05	4.0084824225454074e-05	4.000853771467255e-05	3.980962787166403e-05	3.95058894830211e-05	3.9114405394918784e-05	3.865060182749912e-05	3.8129064024984994e-05	3.75626278964681e-05	3.6963332257893065e-05	3.634151039736425e-05	3.5706840235354045e-05	3.506741007635954e-05	3.443083833256402e-05	3.3803297948687235e-05	3.3190686197933516e-05	3.259760041194744e-05	3.202854491728626e-05	3.148685648344393e-05	3.0975939821677114e-05	3.0498144913483562e-05	3.0056025102675647e-05	2.965117069542087e-05	2.9285485053305967e-05	2.8959980043630985e-05	2.867606611763667e-05	2.8434315710404914e-05	2.823576338209162e-05	2.808064338265633e-05	2.7969695758448277e-05	2.790288417777057e-05	1.3940351797128736e-05	
-1.2721157463466239e-05	-2.54620786948081e-05	-2.5521631407475914e-05	-2.5620503512613804e-05	-2.575874114298469e-05	-2.593565017696827e-05	-2.61510305179531e-05	-2.6403922691797246e-05	-2.669382430077679e-05	-2.7019443588258255e-05	-2.7379892450220627e-05	-2.77734511768074e-05	-2.8198732358319364e-05	-2.8653460899418686e-05	-2.9135603300020656e-05	-2.964216712924802e-05	-3.017029061742397e-05	-3.0716066225429595e-05	-3.1275586435575706e-05	-3.1843797077361186e-05	-3.241549690725031e-05	-3.298422824446744e-05	-3.3543230700669154e-05	-3.408437977484366e-05	-3.4599099262840256e-05	-3.507736305105271e-05	-3.550857650680211e-05	-3.588066284707889e-05	-3.618093098866872e-05	-3.639527499917024e-05	-3.650905342318401e-05	-3.6506436755903476e-05	-3.637132866225322e-05	-3.6086898715700444e-05	-3.5636574737955926e-05	-3.5003790774299046e-05	-3.417306576186641e-05	-3.312997327259068e-05	-3.1862288664807567e-05	-3.0360142816832037e-05	-2.8617166090475345e-05	-2.6630726043970964e-05	-2.4402931308292503e-05	-2.194079033484425e-05	-1.925688731734985e-05	-1.6369268656795614e-05	-1.3301604416505303e-05	-1.0082649243625349e-05	-6.745787211997795e-06	-3.3280399081157992e-06	1.309472574189752e-07	3.5901996452016678e-06	7.008752914957348e-06	1.0346953268197288e-05	1.3567791291216932e-05	1.663787647335983e-05	1.9528468178521227e-05	2.221589189900573e-05	2.4682117049075448e-05	2.6914557024489312e-05	2.8906220958936895e-05	3.065499988384008e-05	3.216354555858852e-05	3.3438229389924265e-05	3.448894150560183e-05	3.5327910444673356e-05	3.596958527359831e-05	3.64294530871786e-05	3.672410403558139e-05	3.687011844386918e-05	3.688435238719288e-05	3.6782912405955e-05	3.658165496175258e-05	3.629523366643271e-05	3.593778251482696e-05	3.552200652009839e-05	3.506001135176437e-05	3.4562407073346737e-05	3.403924912039004e-05	3.349913022892718e-05	3.2950204125067016e-05	3.239924826107802e-05	3.185274872260482e-05	3.131592355670344e-05	3.0793853542439406e-05	3.0290461654466347e-05	2.9809678935779124e-05	2.9354379795985667e-05	2.892757532186376e-05	2.8531306865126017e-05	2.8167861019227057e-05	2.7838625636189313e-05	2.7545321722014204e-05	2.7288826953807406e-05	2.7070420191402794e-05	2.689057799932683e-05	2.6750227558298464e-05	2.6649521815158535e-05	2.6589096457015185e-05	1.3284414619660266e-05	
-1.2098744215965707e-05	-2.4215579377432045e-05	-2.4269494760935076e-05	-2.4359362022725557e-05	-2.44845894344262e-05	-2.4645056753272782e-05	-2.4839911583156003e-05	-2.5068745830875288e-05	-2.533039698003145e-05	-2.5624105180506636e-05	-2.5948323763473472e-05	-2.630185177405174e-05	-2.6682657976893984e-05	-2.7088983774589334e-05	-2.7518185031055015e-05	-2.7967800694496408e-05	-2.843441710946747e-05	-2.891469841280578e-05	-2.9404278767870324e-05	-2.9898751900071032e-05	-3.0392598065829407e-05	-3.088013215420799e-05	-3.1354474420705125e-05	-3.180845961766454e-05	-3.223366376655577e-05	-3.2621280918681585e-05	-3.296122253392453e-05	-3.324297357891812e-05	-3.345478606113652e-05	-3.358453156460979e-05	-3.361901506988911e-05	-3.3544845115722726e-05	-3.334789603712875e-05	-3.301421689636485e-05	-3.252966622210011e-05	-3.1880872654093816e-05	-3.105505183174321e-05	-3.0041011099618043e-05	-2.8829129839039224e-05	-2.7412365589509283e-05	-2.5786337400546928e-05	-2.3950245540450615e-05	-2.190695122011898e-05	-1.9663680827932935e-05	-1.7231964045752446e-05	-1.4627979882369385e-05	-1.1872224293943889e-05	-8.989393022325667e-06	-6.007716867334088e-06	-2.9583717213765067e-06	1.254645959639306e-07	3.2095585468716256e-06	6.259667611215329e-06	9.242624703238592e-06	1.2127246736229227e-05	1.4885315358744398e-05	1.7492129458333405e-05	1.992720720383047e-05	2.2174366073265364e-05	2.422209214611882e-05	2.606315740789314e-05	2.7694718000417025e-05	2.911757393875584e-05	3.033612506436528e-05	3.1357416041393046e-05	3.219108785155111e-05	3.2848337267473967e-05	3.334197039903938e-05	3.3685364605136705e-05	3.3892684378437595e-05	3.397788846903866e-05	3.3955126681334215e-05	3.3837799985936105e-05	3.363912845103271e-05	3.337125151604825e-05	3.304594284870671e-05	3.2673729748534486e-05	3.226472667527269e-05	3.182775269795329e-05	3.137125744567977e-05	3.09024195981155e-05	3.0428143594873934e-05	2.995412754689281e-05	2.948591402487027e-05	2.9027920866189717e-05	2.8584533660023245e-05	2.8159097051511128e-05	2.7755039786920524e-05	2.737482713965699e-05	2.7021111597812925e-05	2.669564908151228e-05	2.6400469734567288e-05	2.613676188411463e-05	2.5906058159939625e-05	2.5709091878432794e-05	2.5546994054844287e-05	2.5420127249720442e-05	2.5329289114407884e-05	2.5274528849705743e-05	1.2628176421772079e-05	
-1.1476063705002446e-05	-2.2968363600511286e-05	-2.3017298568460218e-05	-2.3098461443240045e-05	-2.3211827954182392e-05	-2.3356668768916132e-05	-2.3532682454374375e-05	-2.373884667143245e-05	-2.3974535435946744e-05	-2.423837751484559e-05	-2.45293531881421e-05	-2.484566413950283e-05	-2.518580503825055e-05	-2.5547449282634592e-05	-2.5928491029003495e-05	-2.6325951408409036e-05	-2.6736987221405125e-05	-2.715782281645062e-05	-2.7584722665105043e-05	-2.8012955099682315e-05	-2.843772752943093e-05	-2.8853189833896015e-05	-2.9253333217501415e-05	-2.963104336574119e-05	-2.9978966942385973e-05	-3.028862764881639e-05	-3.055126804927329e-05	-3.075704518536968e-05	-3.089585932256544e-05	-3.09566490544944e-05	-3.092822166699422e-05	-3.079866931347277e-05	-3.0556216167120333e-05	-3.0188775014905282e-05	-2.968482159336971e-05	-2.903310196489435e-05	-2.822353150951399e-05	-2.7247045137191936e-05	-2.609649555935904e-05	-2.4766610377954194e-05	-2.3254833182488176e-05	-2.1561318283714074e-05	-1.9689626588542696e-05	-1.7646661413049398e-05	-1.5443113357498702e-05	-1.3093235807248881e-05	-1.0614946125437263e-05	-8.029371956566134e-06	-5.360569633732913e-06	-2.63484370893101e-06	1.1987153172865212e-07	2.874827292531179e-06	5.601284195749659e-06	8.271300170850215e-06	1.0858581681657251e-05	1.333906627697405e-05	1.5691638887125464e-05	1.7898377726180002e-05	1.994504349971105e-05	2.1820942903458523e-05	2.351918817940159e-05	2.5036217450677563e-05	2.6371893373573112e-05	2.752877312571316e-05	2.8512147409490228e-05	2.9329166003160684e-05	2.998891354715795e-05	3.0501478834428432e-05	3.087813648036073e-05	3.113041653138803e-05	3.127042784914361e-05	3.130995353400781e-05	3.126092384416867e-05	3.113454007695277e-05	3.094188653684983e-05	3.069307258869681e-05	3.039796420822101e-05	3.0065329139349582e-05	2.970366633071582e-05	2.9320339596271402e-05	2.892248489129944e-05	2.851612097035222e-05	2.8107117742298096e-05	2.7700276318069875e-05	2.7300345199128654e-05	2.6911065778297482e-05	2.6536226151963413e-05	2.6178671132470852e-05	2.5841385787269723e-05	2.552647124527845e-05	2.5236251666795233e-05	2.4972218657840726e-05	2.4736156384579604e-05	2.4529058390502728e-05	2.4352266137336134e-05	2.420636259475553e-05	2.4092319752391193e-05	2.401037364314312e-05	2.396117643697046e-05	1.19723288305194e-05	
-1.085367496517451e-05	-2.1722134858527814e-05	-2.1766152474552828e-05	-2.1839485411784348e-05	-2.1941538483373084e-05	-2.2072124911972775e-05	-2.2230369575435748e-05	-2.24157828516264e-05	-2.262716901328572e-05	-2.2863683219920093e-05	-2.3123749314167343e-05	-2.3406095596871252e-05	-2.3708686333589e-05	-2.4029732200858873e-05	-2.4366640012828762e-05	-2.4716994194339144e-05	-2.5077529661759822e-05	-2.5445081447957534e-05	-2.5815586412955544e-05	-2.6184999316369975e-05	-2.65483301935457e-05	-2.69005268371236e-05	-2.7235556332798913e-05	-2.754725612311577e-05	-2.7828470357576433e-05	-2.807187440062391e-05	-2.8269179147836576e-05	-2.8411936706911685e-05	-2.849082819711456e-05	-2.8496460698931836e-05	-2.8418755366816945e-05	-2.8247746416752966e-05	-2.7973085172252157e-05	-2.7584849111088935e-05	-2.707317181508068e-05	-2.6429061945428456e-05	-2.564415713122688e-05	-2.4711537750860945e-05	-2.362558390725018e-05	-2.238274757989533e-05	-2.0981468140262552e-05	-1.942284295704342e-05	-1.7710534810611695e-05	-1.5851264029637666e-05	-1.3854631172608963e-05	-1.1733354753550636e-05	-9.502945845671091e-06	-7.181643502574995e-06	-4.789919541508527e-06	-2.350118033723342e-06	1.1416957272918256e-07	2.578689512148808e-06	5.019179800597033e-06	7.412058694312258e-06	9.734975421981859e-06	1.1967469319525397e-05	1.4091296178182604e-05	1.6090957483969786e-05	1.795373113264696e-05	1.967003048099908e-05	2.1233133186109986e-05	2.2639391679078573e-05	2.388770815150618e-05	2.4979659666046837e-05	2.5918795359345e-05	2.6710752692662857e-05	2.736245391726658e-05	2.7882279979568895e-05	2.8279226287154682e-05	2.856317869085953e-05	2.874406510362809e-05	2.883225429011361e-05	2.8837718573132348e-05	2.8770557277429563e-05	2.8640170761296457e-05	2.845589842877098e-05	2.8226196166261522e-05	2.7959373191360824e-05	2.7662762219709272e-05	2.7343538211912252e-05	2.700787126202716e-05	2.666181162032334e-05	2.6310417653355324e-05	2.5958693889000618e-05	2.5610689255741424e-05	2.5270477396482596e-05	2.494122307335336e-05	2.4626196160167134e-05	2.432780629931071e-05	2.4048643643641868e-05	2.379048350593714e-05	2.3555348083194403e-05	2.3344483996576174e-05	2.315943997457759e-05	2.3001020937214282e-05	2.2870377040795005e-05	2.276793841408233e-05	2.2694511171865805e-05	2.2650197150138556e-05	1.1317746278684102e-05	
-1.0232321580225571e-05	-2.0477816005239257e-05	-2.0517530322864277e-05	-2.0583331768668876e-05	-2.0675152386084533e-05	-2.0792267915359264e-05	-2.0934324929788994e-05	-2.110030130016533e-05	-2.1289519769794336e-05	-2.150061572035813e-05	-2.173253309732628e-05	-2.1983503675085807e-05	-2.2252021451169037e-05	-2.2535837765522685e-05	-2.2832910653445692e-05	-2.3140420492778887e-05	-2.345569140354699e-05	-2.37752326448111e-05	-2.4095630043008724e-05	-2.441261920694903e-05	-2.4721946220774486e-05	-2.5018479944415126e-05	-2.5297042852729474e-05	-2.555157123981474e-05	-2.577591907455449e-05	-2.5963076716650605e-05	-2.6105952787584298e-05	-2.619666372033686e-05	-2.6227300461585982e-05	-2.6189302204546682e-05	-2.6074215451866913e-05	-2.58731646461088e-05	-2.557760958034832e-05	-2.5178922052478472e-05	-2.466914245062785e-05	-2.404066370154356e-05	-2.3286977974165972e-05	-2.2402456387707337e-05	-2.1383062167136383e-05	-2.0226197784848753e-05	-1.893134375786378e-05	-1.7499927751136795e-05	-1.5935833680345043e-05	-1.42452363642928e-05	-1.2436921272430414e-05	-1.0522031507087526e-05	-8.514151703949689e-06	-6.4289369150355175e-06	-4.2839471988945135e-06	-2.0981685304593016e-06	1.0836920655429242e-07	2.315122427623724e-06	4.5015560541738055e-06	6.647633074097735e-06	8.734377362544683e-06	1.0744223136640815e-05	1.2661526498115036e-05	1.4472698509790719e-05	1.6166608478137092e-05	1.773446806423428e-05	1.9170116054214735e-05	2.0469667091638124e-05	2.163170824009985e-05	2.2656758950520507e-05	2.3547432511867206e-05	2.4307767033473083e-05	2.4943408074936887e-05	2.546086609588093e-05	2.5867765617656677e-05	2.6172070063513184e-05	2.6382425661361172e-05	2.6507377449298483e-05	2.6555819339691626e-05	2.6536210450767617e-05	2.6457129950581946e-05	2.6326492986336126e-05	2.615220107399333e-05	2.5941351731162128e-05	2.570097159302568e-05	2.5437212305545737e-05	2.5156152916748926e-05	2.48629752932889e-05	2.4562823366879966e-05	2.4259953145929506e-05	2.3958638114226962e-05	2.3662291029195783e-05	2.3374406562509485e-05	2.309765405543866e-05	2.2834850045115113e-05	2.258802278257561e-05	2.2359408490126443e-05	2.2150489690490085e-05	2.1963009890431688e-05	2.1797988651951696e-05	2.165674994870171e-05	2.153991749699049e-05	2.1448452354901233e-05	2.1382632392156985e-05	2.1343094865516493e-05	1.0664902052860339e-05	
-9.612374266571142e-06	-1.9236678641964338e-05	-1.9272158126307087e-05	-1.9331238530078104e-05	-1.941334701905826e-05	-1.9518263796298274e-05	-1.9645136614928902e-05	-1.979344761063066e-05	-1.996203307794187e-05	-2.0150035877479077e-05	-2.0355934515102432e-05	-2.0578477453386443e-05	-2.0815725659344554e-05	-2.1065965446806243e-05	-2.1326768901223675e-05	-2.159588234779399e-05	-2.1870309469868764e-05	-2.2147173186203364e-05	-2.2422826901690156e-05	-2.269368853022064e-05	-2.295538618913304e-05	-2.3203564342487795e-05	-2.3433071372477512e-05	-2.3638739306415437e-05	-2.3814621990357046e-05	-2.3954751462554964e-05	-2.4052436703664597e-05	-2.410100112440808e-05	-2.4093152661971756e-05	-2.402170752871047e-05	-2.3879042110234983e-05	-2.365780729734747e-05	-2.3350470340037207e-05	-2.2950020816311445e-05	-2.244960537504118e-05	-2.1843219851807292e-05	-2.112543109561633e-05	-2.0292039717348647e-05	-1.9339871308603608e-05	-1.82673819239073e-05	-1.707448800070127e-05	-1.576307497824184e-05	-1.4336825169937038e-05	-1.2801583815854169e-05	-1.1165142470769278e-05	-9.437421693272584e-06	-7.630178908715269e-06	-5.756986049197579e-06	-3.832856197911886e-06	-1.874025692130785e-06	1.0247228850570125e-07	2.079177011824135e-06	4.0386203317025545e-06	5.96377772556087e-06	7.838406713232078e-06	9.647504075405329e-06	1.1377493027387873e-05	1.3016627169266308e-05	1.4554982389380086e-05	1.5984779264063516e-05	1.730017029650719e-05	1.8497486340835953e-05	1.9574840978217958e-05	2.053233188855112e-05	2.1371503274861248e-05	2.2095544503249317e-05	2.270865639010072e-05	2.3216287744984743e-05	2.3624445226096363e-05	2.393999836517146e-05	2.416996099475924e-05	2.4321882337421388e-05	2.440311561986892e-05	2.442130092464263e-05	2.4383626576917792e-05	2.429740072182763e-05	2.41693045209126e-05	2.4006044200012682e-05	2.3813591817914903e-05	2.359790723160558e-05	2.3364161368489645e-05	2.3117517244905208e-05	2.2862331345164914e-05	2.2602983627710842e-05	2.2343054011343954e-05	2.2086192555762966e-05	2.183526964626709e-05	2.1593278830680816e-05	2.136246077318941e-05	2.1145232354841193e-05	2.0943285695916515e-05	2.075853800343528e-05	2.0592207904804343e-05	2.044578115207576e-05	2.0320067188674074e-05	2.021617623336207e-05	2.0134559461576063e-05	2.0075993242092448e-05	2.004060660541761e-05	1.001443427156775e-05	
-8.994369305802453e-06	-1.7999284163962196e-05	-1.8031089290194735e-05	-1.808373025406938e-05	-1.8157116067411334e-05	-1.8250558902533415e-05	-1.8363691156141908e-05	-1.849553920309283e-05	-1.864542895370106e-05	-1.8812066791769268e-05	-1.8994430153809912e-05	-1.9190859600851638e-05	-1.9399931188233355e-05	-1.9619563809411718e-05	-1.984787049439697e-05	-2.0082285470929924e-05	-2.0320392064344174e-05	-2.0559074382380942e-05	-2.079532022054506e-05	-2.102540291679545e-05	-2.1245658608158845e-05	-2.1451704619032523e-05	-2.1639191541720663e-05	-2.180306546181485e-05	-2.1938296550880334e-05	-2.2039193348063807e-05	-2.210011064851297e-05	-2.211482467225366e-05	-2.2077223645725053e-05	-2.1980752551585124e-05	-2.1819089402407314e-05	-2.1585666775928434e-05	-2.1274334715850577e-05	-2.087896275344592e-05	-2.039408602454157e-05	-1.9814585473060763e-05	-1.9136306883407034e-05	-1.8355808535385192e-05	-1.747093396045515e-05	-1.648060659340309e-05	-1.5385327955253316e-05	-1.4186990310680427e-05	-1.288926579440003e-05	-1.1497404368514491e-05	-1.0018479997319545e-05	-8.461145986274582e-06	-6.835714679104645e-06	-5.153857341457847e-06	-3.428514062544792e-06	-1.6735486652194815e-06	9.648878948766539e-08	1.8667164756334866e-06	3.622260134023914e-06	5.3485632813877505e-06	7.031770775464132e-06	8.658937270402713e-06	1.0218401254607384e-05	1.1699846304004521e-05	1.309462988941185e-05	1.4395675140922931e-05	1.559774383066997e-05	1.6697162076332315e-05	1.7692050224785952e-05	1.858190612931735e-05	1.9367819742318194e-05	2.0051947967499788e-05	2.063774655889451e-05	2.1129371134797476e-05	2.1531955267446072e-05	2.185096605628636e-05	2.209254875849923e-05	2.226285620986158e-05	2.2368470624636796e-05	2.2415717257394667e-05	2.2411165577283342e-05	2.2360930669627975e-05	2.227124998708361e-05	2.2147771638727744e-05	2.1996199419962434e-05	2.182156506691209e-05	2.1628932780879328e-05	2.142265212114861e-05	2.1207113105590136e-05	2.0985977021819354e-05	2.076297380069358e-05	2.0541109113643392e-05	2.032349663485134e-05	2.0112541000167245e-05	1.9910798517022216e-05	1.9720136678937883e-05	1.9542617703585273e-05	1.937963623019325e-05	1.923282071058777e-05	1.9103151639982516e-05	1.899187629225124e-05	1.889961036212358e-05	1.88272618504062e-05	1.8775119359732383e-05	1.8743781134420662e-05	9.366616745059989e-06	
-8.37850677288682e-06	-1.6766505985590126e-05	-1.6794703572510205e-05	-1.6841637126628518e-05	-1.690677602894168e-05	-1.6989892776798e-05	-1.7090192568261027e-05	-1.720716898916645e-05	-1.7339738789713926e-05	-1.7487085423543053e-05	-1.7647802727912233e-05	-1.7820723232010293e-05	-1.8004074603231252e-05	-1.819628993613638e-05	-1.8395181062270133e-05	-1.8598728449936534e-05	-1.8804275819962198e-05	-1.9009297852572637e-05	-1.9210621024796313e-05	-1.940516804398504e-05	-1.9589210422995195e-05	-1.9759089422276873e-05	-1.9910506567738024e-05	-2.0039221817332205e-05	-2.0140388902181787e-05	-2.0209232294823685e-05	-2.0240434724200685e-05	-2.0228795062626938e-05	-2.0168675323492698e-05	-2.0054641436784094e-05	-1.9880976067371086e-05	-1.9642302956776093e-05	-1.9333169527512267e-05	-1.8948652578107026e-05	-1.8484010481462196e-05	-1.793526327677512e-05	-1.7298908279260894e-05	-1.6572461252755842e-05	-1.575422202789974e-05	-1.484375649900212e-05	-1.384169191112226e-05	-1.2750113889025013e-05	-1.157236679680322e-05	-1.0313338542139601e-05	-8.979242556500164e-06	-7.577768202639669e-06	-6.117829358730871e-06	-4.60957082514782e-06	-3.0640838790195577e-06	-1.4932772818979979e-06	9.042090032669809e-08	1.674300052882671e-06	3.2456429882557654e-06	4.7920292367262035e-06	6.301544511375123e-06	7.763106120326326e-06	9.166564798433296e-06	1.0503016196484994e-05	1.176476754873295e-05	1.2945615838351118e-05	1.4040670803258637e-05	1.5046599306288086e-05	1.5961314385846124e-05	1.6784200743413206e-05	1.7515692111788356e-05	1.8157501209228508e-05	1.8712112780428056e-05	1.9183042512635104e-05	1.957427163715744e-05	1.9890555047904666e-05	2.0136817812268777e-05	2.031852579803859e-05	2.044105749863525e-05	2.0510143256486594e-05	2.0531219443604086e-05	2.0509936381450395e-05	2.0451497169854762e-05	2.036123024866019e-05	2.024391227215718e-05	2.0104398888294827e-05	1.994692975804146e-05	1.977581016000349e-05	1.959469610076739e-05	1.9407319314177488e-05	1.9216750942030442e-05	1.902616297063005e-05	1.8838069815456515e-05	1.865511991684657e-05	1.8479315489024618e-05	1.8312828689454714e-05	1.815720064770087e-05	1.8014177227970642e-05	1.788488916951732e-05	1.7770702940701145e-05	1.7672384382559232e-05	1.7590960504782924e-05	1.752686943820777e-05	1.748082926764647e-05	1.745297739134831e-05	8.721871325092158e-06	
-7.765134114034983e-06	-1.5538583480963052e-05	-1.5563672733891905e-05	-1.560515359407525e-05	-1.5662927367389458e-05	-1.5736366181748877e-05	-1.5825116078408128e-05	-1.5928287499409547e-05	-1.6045248793307794e-05	-1.617482352196774e-05	-1.631607145365614e-05	-1.6467496270347574e-05	-1.662781135799983e-05	-1.6795161679235068e-05	-1.696787200139133e-05	-1.7143686961166373e-05	-1.732049981303233e-05	-1.749561506599436e-05	-1.7666456395558366e-05	-1.7829856677679392e-05	-1.7982744374047256e-05	-1.8121466297366887e-05	-1.824245250485587e-05	-1.83415776313653e-05	-1.8414805008903006e-05	-1.845759276594908e-05	-1.846551835877098e-05	-1.8433735644000243e-05	-1.8357581005702737e-05	-1.8232086971991808e-05	-1.8052570327138228e-05	-1.7814206223681418e-05	-1.7512596747915694e-05	-1.7143406580542517e-05	-1.6702907214769837e-05	-1.6187670943348053e-05	-1.55950813887971e-05	-1.4923077253391041e-05	-1.4170614602754684e-05	-1.3337446321982774e-05	-1.2424516944453256e-05	-1.1433759675283654e-05	-1.0368402288322086e-05	-9.232762853441409e-06	-8.032447243657304e-06	-6.7741289919534846e-06	-5.465626417244102e-06	-4.115661763940477e-06	-2.733818352120324e-06	-1.3302877376683976e-06	8.427803603367097e-08	1.4990086662880313e-06	2.903040454389468e-06	4.285715687588759e-06	5.636850321128449e-06	6.946856316657798e-06	8.207019809365666e-06	9.40951871781831e-06	1.0547688706175767e-05	1.1615921085744924e-05	1.2609907736044223e-05	1.3526418989102615e-05	1.4363532258577258e-05	1.5120301992889386e-05	1.5796986490220562e-05	1.6394629471379568e-05	1.6915303849085646e-05	1.736162648807726e-05	1.7737036974041758e-05	1.8045264856816662e-05	1.8290657384240213e-05	1.847761387170513e-05	1.8610970874944797e-05	1.8695413107301998e-05	1.8735919186516292e-05	1.8737153977277577e-05	1.8703973774395036e-05	1.8640801674591834e-05	1.855218816269942e-05	1.84421691907432e-05	1.831487651733868e-05	1.8173877372046858e-05	1.8022828264870533e-05	1.7864795106267044e-05	1.7702944215560666e-05	1.7539842228832936e-05	1.737817840037574e-05	1.722004430725577e-05	1.7067682044140882e-05	1.692274445208514e-05	1.6787064320545675e-05	1.6661896528376462e-05	1.6548703817092272e-05	1.6448382787208915e-05	1.636206216707718e-05	1.6290315045555593e-05	1.623396583126593e-05	1.6193291431421095e-05	1.6168833291996947e-05	8.08029523546091e-06	
-7.154301667757002e-06	-1.4316032178451672e-05	-1.4338073762731324e-05	-1.4374745684964509e-05	-1.4425574285278723e-05	-1.449034270225393e-05	-1.4568338803346726e-05	-1.4659095961104754e-05	-1.4761645896436524e-05	-1.4875249412318282e-05	-1.4998657444236185e-05	-1.5130829180713389e-05	-1.527020476302531e-05	-1.5415408485501447e-05	-1.5564536788710272e-05	-1.5715844580331867e-05	-1.5867052433414465e-05	-1.6016014506746922e-05	-1.6160049192837257e-05	-1.6296587636585775e-05	-1.6422532457439616e-05	-1.6534886433466954e-05	-1.6630144299021037e-05	-1.6704901707248427e-05	-1.675528538479362e-05	-1.6777542888173156e-05	-1.676751643154634e-05	-1.6721214032101102e-05	-1.6634331909809604e-05	-1.6502807144132346e-05	-1.632239243268605e-05	-1.6089189110944624e-05	-1.579927602381664e-05	-1.5449219507584642e-05	-1.5035755065514881e-05	-1.4556267676189036e-05	-1.4008521019018706e-05	-1.3391097585722348e-05	-1.2703165920326662e-05	-1.194486624906283e-05	-1.1117102593803294e-05	-1.022185721510834e-05	-9.261992889267052e-06	-8.241479788988464e-06	-7.165195013371828e-06	-6.0390497049552135e-06	-4.869778780865815e-06	-3.664964230211203e-06	-2.432817351204371e-06	-1.1821049690552204e-06	7.806272028565214e-08	1.338385510063901e-06	2.589557495213566e-06	3.82247500477044e-06	5.028366362024722e-06	6.199027589005271e-06	7.326872700467925e-06	8.405174851484323e-06	9.428019754491247e-06	1.0390539077832924e-05	1.1288760335652923e-05	1.2119830141690087e-05	1.2881764716665223e-05	1.3573669959060682e-05	1.4195404858272608e-05	1.474781120418305e-05	1.5232306366549648e-05	1.5651137265743358e-05	1.6006919306226842e-05	1.6302927663691707e-05	1.6542596737166684e-05	1.6729858204026123e-05	1.6868611590631615e-05	1.6963114267464218e-05	1.7017429847252766e-05	1.7035871349495936e-05	1.702243089599079e-05	1.698127421358308e-05	1.691615284022432e-05	1.683094610447909e-05	1.6729055779883664e-05	1.6613990570549643e-05	1.648874267368112e-05	1.635640938651929e-05	1.6219551111219867e-05	1.6080844736154448e-05	1.5942423014188406e-05	1.580655465519378e-05	1.56749655491036e-05	1.554954088754982e-05	1.5431629265969527e-05	1.532276253706306e-05	1.5223944341257115e-05	1.513638373389557e-05	1.5060770127714548e-05	1.4998017011019412e-05	1.4948525631660796e-05	1.4912935336044799e-05	1.4891378588464127e-05	7.4421173113524446e-06	
-6.5461891120971695e-06	-1.3098813749857444e-05	-1.3118240401006924e-05	-1.3150325035184844e-05	-1.3194972151066803e-05	-1.3251630828525971e-05	-1.3319980365314529e-05	-1.3399240425358067e-05	-1.3488848861766418e-05	-1.3587778076009645e-05	-1.3695202594242926e-05	-1.3809824762850073e-05	-1.3930529857089028e-05	-1.4055724397972502e-05	-1.4183976847984199e-05	-1.4313372039555789e-05	-1.4442135857461913e-05	-1.4568009521404173e-05	-1.4688857063254235e-05	-1.4802063492649952e-05	-1.4905124326273025e-05	-1.4995071951084374e-05	-1.5069046902395366e-05	-1.5123756958380414e-05	-1.5156030208249017e-05	-1.5162311458727829e-05	-1.5139197256158163e-05	-1.5082973914317278e-05	-1.4990134389999987e-05	-1.4856961475729025e-05	-1.4680025596461625e-05	-1.4455815278722431e-05	-1.4181213388088007e-05	-1.3853174784924196e-05	-1.3469176221860783e-05	-1.3026938183936158e-05	-1.252484078937148e-05	-1.1961683510057584e-05	-1.1337056448702636e-05	-1.0651128593849033e-05	-9.904961588674062e-06	-9.100315330657044e-06	-8.239890816024516e-06	-7.327142265254325e-06	-6.3664377435817794e-06	-5.362870295308388e-06	-4.322330196252573e-06	-3.2513137767723735e-06	-2.156908813904677e-06	-1.046607735450387e-06	7.178378551395571e-08	1.1903147372290977e-06	2.3010397290775756e-06	3.396148213925961e-06	4.468154108259992e-06	5.50996552065345e-06	6.515093152742479e-06	7.477643374495155e-06	8.392530813366213e-06	9.25538479691374e-06	1.0062759353800569e-05	1.0811951598200468e-05	1.1501210379432974e-05	1.2129472833093309e-05	1.269657911398428e-05	1.3202938492679945e-05	1.3649760909372394e-05	1.4038666108977103e-05	1.437194312598142e-05	1.465211541754036e-05	1.4882237546964437e-05	1.5065427013739261e-05	1.5205204363363893e-05	1.530499943991367e-05	1.5368537850084653e-05	1.539932648458422e-05	1.540108635405025e-05	1.537721992132533e-05	1.533128812794272e-05	1.526646052722833e-05	1.5186032890585315e-05	1.5092860295014748e-05	1.4989910935384227e-05	1.4879682050995588e-05	1.4764785301726475e-05	1.464734553592146e-05	1.4529613138722909e-05	1.4413345983192575e-05	1.4300444382013889e-05	1.4192316998558563e-05	1.4090534323417674e-05	1.3996179766816185e-05	1.391051787339279e-05	1.3834332222444708e-05	1.3768604853663223e-05	1.3713842944479662e-05	1.36707661338815e-05	1.3639624221976144e-05	1.3620889250556029e-05	6.807283342640265e-06	
-5.940719787233026e-06	-1.1887129943553176e-05	-1.1903993643194727e-05	-1.1932040228454938e-05	-1.1970863548657504e-05	-1.2020270114591485e-05	-1.2079648153511498e-05	-1.2148590152630682e-05	-1.222626634480432e-05	-1.231203914897711e-05	-1.2404843899411043e-05	-1.2503793075770974e-05	-1.260756721777562e-05	-1.2715007057566692e-05	-1.2824517722027112e-05	-1.2934647153031598e-05	-1.3043506893286314e-05	-1.314933550301604e-05	-1.3249939443689651e-05	-1.3343240556697606e-05	-1.3426740778514434e-05	-1.3498053102842272e-05	-1.3554394034042848e-05	-1.3593097748384477e-05	-1.3611140245237314e-05	-1.3605636564867606e-05	-1.3573400424130797e-05	-1.3511424218853174e-05	-1.3416477404385699e-05	-1.3285568476164016e-05	-1.3115584345330545e-05	-1.2903732433740809e-05	-1.2647221710279655e-05	-1.2343681406769361e-05	-1.1990882232492599e-05	-1.158712610305852e-05	-1.1131003523485376e-05	-1.0621746416671491e-05	-1.0059015172582327e-05	-9.443204697329925e-06	-8.775252805539452e-06	-8.056888701148796e-06	-7.290453995028603e-06	-6.479083703500935e-06	-5.626532838846074e-06	-4.737283130006953e-06	-3.816372065026594e-06	-2.8694237808745034e-06	-1.9024831454295577e-06	-9.219757560117157e-07	6.54440942732845e-08	1.0529931397020714e-06	2.0338833198492033e-06	3.001465787853255e-06	3.949310819731063e-06	4.871379617780883e-06	5.762044591526682e-06	6.616274907773824e-06	7.429586049884443e-06	8.198230192816365e-06	8.919070176621052e-06	9.589772042493553e-06	1.0208605047929965e-05	1.0774639409120448e-05	1.1287479226273399e-05	1.174747241005115e-05	1.2155386502339161e-05	1.2512639431158662e-05	1.2820929085037124e-05	1.3082493147211768e-05	1.3299702369544831e-05	1.3475355917935737e-05	1.3612246323443282e-05	1.3713494279774603e-05	1.378209094091029e-05	1.3821273586315863e-05	1.3834048816695373e-05	1.3823608356569107e-05	1.379283506639775e-05	1.3744756569884997e-05	1.3682034939537356e-05	1.360745482839506e-05	1.3523397147559887e-05	1.343235785842642e-05	1.333640582705509e-05	1.3237728263273141e-05	1.3138073074267376e-05	1.3039316993066746e-05	1.294289304368639e-05	1.2850377578865107e-05	1.276290382114111e-05	1.2681764253838311e-05	1.2607811556242113e-05	1.2542073016481007e-05	1.2485140499824557e-05	1.2437793753560861e-05	1.2400381319992348e-05	1.2373449773966957e-05	1.2357117714179555e-05	6.175854058198961e-06	
-5.337928057383248e-06	-1.068071149378169e-05	-1.0695375238944661e-05	-1.0719569080206932e-05	-1.0753208114600359e-05	-1.0795830182960205e-05	-1.0847161041714736e-05	-1.0906546620462842e-05	-1.0973512009265353e-05	-1.1047199100327524e-05	-1.1126917420375496e-05	-1.1211589766762972e-05	-1.1300293090802066e-05	-1.1391714866259179e-05	-1.1484682446296496e-05	-1.1577633053046793e-05	-1.166913028697534e-05	-1.1757350794989522e-05	-1.1840586895918795e-05	-1.1916753154850917e-05	-1.1983874377533509e-05	-1.2039615457597414e-05	-1.2081754243002725e-05	-1.2107738077393878e-05	-1.2115141188415223e-05	-1.2101251239337587e-05	-1.2063510846031881e-05	-1.1999137096516273e-05	-1.190554647128702e-05	-1.1780009577943255e-05	-1.1620058035760009e-05	-1.1423175533475737e-05	-1.1187184091845134e-05	-1.090997097201072e-05	-1.058985018611124e-05	-1.0225322862662838e-05	-9.815408110531602e-06	-9.359432446199743e-06	-8.857322476071643e-06	-8.309417337657045e-06	-7.716714647175047e-06	-7.080699147356213e-06	-6.403533526387552e-06	-5.687897120697271e-06	-4.937114980332598e-06	-4.155002835340161e-06	-3.3459312513606145e-06	-2.514676980189907e-06	-1.6664237926238175e-06	-8.066250992992869e-07	5.905188179796458e-08	9.248428665315812e-07	1.7849881922938173e-06	2.63381659970085e-06	3.465879859717875e-06	4.275990749632436e-06	5.059378228435002e-06	5.811668866074468e-06	6.529053129873403e-06	7.208203678191828e-06	7.84644780257179e-06	8.441621066442912e-06	8.992245713757485e-06	9.49732287548963e-06	9.956520668255375e-06	1.0369911658648402e-05	1.0738176736550462e-05	1.1062296294722695e-05	1.1343776618327918e-05	1.1584303394321008e-05	1.1785996600711322e-05	1.1951033940057099e-05	1.2081938560664133e-05	1.218117836563213e-05	1.2251488898316811e-05	1.2295452710813122e-05	1.2315857826861675e-05	1.2315259806925505e-05	1.229637462308008e-05	1.2261624907380816e-05	1.2213564936414204e-05	1.2154411832311884e-05	1.2086499646583594e-05	1.201179594735786e-05	1.1932381636339942e-05	1.184995330906873e-05	1.1766325336818069e-05	1.1682918529665998e-05	1.1601281073329168e-05	1.1522564271707799e-05	1.144805907190371e-05	1.1378659949060838e-05	1.131541392833373e-05	1.125897395763678e-05	1.1210157510745555e-05	1.1169391048948266e-05	1.1137275448708915e-05	1.1114023371144723e-05	1.1100028896354167e-05	5.547649899858545e-06	
-4.7376337957166645e-06	-9.479492209971547e-06	-9.491998188276254e-06	-9.512790442381165e-06	-9.54153759327666e-06	-9.578077948732472e-06	-9.621911986511186e-06	-9.672703841050192e-06	-9.729777554885443e-06	-9.792612256754102e-06	-9.860344468734899e-06	-9.932255303930245e-06	-1.0007281220295329e-05	-1.0084491738334033e-05	-1.0162611151547408e-05	-1.024048546776539e-05	-1.0316617717993307e-05	-1.0389623052388123e-05	-1.0457780423012237e-05	-1.0519475000228046e-05	-1.0572769117737509e-05	-1.0615831387034743e-05	-1.0646529847490487e-05	-1.0662847299145573e-05	-1.0662499542383384e-05	-1.0643336460297787e-05	-1.0602987993114666e-05	-1.0539250306861367e-05	-1.0449761652531376e-05	-1.0332372485452227e-05	-1.0184852545092949e-05	-1.0005242991101846e-05	-9.791594882828153e-06	-9.542300281688049e-06	-9.255860860945576e-06	-8.931193590988102e-06	-8.56742662971299e-06	-8.164173879116656e-06	-7.721353879846816e-06	-7.239426545460116e-06	-6.719229898009349e-06	-6.1621720607032634e-06	-5.570080732845962e-06	-4.945344421981835e-06	-4.2907708600598135e-06	-3.6096736587413515e-06	-2.9057384377361025e-06	-2.183054431479888e-06	-1.4459905775520972e-06	-6.991755346028863e-07	5.2610363505294685e-08	8.044995573810315e-07	1.551620621357717e-06	2.289197583689337e-06	3.012598428298605e-06	3.7174590525259775e-06	4.399687376109411e-06	5.055603053536969e-06	5.68189013051292e-06	6.2757465433970914e-06	6.834781924006469e-06	7.357174576749179e-06	7.841514963391206e-06	8.286971326037948e-06	8.693082726891709e-06	9.05993705507978e-06	9.387919697650634e-06	9.677908972743465e-06	9.930987406807449e-06	1.0148659699167525e-05	1.0332533352964084e-05	1.0484563390753514e-05	1.0606708102505721e-05	1.070120330652269e-05	1.077019764729364e-05	1.0816057617404553e-05	1.0840985502379069e-05	1.084735493247138e-05	1.0837313452489162e-05	1.0813147217453241e-05	1.0776869363962255e-05	1.0730611651726257e-05	1.0676199337539196e-05	1.0615567071885223e-05	1.0550320778839471e-05	1.0482174880233557e-05	1.0412501692536047e-05	1.0342786995938772e-05	1.0274167598857993e-05	1.0207902327351149e-05	1.0144898617063109e-05	1.0086196115711098e-05	1.0032483395029583e-05	9.984591498343372e-06	9.943002091421775e-06	9.908348426037553e-06	9.880916452269526e-06	9.86115079690047e-06	9.849150534454573e-06	4.922588947149873e-06	
-4.1397490293086125e-06	-8.283019370401386e-06	-8.293658973881284e-06	-8.311197319773211e-06	-8.335564888274055e-06	-8.366396144988765e-06	-8.403471747399022e-06	-8.446274903985396e-06	-8.49442890169154e-06	-8.547257840258589e-06	-8.604217955667594e-06	-8.6644647868111e-06	-8.727276906324435e-06	-8.791631671653587e-06	-8.8566201351618e-06	-8.921033635553305e-06	-8.983768839809192e-06	-9.043427536847438e-06	-9.098710953509389e-06	-9.148035204807251e-06	-9.189914203849012e-06	-9.222593275689956e-06	-9.244420113912376e-06	-9.253499039307817e-06	-9.248049498698899e-06	-9.226083295419454e-06	-9.185750024269214e-06	-9.125039261809995e-06	-9.042112029004602e-06	-8.935029354603934e-06	-8.80206831143206e-06	-8.64147752824282e-06	-8.451775549689903e-06	-8.231532792117672e-06	-7.97964898563048e-06	-7.695159842703906e-06	-7.3774892924427244e-06	-7.026277943595911e-06	-6.641604945894179e-06	-6.223834450292092e-06	-5.77380152634718e-06	-5.292672560452971e-06	-4.7820900185542386e-06	-4.244043339407077e-06	-3.6809686548012186e-06	-3.095628333780944e-06	-2.4911640434359806e-06	-1.8709855314281206e-06	-1.238778333501468e-06	-5.984052103517737e-07	4.6127174071125326e-08	6.907481634935012e-07	1.3313907100126606e-06	1.9640449724934452e-06	2.5848522139005237e-06	3.190124159165047e-06	3.7764554743530436e-06	4.340702187862302e-06	4.880106699179705e-06	5.39223099291954e-06	5.8750907069990074e-06	6.3270418862645126e-06	6.746923469034226e-06	7.133899249259164e-06	7.487610572383619e-06	7.807977444779278e-06	8.095364829523616e-06	8.35034816341204e-06	8.573897260427606e-06	8.76711185544417e-06	8.931426862151745e-06	9.068323154893078e-06	9.179557050240436e-06	9.266850661255536e-06	9.332147285943897e-06	9.377284617740294e-06	9.404276498964058e-06	9.414971277349606e-06	9.411359304341388e-06	9.395217929032256e-06	9.36844328504136e-06	9.332682864961244e-06	9.289689566824457e-06	9.240942487061024e-06	9.188020860875331e-06	9.132213607251943e-06	9.074910645910447e-06	9.017201768105728e-06	8.960282790104446e-06	8.905044453952459e-06	8.852490933776497e-06	8.803319646429385e-06	8.75834972393941e-06	8.718093802435885e-06	8.683194185690597e-06	8.653987861324744e-06	8.63094819151401e-06	8.614244567424746e-06	8.604187567287251e-06	4.3003923999735394e-06	
-3.54401378466771e-06	-7.091005028989098e-06	-7.0998104561756145e-06	-7.114446236521976e-06	-7.1346605505185035e-06	-7.1603287877307576e-06	-7.19107129807266e-06	-7.22663153192111e-06	-7.266496748637214e-06	-7.31027152565952e-06	-7.3573031582533675e-06	-7.407049287705243e-06	-7.458709802456051e-06	-7.511587460937605e-06	-7.564728186375264e-06	-7.617273701776174e-06	-7.668112194752033e-06	-7.716222133605704e-06	-7.760335354375597e-06	-7.799271373690539e-06	-7.831614999807225e-06	-7.856040577034206e-06	-7.871006218608182e-06	-7.875067476834573e-06	-7.866590202140479e-06	-7.844053092610686e-06	-7.805780958530507e-06	-7.750235421795514e-06	-7.675769968140174e-06	-7.58090770486237e-06	-7.464118986817952e-06	-7.324084585624e-06	-7.159495884255713e-06	-6.9693010882531596e-06	-6.752527050991913e-06	-6.50850535139231e-06	-6.2367138556049305e-06	-5.9369787473926e-06	-5.609333135224898e-06	-5.254190659164564e-06	-4.872218040629175e-06	-4.464475931394423e-06	-4.032302492220459e-06	-3.5774178780987925e-06	-3.1018168521104576e-06	-2.6078347735514825e-06	-2.0980488732586498e-06	-1.5753056942810028e-06	-1.0426327364563095e-06	-5.03229653967506e-07	3.960590265114899e-08	5.825188843611531e-07	1.122151324461473e-06	1.6552088467051312e-06	2.178489245513221e-06	2.6889686341200825e-06	3.1837982856180557e-06	3.660404894632798e-06	4.116451277743228e-06	4.549946873872021e-06	4.959170045495037e-06	5.342787063621339e-06	5.699736105197102e-06	6.029355050534769e-06	6.331229354495076e-06	6.605330604668664e-06	6.851831915394367e-06	7.071260115876362e-06	7.264283043394078e-06	7.431878420317107e-06	7.575097463241045e-06	7.695253097094335e-06	7.793663833012267e-06	7.87186317207015e-06	7.931326964617845e-06	7.97370490106017e-06	8.00053375741536e-06	8.01349093914446e-06	8.014095292972821e-06	8.003981880018654e-06	7.984591476423812e-06	7.957465157578354e-06	7.923923245767399e-06	7.885377892041298e-06	7.84300204355242e-06	7.798057986738047e-06	7.751556864275823e-06	7.704601052239283e-06	7.658034813843011e-06	7.612798382292109e-06	7.569570455850571e-06	7.5291319113167716e-06	7.492000990446903e-06	7.458804649361893e-06	7.429907437384296e-06	7.4057885774306e-06	7.386665681021496e-06	7.372875744028279e-06	7.3644949692931795e-06	3.6808609736710864e-06	
-2.9502407025411518e-06	-5.9028601166784425e-06	-5.910050227574218e-06	-5.921893426853296e-06	-5.938338494743821e-06	-5.959121505827682e-06	-5.984083105329529e-06	-6.0128505168444894e-06	-6.045151546831e-06	-6.080499817184812e-06	-6.118504410529348e-06	-6.15855980883126e-06	-6.200150188215605e-06	-6.242545609327025e-06	-6.285100079704769e-06	-6.3269556077762525e-06	-6.367333269183052e-06	-6.40524679786855e-06	-6.439786010984446e-06	-6.469841655556253e-06	-6.494380649262323e-06	-6.5121839109795525e-06	-6.522112939386633e-06	-6.522862304832657e-06	-6.513217085627262e-06	-6.4918215564840735e-06	-6.457426901369624e-06	-6.408677368840553e-06	-6.344347450997951e-06	-6.26314636416805e-06	-6.163943508981462e-06	-6.0455915706293835e-06	-5.907138563989285e-06	-5.747669158160141e-06	-5.5665010104950205e-06	-5.363043176814604e-06	-5.136973844873042e-06	-4.888114015040977e-06	-4.61658329883779e-06	-4.322686604078474e-06	-4.00704453551669e-06	-3.670490761046544e-06	-3.31417389293975e-06	-2.9394636746809058e-06	-2.5480221172863044e-06	-2.1417176592903036e-06	-1.7226647452439929e-06	-1.2931465627622819e-06	-8.556239915319928e-07	-4.1266915290667783e-07	3.305359013182135e-08	4.788395806210001e-07	9.219867463844172e-07	1.3598284366370377e-06	1.7897954002791215e-06	2.2094247712468006e-06	2.616436498982782e-06	3.0087144509879633e-06	3.3843935662477274e-06	3.7418104329629977e-06	4.079598890614048e-06	4.396609192469517e-06	4.692011413851067e-06	4.965184049609528e-06	5.215826037968424e-06	5.443817054979469e-06	5.649339976797528e-06	5.8327160281921225e-06	5.994539969745021e-06	6.1354935978388255e-06	6.256495886618839e-06	6.358498207050412e-06	6.442651203551522e-06	6.510084653422053e-06	6.5620921824123475e-06	6.599898090958042e-06	6.624860270722845e-06	6.6382257223419135e-06	6.641351346644371e-06	6.635449365727564e-06	6.621825099679325e-06	6.601613126410238e-06	6.576030744322628e-06	6.546105475091837e-06	6.5129426495007015e-06	6.4774447544783555e-06	6.440591439104891e-06	6.403151203341507e-06	6.36597207268987e-06	6.329686189144537e-06	6.295009415638872e-06	6.262439491228497e-06	6.232562874957931e-06	6.2057472449160725e-06	6.182453957074655e-06	6.1629257864291595e-06	6.147503447998109e-06	6.136309588897659e-06	6.1295678900571975e-06	3.0636422084801326e-06	
-2.358113262307305e-06	-4.718120656487978e-06	-4.723717954422215e-06	-4.733019493085581e-06	-4.745856001107427e-06	-4.762143058468361e-06	-4.7816254961622545e-06	-4.8041304575307425e-06	-4.829313831818464e-06	-4.856910275358544e-06	-4.88648284253513e-06	-4.917669133987785e-06	-4.949935338075488e-06	-4.98281775454551e-06	-5.015682510456475e-06	-5.047961796976258e-06	-5.078920572336257e-06	-5.107886941062048e-06	-5.134027195451818e-06	-5.15656985067491e-06	-5.174590393287151e-06	-5.187228547277684e-06	-5.193484075961732e-06	-5.192426873329755e-06	-5.183005082691979e-06	-5.164247561368357e-06	-5.135085412324631e-06	-5.094546235462612e-06	-5.041589896985556e-06	-4.9752937410404014e-06	-4.894703036197859e-06	-4.799005975982207e-06	-4.687398753366973e-06	-4.559248751869927e-06	-4.413973647579688e-06	-4.251190741053835e-06	-4.070608947312422e-06	-3.87216183455931e-06	-3.6559109427870547e-06	-3.422159895633079e-06	-3.171367310362885e-06	-2.9042394534191677e-06	-2.621651176691576e-06	-2.324715081351039e-06	-2.0147094918151906e-06	-1.6931229888164905e-06	-1.3615893776131364e-06	-1.0219076605363605e-06	-6.7598512728849e-07	-3.2583416707784093e-07	2.6474225829750588e-08	3.788342090259425e-07	7.291379863872896e-07	1.075316747688556e-06	1.4153563867049093e-06	1.7473520159370112e-06	2.069503153201283e-06	2.3801785954073035e-06	2.677888513211995e-06	2.9613573594837076e-06	3.229471502511072e-06	3.4813590103073116e-06	3.7163127822716573e-06	3.933877222070568e-06	4.133748036374077e-06	4.315866754575124e-06	4.480299258887769e-06	4.627339686142111e-06	4.757370246751127e-06	4.870976216523836e-06	4.968789705319323e-06	5.051617269591997e-06	5.120270090788566e-06	5.17570532028295e-06	5.218844742182796e-06	5.250730424055352e-06	5.272333486090725e-06	5.284724080550427e-06	5.288871461000694e-06	5.285827825951988e-06	5.276520535205287e-06	5.261948968943922e-06	5.242969497227197e-06	5.220504235590843e-06	5.195319237437585e-06	5.168243861563987e-06	5.139942609431159e-06	5.111143738825339e-06	5.082405185953006e-06	5.054351039374441e-06	5.027432047447797e-06	5.002168586261813e-06	4.9789063364094185e-06	4.958064420745948e-06	4.939886926001758e-06	4.924694938780021e-06	4.912634677400846e-06	4.9039322103932904e-06	4.89863904691207e-06	2.448444188881995e-06	
-1.7673673633855115e-06	-3.5361074180901535e-06	-3.5402578661679404e-06	-3.547090539961456e-06	-3.5565741694144208e-06	-3.568549389307795e-06	-3.5829196725164413e-06	-3.5994600919000684e-06	-3.618006318540075e-06	-3.6382653580812384e-06	-3.6600019616475892e-06	-3.6828522293470423e-06	-3.706506838463446e-06	-3.730528443966906e-06	-3.754531191794664e-06	-3.7780028824931436e-06	-3.800480303975314e-06	-3.821377155648891e-06	-3.84015479911474e-06	-3.856156958917311e-06	-3.868775541922319e-06	-3.877293126208802e-06	-3.8810435274656545e-06	-3.879263045261179e-06	-3.8712454420086946e-06	-3.8562028196235075e-06	-3.833414606880771e-06	-3.802098773841274e-06	-3.761554283088598e-06	-3.7110431042380935e-06	-3.6499253682545623e-06	-3.5775523213988115e-06	-3.4933931391849184e-06	-3.396938578041689e-06	-3.287818087166001e-06	-3.165713520013975e-06	-3.030464883252651e-06	-2.8819931256034577e-06	-2.7203926592293917e-06	-2.5458620332805562e-06	-2.358781339221696e-06	-2.1596495827852844e-06	-1.9491453133114642e-06	-1.7280697871948568e-06	-1.4973896753759676e-06	-1.25818566806032e-06	-1.0116768840807218e-06	-7.59175334552999e-07	-5.020925800534491e-07	-2.4190131435554766e-07	1.9874272346901778e-08	2.8168778867657725e-07	5.419943970671239e-07	7.992685272206453e-07	1.0520392059082167e-06	1.2988936686913897e-06	1.5385217802724833e-06	1.7697033920697987e-06	1.991359828700068e-06	2.2025235562898377e-06	2.4023954505811437e-06	2.5902962528499027e-06	2.7657291787879526e-06	2.9283135607375925e-06	3.077853124642963e-06	3.2142529864152505e-06	3.33759448126181e-06	3.4480371954982394e-06	3.545901512334328e-06	3.631557588361306e-06	3.7055167866850456e-06	3.7683094827375483e-06	3.8205863459965845e-06	3.862986655071214e-06	3.89625004524157e-06	3.921076712795179e-06	3.93824985011386e-06	3.9484887999411325e-06	3.952582019397038e-06	3.951233961156265e-06	3.9452080856300565e-06	3.935168028645199e-06	3.921829936889692e-06	3.905798340224932e-06	3.8877269209215535e-06	3.868149437910367e-06	3.847647945341389e-06	3.826679102265582e-06	3.8057488152313132e-06	3.785234293613138e-06	3.7655640881155736e-06	3.7470363036049805e-06	3.730003026350973e-06	3.7146851700204893e-06	3.701360318424078e-06	3.6901747471361155e-06	3.6813337481790524e-06	3.674911433844907e-06	3.671042651096233e-06	1.834865616396769e-06	
-1.177652748229716e-06	-2.356225341636277e-06	-2.3589421961596324e-06	-2.3634564634593164e-06	-2.369683124901807e-06	-2.3775796154657497e-06	-2.3870177930300797e-06	-2.3979107600628223e-06	-2.4100858685332894e-06	-2.423410035526939e-06	-2.4376643675544894e-06	-2.452667553507219e-06	-2.4681527164650274e-06	-2.483888507246855e-06	-2.4995588159924803e-06	-2.5148812324650685e-06	-2.529490271703022e-06	-2.5430529102312153e-06	-2.5551559960668823e-06	-2.5654186080394537e-06	-2.5733843242963126e-06	-2.5786301776746184e-06	-2.580664440264028e-06	-2.57903195181022e-06	-2.5732180308357333e-06	-2.5627499248410032e-06	-2.5471073706432546e-06	-2.5258198449085623e-06	-2.498384159585994e-06	-2.4643570730808426e-06	-2.4232801184733256e-06	-2.374766971188106e-06	-2.318435475483148e-06	-2.2539889673960136e-06	-2.18115520974556e-06	-2.099760667830978e-06	-2.0096758211011695e-06	-1.910881226548398e-06	-1.8034184952269602e-06	-1.6874469069890895e-06	-1.5631992758319385e-06	-1.4310279505073942e-06	-1.2913648889427152e-06	-1.1447561260613412e-06	-9.918256533410775e-07	-8.332978581483127e-07	-6.699652389736185e-07	-5.026988757535837e-07	-3.3242053822307645e-07	-1.601018472648528e-07	1.3258149561102639e-08	1.8664393275328478e-07	3.5903900335935415e-07	5.294454061735945e-07	6.968906569358122e-07	8.604541850057689e-07	1.0192641632603494e-06	1.1725293897639e-06	1.3195248429759767e-06	1.4596279127248815e-06	1.592292036014831e-06	1.7170867043281627e-06	1.833659135657907e-06	1.9417780122088098e-06	2.0412836991661655e-06	2.132136101534183e-06	2.214354362770433e-06	2.288069505556654e-06	2.3534547898260814e-06	2.410783898811408e-06	2.4603532064083555e-06	2.502546205968954e-06	2.5377488651241403e-06	2.5664208151873657e-06	2.5890048084405907e-06	2.6060049443409048e-06	2.6178910423327174e-06	2.6251839262712227e-06	2.6283553280648157e-06	2.627920020044703e-06	2.62433169956717e-06	2.6180815714539586e-06	2.6095905447209377e-06	2.5993137310958238e-06	2.5876292140692965e-06	2.574947842423719e-06	2.5615988028841845e-06	2.5479440414409143e-06	2.53426087428457e-06	2.520860354201857e-06	2.507967179724977e-06	2.4958413290669107e-06	2.4846555651613926e-06	2.4746196772300543e-06	2.4658559223811085e-06	2.4585252389609645e-06	2.4527010086634247e-06	2.448496632531498e-06	2.445938038248644e-06	1.2225460185647342e-06	
-5.886508465075094e-07	-1.1777501761876886e-06	-1.179106416904598e-06	-1.1813384858897727e-06	-1.1844358787837811e-06	-1.1883453176876778e-06	-1.1930344903184198e-06	-1.1984282301292263e-06	-1.2044716151195817e-06	-1.2110668126558623e-06	-1.2181353204645642e-06	-1.2255557743169915e-06	-1.2332251325457632e-06	-1.240997756847833e-06	-1.2487453623192683e-06	-1.2562976931357533e-06	-1.2635010815396708e-06	-1.2701610496095272e-06	-1.2760993408551891e-06	-1.281098784198891e-06	-1.2849586777471876e-06	-1.2874422478810347e-06	-1.2883302721996733e-06	-1.2873714506837031e-06	-1.2843341487734668e-06	-1.278959963858725e-06	-1.2710134449009325e-06	-1.2602390814130514e-06	-1.2464088090391394e-06	-1.2292825670738429e-06	-1.208653328926494e-06	-1.1843112693216895e-06	-1.1560859684321788e-06	-1.123814108272975e-06	-1.0873783999592598e-06	-1.0466786047105475e-06	-1.0016666429757896e-06	-9.523206301344867e-07	-8.986755679393286e-07	-8.408000240311282e-07	-7.788218060757914e-07	-7.129069221422531e-07	-6.432797171925918e-07	-5.702038441378885e-07	-4.939965094796839e-07	-4.1501136203161103e-07	-3.3364673862627795e-07	-2.503306173539348e-07	-1.655230427266254e-07	-7.97035506897633e-08	6.631764420731952e-09	9.297971938693525e-08	1.7883764941662372e-07	2.637089988953269e-07	3.4711480511525223e-07	4.2859462025603517e-07	5.077210904132516e-07	5.840955326513052e-07	6.573649677896231e-07	7.272118979063683e-07	7.933733778272803e-07	8.556248213029202e-07	9.1380095661045e-07	9.677737779760627e-07	1.01747547064786e-06	1.0628708680922303e-06	1.103982609176967e-06	1.1408586286211714e-06	1.1735999018236113e-06	1.2023235751090656e-06	1.227193661821846e-06	1.2483804185890747e-06	1.2660942955037557e-06	1.2805421060558304e-06	1.2919644290960697e-06	1.3005890290665003e-06	1.3066717835607294e-06	1.310447710826787e-06	1.3121753753566509e-06	1.3120857891408587e-06	1.3104301430879703e-06	1.3074267776590547e-06	1.3033120071163517e-06	1.298285307800353e-06	1.2925629464755889e-06	1.2863215095990758e-06	1.279754013739713e-06	1.2730118928206427e-06	1.266263253153482e-06	1.259633442781718e-06	1.253265111049086e-06	1.2472574998850037e-06	1.2417279734787854e-06	1.2367501914934064e-06	1.232416784789091e-06	1.2287765920833633e-06	1.2258981703172608e-06	1.2238062972485511e-06	1.2225460185647342e-06	6.110593191482176e-07	
0.0	0.0	0.0	0.0	0.0	0.0	0.0	0.0	0.0	0.0	0.0	0.0	0.0	0.0	0.0	0.0	0.0	0.0	0.0	0.0	0.0	0.0	0.0	0.0	0.0	0.0	0.0	0.0	0.0	0.0	0.0	0.0	0.0	0.0	0.0	0.0	0.0	0.0	0.0	0.0	0.0	0.0	0.0	0.0	0.0	0.0	0.0	0.0	0.0	0.0	0.0	0.0	0.0	0.0	0.0	0.0	0.0	0.0	0.0	0.0	0.0	0.0	0.0	0.0	0.0	0.0	0.0	0.0	0.0	0.0	0.0	0.0	0.0	0.0	0.0	0.0	0.0	0.0	0.0	0.0	0.0	0.0	0.0	0.0	0.0	0.0	0.0	0.0	0.0	0.0	0.0	0.0	0.0	0.0	0.0	0.0	0.0	0.0	0.0	0.0	
