0.0	0.0	0.0	0.0	0.0	0.0	0.0	0.0	0.0	0.0	0.0	0.0	0.0	0.0	0.0	0.0	0.0	0.0	0.0	0.0	0.0	0.0	0.0	0.0	0.0	0.0	0.0	0.0	0.0	0.0	0.0	0.0	0.0	0.0	0.0	0.0	0.0	0.0	0.0	0.0	0.0	0.0	0.0	0.0	0.0	0.0	0.0	0.0	0.0	0.0	0.0	0.0	0.0	0.0	0.0	0.0	0.0	0.0	0.0	0.0	0.0	0.0	0.0	0.0	0.0	0.0	0.0	0.0	0.0	0.0	0.0	0.0	0.0	0.0	0.0	0.0	0.0	0.0	0.0	0.0	0.0	0.0	0.0	0.0	0.0	0.0	0.0	0.0	0.0	0.0	0.0	0.0	0.0	0.0	0.0	0.0	0.0	0.0	0.0	0.0	
0.0	1.1351549405719467e-06	2.271089219946875e-06	3.408539985271506e-06	4.548288477220975e-06	5.690989353378134e-06	6.837384930940129e-06	7.988006551690775e-06	9.143515777484785e-06	1.0304278880063389e-05	1.1470833527928479e-05	1.2643338062071896e-05	1.3822161788333376e-05	1.500721129822773e-05	1.6198642091439578e-05	1.739606481767764e-05	1.859937560108878e-05	1.980784571073168e-05	2.1021067641027698e-05	2.2237932357741465e-05	2.3457687900262017e-05	2.4678808984369863e-05	2.5900164621123996e-05	2.711978546786011e-05	2.8336136685227645e-05	2.9546788986775918e-05	3.074979265285989e-05	3.1942258702481e-05	3.312182961642426e-05	3.428517740350545e-05	3.542956611866242e-05	3.6551273780513285e-05	3.764724117030779e-05	3.871342454828741e-05	3.974652446683583e-05	4.074227601807448e-05	4.169725049399743e-05	4.2607089495444415e-05	4.3468371262577875e-05	4.427679444232326e-05	4.50290998730061e-05	4.572120923948366e-05	4.6350192141092115e-05	4.69123643874743e-05	4.740528944549456e-05	4.7825840880396614e-05	4.8172226896598765e-05	4.8442021524103675e-05	4.8634201034446017e-05	4.874714897405533e-05	4.8780693777112586e-05	4.873409364073392e-05	4.860806561351018e-05	4.840275749139952e-05	4.811975989573852e-05	4.776007367294353e-05	4.732609779566804e-05	4.681960196881012e-05	4.624368438718897e-05	4.560076019186768e-05	4.489448402651789e-05	4.412776551321454e-05	4.330465206696595e-05	4.242838261138418e-05	4.1503226221525954e-05	4.053258490426734e-05	3.9520783406412496e-05	3.8471231136619974e-05	3.738815801445373e-05	3.6274844641951045e-05	3.5135298516069206e-05	3.397256050481264e-05	3.279031522678253e-05	3.1591280864233634e-05	3.03787471250628e-05	2.9155054512059e-05	2.7923053081094313e-05	2.6684676521325435e-05	2.544231492693248e-05	2.4197488431931414e-05	2.2952127410004893e-05	2.170734993034902e-05	2.0464643160451142e-05	1.9224748533142287e-05	1.798873861160491e-05	1.6757013545773643e-05	1.5530268228069965e-05	1.430860333551401e-05	1.3092378224194339e-05	1.1881439574466054e-05	1.0675856114766498e-05	9.475267591433329e-06	8.279498058617227e-06	7.08802756933542e-06	5.9004814050823035e-06	4.716226524614611e-06	3.534734726771023e-06	2.355305496459432e-06	1.1773016930150188e-06	0.0	
0.0	2.271089219946875e-06	4.543717694014688e-06	6.819468824699091e-06	9.099757346217407e-06	1.1386129897555615e-05	1.3679795746213243e-05	1.5982182248673805e-05	1.8294210710923686e-05	2.0617104256508424e-05	2.295141155416593e-05	2.5298063731988647e-05	2.7657149878145522e-05	3.0029218825732555e-05	3.241381154791775e-05	3.481100289691517e-05	3.721969726531792e-05	3.9639404695192035e-05	4.206830745270752e-05	4.450526432325307e-05	4.694765702776127e-05	4.9393615969877175e-05	5.1839656678395285e-05	5.42831197417663e-05	5.671960864562387e-05	5.914563607114598e-05	6.155587554764014e-05	6.394600564184589e-05	6.630978868738694e-05	6.864210357855647e-05	7.093586538945978e-05	7.318523643420995e-05	7.538240077443814e-05	7.752094186016042e-05	7.95924856973228e-05	8.159023171933964e-05	8.350547774815453e-05	8.53312888052127e-05	8.705891602230115e-05	8.868158599970164e-05	9.019082466112403e-05	9.158034770455149e-05	9.284229927926279e-05	9.397122231378011e-05	9.496022109880486e-05	9.580498910060931e-05	9.649990433096576e-05	9.704209190653312e-05	9.74274616701871e-05	9.765478337208307e-05	9.772167743309699e-05	9.762868217469126e-05	9.737521076683573e-05	9.696359221726152e-05	9.639501013798718e-05	9.567350186926361e-05	9.480189733225938e-05	9.37857632861052e-05	9.262936278663001e-05	9.13395337578769e-05	8.992169109738445e-05	8.838363020100391e-05	8.673159433990134e-05	8.497399439173836e-05	8.311756373683872e-05	8.117098527660836e-05	7.914115489092128e-05	7.70367060605989e-05	7.48644011383897e-05	7.263254280558709e-05	7.034751031902008e-05	6.801704589888808e-05	6.564695098641151e-05	6.324423471096925e-05	6.0813983226149595e-05	5.836235679349672e-05	5.5893643575954636e-05	5.341309167500462e-05	5.09241573896162e-05	4.843115875486409e-05	4.593672720102256e-05	4.344426971705563e-05	4.0955632010478515e-05	3.847335728392868e-05	3.59985683279244e-05	3.353301197118026e-05	3.1077166961926104e-05	2.863206435690335e-05	2.6197627499714895e-05	2.3774259887106362e-05	2.1361422987563386e-05	1.89589844199431e-05	1.6566038740802775e-05	1.4182010057978197e-05	1.1805720233356885e-05	9.436241312975957e-06	7.072214836180307e-06	4.712450683272555e-06	2.355500352375377e-06	0.0	
0.0	3.4085399852715056e-06	6.819468824699091e-06	1.0235049009177699e-05	1.3657675209510399e-05	1.7089362954143647e-05	2.0532390494516516e-05	2.3988404072687814e-05	2.7459440069659237e-05	3.094665007888982e-05	3.4451698929603435e-05	3.797511451287451e-05	4.1518056000123454e-05	4.508029516120708e-05	4.866234793347513e-05	5.226309582246209e-05	5.5882272924991775e-05	5.9517737903149465e-05	6.316830762361448e-05	6.683069212452169e-05	7.05026651866107e-05	7.417967663435652e-05	7.7858349367848e-05	8.153278519708784e-05	8.519837707843562e-05	8.884782639259761e-05	9.247525826222523e-05	9.607196964393204e-05	9.963083454811229e-05	0.00010314180339980069	0.00010659658362019339	0.0001099839112944829	0.00011329449079770512	0.00011651605978692059	0.0001196385692909662	0.00012264906237304885	0.00012553707335803818	0.00012828933923601403	0.00013089539358354533	0.00013334212806709659	0.00013561955336666777	0.0001377152262883649	0.00013962014698172727	0.0001413230655861225	0.00014281648268542037	0.0001440908485358472	0.00014514063245478406	0.00014595842789254574	0.000146541056623068	0.00014688359444545198	0.00014698547773371346	0.0001468444673489579	0.00014646272813617246	0.00014584075237552874	0.00014498338674080402	0.0001438937407658612	0.00014257913997379584	0.0001410450487144594	0.0001393009319680316	0.00013735422489380422	0.00013521608865372622	0.00013289546065612174	0.00013040469131465372	0.00012775370909635792	0.00012495552539237628	0.00012202054718837478	0.00011896193639185555	0.00011579010055194817	0.0001125178914482128	0.0001091553012275326	0.00010571448325359504	0.00010220467773970037	9.863703618933463e-05	9.50197974472162e-05	9.136289582756118e-05	8.767340572214765e-05	8.395991288198245e-05	8.022824342236974e-05	7.64855777418843e-05	7.273647795380157e-05	6.898672454692531e-05	6.523965487945468e-05	6.149970380617969e-05	5.776906478575647e-05	5.4050917191994384e-05	5.034642069079405e-05	4.6657613695853796e-05	4.2984750860976674e-05	3.93288590262082e-05	3.568942686085552e-05	3.2066606592655826e-05	2.8459263967985843e-05	2.4866816006379806e-05	2.1287648481686648e-05	1.772058186023074e-05	1.4163662433459045e-05	1.06152504591069e-05	7.073189888778697e-06	3.535514526824214e-06	0.0	
0.0	4.548288477220974e-06	9.099757346217405e-06	1.3657675209510402e-05	1.822497418110535e-05	2.2804849872288864e-05	2.739982473443938e-05	3.2012856694229924e-05	3.664589366671584e-05	4.130148583127349e-05	4.598083670494092e-05	5.0685912289530696e-05	5.541699644150679e-05	6.017528849738833e-05	6.49599731057322e-05	6.977129646502892e-05	7.460716328935987e-05	7.946668047562397e-05	8.4346296440396e-05	8.924379986241713e-05	9.41540192197635e-05	9.907326319816631e-05	0.00010399460081520731	0.00010891272908491714	0.00011381885654768056	0.00011870598274146848	0.00012356341013523598	0.00012838241874622814	0.00013315043324126736	0.00013785707449921714	0.00014248800982025607	0.00014703136119642422	0.00015147126698364177	0.0001557946239714903	0.0001599843884057925	0.0001640266255752359	0.0001679035767040451	0.00017160098575792163	0.00017510095658842157	0.00017838952223463094	0.0001814493141092805	0.00018426733465291042	0.00018682745780128585	0.00018911836200808974	0.0001911258793372983	0.00019284104324676562	0.00019425230302259436	0.00019535363987261	0.0001961366645230486	0.0001965987564366184	0.00019673506538036407	0.0001965466319230685	0.0001960323184137617	0.00019519687388339183	0.00019404282551358304	0.0001925784568817049	0.00019080969675123053	0.00018874798530204187	0.00018640220198179667	0.00018378639905639401	0.00018091181354025154	0.00017779445045257417	0.00017444722504936032	0.00017088737933608513	0.00016712879992111982	0.00016318925076980287	0.0001590829093167557	0.00015482739661051517	0.00015043657042446563	0.00014592733144977148	0.0001413127076696443	0.00013660841272451491	0.0001318262513349068	0.00012698040388121223	0.00012208117859408474	0.0001171409950776188	0.00011216850556378031	0.00010717424969374832	0.00010216516441484378	9.714988280031522e-05	9.213365008750266e-05	8.712324054062431e-05	8.212229554781627e-05	7.71358343440849e-05	7.216602883606316e-05	6.721628622443729e-05	6.228747415007662e-05	5.7381555726832375e-05	5.249827757008458e-05	4.763834034401624e-05	4.280056114797725e-05	3.7984565304705425e-05	3.3188433380349194e-05	2.8410902531022148e-05	2.3649507087063478e-05	1.8902280299147123e-05	1.416639591610322e-05	9.439363610191187e-06	4.718177324154922e-06	0.0	
0.0	5.690989353378132e-06	1.1386129897555613e-05	1.7089362954143647e-05	2.2804849872288864e-05	2.8536122212286134e-05	3.4287148680395265e-05	4.006084784423185e-05	4.586078695685895e-05	5.1689062450858455e-05	5.7548623224539127e-05	6.34405270357936e-05	6.936687870816665e-05	7.532747352679994e-05	8.132333889076711e-05	8.73527789000622e-05	9.34155062480697e-05	9.950810537051945e-05	0.00010562873984032088	0.00011177205469956152	0.00011793444326800043	0.00012410841254343523	0.00013028839211196716	0.0001364645896889801	0.00014262932362833788	0.00014877039864872558	0.00015487794213606539	0.0001609373326727857	0.00016693651872227695	0.00017285853452654061	0.00017868927763184215	0.00018440964780224185	0.00019000375697299766	0.00019545072683107315	0.0002007333010052723	0.00020582933576841642	0.00021072077955484138	0.00021538488888506657	0.00021980353480427866	0.0002239541728902876	0.00022781943034176278	0.0002313778553335877	0.00023461373291102137	0.00023750763575634565	0.0002400464125995981	0.0002422135605168311	0.00024399932710221712	0.00024539092450737344	0.0002463826867888817	0.0002469661484878843	0.0002471402016144983	0.0002469010666307902	0.00024625239915232325	0.0002451951881428172	0.0002437377697521913	0.00024188569528783805	0.00023965161744320487	0.00023704517787195996	0.0002340827380844225	0.00023077734199243545	0.00022714826889267802	0.00022321112932111015	0.00021898722020927467	0.00021449381248114628	0.00020975328863424435	0.00020478367797200823	0.0001996075549935559	0.00019424287363701594	0.0001887116017359228	0.00018303090000616764	0.00017722146430326316	0.00017129908915282973	0.00016528268637418592	0.00015918626739196473	0.0001530266045069682	0.00014681566144568822	0.00014056786243017705	0.0001342929965853115	0.0001280030600278537	0.00012170565682265397	0.00011541038045529011	0.00010912273184620085	0.00010285000857834876	9.659575882387299e-05	9.036514932681706e-05	8.41599727486774e-05	7.798346843063269e-05	7.18358994315341e-05	6.57188033283418e-05	5.963115395817054e-05	5.357302282185654e-05	4.7542339154539156e-05	4.153794578292789e-05	3.5556969582723655e-05	2.9597258849718388e-05	2.3655374435673893e-05	1.7728398797935745e-05	1.1812556138582307e-05	5.904386284391776e-06	0.0	
0.0	6.837384930940127e-06	1.3679795746213238e-05	2.0532390494516513e-05	2.7399824734439372e-05	3.428714868039526e-05	4.119840701111069e-05	4.81382961809932e-05	5.5110003222218735e-05	6.211761558492145e-05	6.916320683909052e-05	7.624998876949572e-05	8.33786553881884e-05	9.055126458359044e-05	9.776685549154192e-05	0.00010502604480854225	0.00011232593633745232	0.00011966541513885493	0.00012703937195101633	0.00013444467666690486	0.00014187374428532235	0.00014932116772737745	0.00015677665592585483	0.0001642323046498932	0.00017167494114877612	0.00017909401029387207	0.0001864733636645739	0.00019379973673366526	0.00020105402315774112	0.00020822031665940595	0.00021527671325643466	0.0002222048886343015	0.0002289804718056939	0.000235583124845742	0.00024198653076605778	0.00024816893733261436	0.00025410279966929365	0.00025976574352688147	0.0002651298994557807	0.0002701732336711149	0.00027486860603767604	0.0002791954092529788	0.00028312837819741864	0.0002866494715188156	0.00028973645620053944	0.0002923749609287167	0.00029454685815671065	0.00029624241693377895	0.0002974485061936538	0.0002981607766899815	0.00029837171406927676	0.0002980827852032485	0.0002972923774427383	0.0002960078531986689	0.00029423342149256733	0.00029198205469832886	0.0002892633484720175	0.0002860952643791677	0.00028249204275531396	0.00027847574287328733	0.00027406427883865396	0.0002692827338769375	0.0002641515912438126	0.00025869780075373926	0.00025294327489300137	0.00024691568422802754	0.00024063728411949202	0.0002341354120382152	0.00022743170355494146	0.00022055225998986368	0.00021351730484680972	0.00020635098571222715	0.0001990715149992217	0.00019170056642075955	0.00018425393748096376	0.00017675049865994782	0.00016920340986438642	0.00016162857983311623	0.00015403646476878035	0.00014643999630686074	0.00013884698762533493	0.0001312674903645699	0.00012370683137853482	0.00011617236193668143	0.00010866714664112999	0.00010119607177803329	9.376020651357439e-05	8.636224113134022e-05	7.900153922713653e-05	7.167888057319921e-05	6.439222151389767e-05	5.714072120217038e-05	4.9921225670326723e-05	4.273156010648366e-05	3.556775009871885e-05	2.8426566416083844e-05	2.130349469471881e-05	1.4194522841122686e-05	7.094867959530279e-06	0.0	
0.0	7.988006551690772e-06	1.5982182248673805e-05	2.3988404072687807e-05	3.2012856694229924e-05	4.006084784423185e-05	4.813829618099321e-05	5.62496574530303e-05	6.440029299658066e-05	7.259351379618889e-05	8.0833819042266e-05	8.912306919461334e-05	9.746458107357812e-05	0.0001058584451862283	0.00011430646113612626	0.00012280661878985588	0.00013135885540148422	0.00013995872467696582	0.00014860395493652517	0.00015728733475269248	0.00016600404970361569	0.00017474381795588964	0.00018349898163316655	0.00019225593037028248	0.00020100392190750268	0.00020972583606712906	0.0002184076976763433	0.00022702880733677322	0.0002355719378846418	0.0002440128913829929	0.0002523313376829324	0.00026049984886202773	0.00026849534466632727	0.0002762876557546645	0.00028385153554747323	0.0002911548018379297	0.00029817086769611467	0.0003048665072416421	0.0003112148499074754	0.00031718281077786016	0.0003227444832869373	0.0003278682683115076	0.0003325305913089566	0.00033670275855232314	0.00034036491720894395	0.0003434926632097209	0.00034607115835166293	0.0003480815137260199	0.0003495149778322017	0.000350359123181048	0.0003506120241764638	0.0003502682825262899	0.0003493331228377756	0.0003478083038406827	0.00034570607180285185	0.00034303501743708373	0.00033981384021880686	0.00033605722289996494	0.00033178937129180625	0.00032702998739110253	0.0003218075573157758	0.0003161455087111028	0.00031007522332529374	0.00030362246416266054	0.00029682008872578783	0.0002896948268613967	0.0002822796669055494	0.00027460105756418353	0.0002666909334994198	0.0002585744054182476	0.00025028138552538775	0.00024183482066978293	0.00023326187279798754	0.00022458274157281674	0.0002158213512916848	0.0002069948024272455	0.0001981235147701031	0.0001892213420049368	0.00018030512106375984	0.00017138547998896597	0.00016247574536403891	0.00015358347099707237	0.00014471865843792675	0.00013588603205373078	0.00012709253163910086	0.00011834035788519946	0.00010963370058744896	0.00010097257703822755	9.235876405897086e-05	8.379045026519352e-05	7.526734490528602e-05	6.678616312756152e-05	5.834488927772595e-05	4.993911217886899e-05	4.1565425060377446e-05	3.321862542799841e-05	2.489423814296863e-05	1.6586591724642473e-05	8.290455265028618e-06	0.0	
0.0	9.14351577748478e-06	1.8294210710923683e-05	2.745944006965923e-05	3.664589366671584e-05	4.586078695685895e-05	5.511000322221875e-05	6.440029299658067e-05	7.373640574535772e-05	8.312428720087982e-05	9.256721073987169e-05	0.00010206995869911618	0.00011163396829155201	0.00012126247974394606	0.00013095471642032312	0.00014071197973093583	0.00015053088816214096	0.0001604103963879139	0.00017034412313661208	0.0001803282698077496	0.00019035307250422033	0.00020041159368982414	0.00021049033919235408	0.0002205788949362727	0.0002306597551111898	0.00024071877459285005	0.00025073425950612147	0.000260688204310526	0.0002705547002883346	0.00028031192401173555	0.0002899299223763032	0.0002993833157966207	0.00030863851975368196	0.00031766712108581357	0.000326432595143774	0.00033490430657101013	0.00034304377777825924	0.00035081925654350035	0.000358191585723947	0.0003651292692200702	0.00037159398527722724	0.00037755607081590227	0.0003829797125983587	0.000387838759190653	0.00039210161746523677	0.0003957472934809364	0.0003987500182472978	0.0004010954155009654	0.0004027648820480923	0.0004037517830893917	0.00040404561957483047	0.00040364816056485806	0.0004025574423647591	0.00040078376119754883	0.0003983335645630948	0.0003952252438140583	0.0003914729943768827	0.0003871023636240219	0.00038213417025861706	0.0003765997753333393	0.00037052515981364324	0.00036394589383476885	0.00035689147401167	0.00034939996753857445	0.0003415027073872982	0.0003332385844295693	0.0003246391905699118	0.00031574272538566623	0.00030657966639081153	0.00029718624872883696	0.00028759073011182663	0.00027782639465031395	0.0002679184691200536	0.00025789659633088796	0.00024778245020839714	0.00023760162083052446	0.00022737196874174012	0.0002171148630165595	0.00020684431015237484	0.00019657748796861134	0.00018632468096819988	0.0001760990560678227	0.0001659074339788655	0.00015575925715794275	0.00014565822504731564	0.0001356104097563662	0.00012561678151239348	0.00011568043305354974	0.00010580002007785268	9.597606087846059e-05	8.620531475482334e-05	7.648612888427075e-05	6.681377547829752e-05	5.71848231703259e-05	4.759345113240784e-05	3.803482733114533e-05	2.8502414878518946e-05	1.899034436124833e-05	9.49172441978873e-06	0.0	
0.0	1.0304278880063385e-05	2.0617104256508418e-05	3.0946650078889806e-05	4.130148583127349e-05	5.168906245085845e-05	6.211761558492145e-05	7.25935137961889e-05	8.312428720087982e-05	9.371484668555533e-05	0.00010437162403312226	0.00011509767596484639	0.00012589791805878468	0.00013677313272684763	0.00014772627578545279	0.00015875541300776997	0.0001698610751804955	0.00018103815365640673	0.00019228427717063657	0.0002035907028560671	0.00021495168600916165	0.00022635440927168773	0.00023778931488023668	0.0002492391210373378	0.00026069008480702647	0.0002721201608630123	0.00028351116183665634	0.00029483612026909745	0.00030607231146253405	0.00031718788405886374	0.000328155707732133	0.00033893934072650833	0.0003495076604057636	0.0003598202366229655	0.00036984269658148737	0.00037953157049971345	0.0003888503330146374	0.00039775378199517964	0.00040620468686028747	0.0004141577529078928	0.00042157679313813417	0.00042841832020273294	0.00043464914415722663	0.0004402296240160892	0.0004451315815806954	0.00044932123711270775	0.000452777321619546	0.00045547371887641073	0.0004573976575915232	0.0004585320867341692	0.00045887383601987344	0.0004584157635901365	0.0004571647876972869	0.0004551238637249058	0.0004523098094168575	0.00044873518886500905	0.00044442587440372936	0.00043940293451757143	0.0004336998936050338	0.00042734473506072184	0.000420376832339179	0.0004128291853476814	0.00040474500110577376	0.0003961602804910628	0.00038712002464441327	0.00037766128121437503	0.0003678289453199083	0.0003576593620331528	0.0003471956807246438	0.0003364720962322169	0.0003255287052814113	0.00031439645488592633	0.0003031114411763911	0.0002917006216022115	0.0002801954910159123	0.000268618604911525	0.0002569965653226781	0.0002453473956657265	0.0002336927696653135	0.00022204627394902882	0.00021042481623593232	0.00019883780902364378	0.00018729769797751544	0.0001758100982096146	0.00016438338954650298	0.0001530198354646273	0.0001417241981740646	0.00013049586883110065	0.00011933646178250373	0.00010824298295480219	9.721436892381674e-05	8.624571823733241e-05	7.533374708110903e-05	6.447210567614342e-05	5.365572815403945e-05	4.287725309163534e-05	3.213025078004878e-05	2.1406763461709045e-05	1.069939849526778e-05	0.0	
0.0	1.1470833527928474e-05	2.295141155416592e-05	3.445169892960342e-05	4.5980836704940904e-05	5.754862322453911e-05	6.916320683909052e-05	8.083381904226599e-05	9.256721073987169e-05	0.00010437162403312229	0.00011625198424650234	0.0001282150925563557	0.00014026359170580258	0.00015240235763658785	0.00016463126279795364	0.00017695274134414424	0.00018936338021683562	0.00020186262939804784	0.00021444325754344396	0.00022710117628617227	0.00023982480411795438	0.00025260597182917555	0.00026542824550688723	0.00027827887878918456	0.00029113615309811275	0.00030398234127095724	0.00031679013014514266	0.00032953655892256395	0.000342188595459996	0.00035471801084466893	0.00036708618550924124	0.00037925987818407565	0.00039119534039208696	0.0004028549323323656	0.0004141906235368115	0.0004251613995454819	0.00043571622185067395	0.00044581215701665485	0.0004553968603487942	0.00046442734365439265	0.0004728520350679555	0.00048063008420947946	0.0004877130370768961	0.0004940645603071245	0.0004996417578601263	0.0005044151826631401	0.0005083498143798469	0.0005114252203297922	0.000513616214070201	0.0005149130306822439	0.0005153016958957986	0.0005147840942686337	0.0005133580975748531	0.0005110374262197887	0.0005078316105138806	0.0005037655717462332	0.0004988595158919006	0.0004931481858222862	0.0004866608086573609	0.0004794399897354706	0.00047152184810461846	0.0004629545330301837	0.0004537786851691306	0.0004440455569801111	0.0004337979305886087	0.0004230878161831588	0.0004119579440101565	0.0004004590028013633	0.0003886318061453246	0.0003765240196166745	0.0003641730841942708	0.0003516223688986721	0.0003389049183395363	0.00032605895911850814	0.00031311252625455815	0.00030009824708835173	0.0002870388925198422	0.0002739613615076388	0.0002608831973288914	0.0002478256983296246	0.00023480143599789103	0.00022182642250766286	0.0002089086654195818	0.00019605932891290093	0.0001832823586308542	0.0001705845806034523	0.00015796642855632899	0.00014543093187818632	0.00013297557622987194	0.00012060013917641478	0.00010829971295547841	9.607135339777897e-05	8.390829115881472e-05	7.180536622164495e-05	5.9754450766777445e-05	4.7748647881862414e-05	3.5778945594681436e-05	2.3837164432302215e-05	1.1913858045100459e-05	0.0	
0.0	1.2643338062071891e-05	2.529806373198864e-05	3.79751145128745e-05	5.068591228953067e-05	6.344052703579359e-05	7.624998876949569e-05	8.912306919461332e-05	0.00010206995869911618	0.00011509767596484639	0.0001282150925563557	0.00014142698665418066	0.00015474039311099897	0.000168157323842728	0.00018168241700716996	0.00019531435328097292	0.00020905477415093194	0.00022289843037527008	0.0002368433363677553	0.0002508796946335788	0.00026500125093761363	0.0002791930464139468	0.0002934439366372785	0.000307733231332909	0.0003220443394880961	0.00033635036488859386	0.00035062883870733125	0.000364846347008019	0.00037897431128745406	0.0003929727309047642	0.00040680697002059993	0.0004204307026626491	0.0004338036603563502	0.0004468738690755181	0.000459596304455397	0.000471914507079154	0.00048378008054492566	0.0004951337636549622	0.000505925690404303	0.0005160959847500861	0.0005255956814953608	0.0005343668927802686	0.0005423642669780574	0.0005495347587327552	0.0005558394829503615	0.0005612331062425059	0.0005656859393826185	0.0005691629619409409	0.0005716459934364928	0.0005731123683205637	0.0005735570359883999	0.0005729709211759093	0.0005713628254643647	0.0005687375363224486	0.0005651174337993858	0.0005605204444810735	0.0005549812902726339	0.0005485294144311	0.000541209837674713	0.0005330612057567737	0.0005241362362149798	0.0005144800467186907	0.0005041501813106097	0.000493195375457642	0.0004816751447287152	0.0004696391286061715	0.00045714621074185134	0.0004442445633954897	0.00043099025125492904	0.00041742807635949323	0.0004036096010921226	0.0003895748732045217	0.0003753697908539358	0.0003610287710014817	0.0003465913716325393	0.00033208595504549514	0.00031754547974248177	0.00030299220259395266	0.0002884525545657548	0.0002739429214759758	0.00025948352261221655	0.0002450853076519785	0.000230762764172168	0.00021652196723981942	0.00020237224985412283	0.00018831544092045183	0.00017435634108137687	0.000160493183719573	0.00014672686697098954	0.0001330526707536243	0.00011946820376456771	0.00010596640717480222	9.254218299244423e-05	7.918671199265014e-05	6.589273697509815e-05	5.2650218776705606e-05	3.9450254703343964e-05	2.6282092196818028e-05	1.3135669136196908e-05	0.0	
0.0	1.3822161788333369e-05	2.7657149878145508e-05	4.1518056000123434e-05	5.5416996441506766e-05	6.936687870816663e-05	8.337865538818835e-05	9.746458107357808e-05	0.00011163396829155198	0.00012589791805878465	0.00014026359170580258	0.000154740393110999	0.00016933277698190995	0.0001840478559241876	0.00019888677279623055	0.00021385370143743015	0.00022894581816726816	0.00024416366136510346	0.0002594997451308371	0.00027495024010152215	0.0002905022807912979	0.0003061469281273975	0.0003218652310355509	0.00033764243015861335	0.0003534528437111769	0.000369275271515968	0.00038507678466899984	0.0004008292889465017	0.0004164923067586917	0.0004320306583693078	0.0004473963319804524	0.000462547238933869	0.0004774282722286514	0.0004919910865099054	0.0005061744453393601	0.0005199249668247037	0.0005331768541239558	0.000545873531886214	0.0005579468420037342	0.000569339474445413	0.0005799836917069996	0.0005898244315606419	0.0005987976014005979	0.0006068537033717652	0.0006139357183066825	0.0006200030809394974	0.0006250091582491048	0.0006289253900972969	0.0006317183643257529	0.0006333739411718414	0.0006338739410416555	0.0006332200912546018	0.0006314103716281907	0.0006284626567226322	0.000624390804152314	0.0006192279074678105	0.0006130022538917905	0.0006057601429387285	0.0005975418747106144	0.0005884041187514981	0.0005783961140551601	0.0005675815864084869	0.0005560153440993497	0.0005437647397165614	0.0005308868330027841	0.0005174493783766857	0.0005035087034471542	0.0004891301821978968	0.00047436695045109716	0.0004592798025747364	0.00044391683896317176	0.00042833270573342967	0.0004125692475439305	0.00039667399744452146	0.0003806818925217525	0.0003646329153891652	0.0003485549200522183	0.00033248032669960277	0.0003164300996825062	0.00030042940187772815	0.00028449276427689667	0.00026863861370140537	0.00025287567276975343	0.0002372162838196739	0.00022166407783255748	0.00020622602706747288	0.00019090142109702408	0.00017569259023961307	0.00016059522575557212	0.00014560772532795678	0.00013072289248900436	0.00011593586400563942	0.0001012372207324369	8.661946479705541e-05	7.207157038443996e-05	5.7583986149838005e-05	4.314465005337551e-05	2.8742499539316647e-05	1.4364969593734438e-05	0.0	
0.0	1.5007211298227723e-05	3.0029218825732545e-05	4.508029516120706e-05	6.0175288497388325e-05	7.532747352679992e-05	9.055126458359044e-05	0.00010585844518622828	0.00012126247974394606	0.0001367731327268476	0.00015240235763658785	0.000168157323842728	0.00018404785592418765	0.00020007789357102187	0.00021625444934624116	0.00023257753480961164	0.0002490506003970111	0.0002656689692040167	0.000282431719212054	0.0002993286751013247	0.0003163536906320451	0.0003334902585274921	0.00035072614954010327	0.0003680377108454232	0.00038540581814058454	0.00040279894392075254	0.0004201903795832995	0.0004375401659246249	0.0004548135430114088	0.00047196184533142933	0.0004889421370394305	0.0005056971820299383	0.0005221762194766372	0.0005383141228274609	0.0005540532633742563	0.0005693219697443712	0.0005840574136037965	0.0005981834708764884	0.0006116345423039515	0.000624332898699768	0.0006362133202244612	0.0006471999818388483	0.000657231761498116	0.00066623869268656	0.0006741677587997726	0.0006809589139683631	0.0006865711563781514	0.0006909581046451843	0.0006940941346659411	0.0006959495035851063	0.0006965163482706412	0.0006957833752923468	0.0006937615542034412	0.0006904584365928761	0.0006859034274981448	0.0006801218501635406	0.0006731597326761924	0.0006650577850081217	0.0006558756828104408	0.0006456661582077588	0.0006344987892593551	0.0006224344192832854	0.0006095484654684608	0.00059590587315664	0.0005815839433380876	0.0005666480036128831	0.0005511737288193493	0.0005352236772776192	0.0005188690497073673	0.0005021672055232848	0.00048518277923956205	0.00046796626255030143	0.00045057437867508123	0.00043304979441130764	0.0004154406427082614	0.0003977814150865312	0.0003801115204729163	0.0003624574010500537	0.0003448500192823935	0.0003273082374297638	0.0003098551326887177	0.00029250268031915646	0.00027526680707450616	0.0002581534185585086	0.00024117211223058954	0.00022432359012691428	0.0002076119637973765	0.00019103359324562362	0.00017458792668516765	0.0001582678051891755	0.00014206878994617184	0.0001259809696153929	0.0001099967368050931	9.410413159756225e-05	7.829303735152937e-05	6.255008945285658e-05	4.6863268380270856e-05	3.121839762974809e-05	1.5602119401288435e-05	0.0	
0.0	1.619864209143957e-05	3.241381154791774e-05	4.8662347933475125e-05	6.495997310573218e-05	8.13233388907671e-05	9.776685549154189e-05	0.00011430646113612625	0.0001309547164203231	0.00014772627578545273	0.0001646312627979536	0.00018168241700716996	0.00019888677279623055	0.00021625444934624113	0.00023378866368591224	0.0002514961263343823	0.0002693754276843774	0.00028742899763391005	0.00030564991363901667	0.0003240353795114968	0.0003425720135510524	0.0003612507998931783	0.0003800509262008304	0.0003989561606097233	0.0004179373205089147	0.0004369700291649031	0.0004560159098639622	0.0004750416782713392	0.0004939991689366654	0.0005128457214213627	0.0005315231575903932	0.0005499794199359245	0.0005681466262281443	0.0005859639150274717	0.0006033547065880597	0.0006202507005936848	0.0006365684659505385	0.0006522345167695575	0.0006671613367240921	0.0006812734298856007	0.0006944828573598929	0.0007067161209110244	0.0007178892534574735	0.0007279353502607185	0.0007367792172811945	0.000744365325646339	0.0007506319928677992	0.0007555395122384092	0.0007590438323746874	0.0007611246139831976	0.0007617583908272864	0.000760946336496991	0.0007586869352366072	0.0007550032970089437	0.0007499154312306848	0.0007434670171433103	0.0007356974420126615	0.0007266679986415818	0.0007164339050357009	0.0007050699464424258	0.0006926427234694218	0.0006792357738803249	0.0006649222967366926	0.0006497897798524322	0.0006339134232613411	0.0006173802694404956	0.0006002635101446457	0.0005826460791308961	0.0005645959830487205	0.0005461892804659146	0.0005274865386426281	0.0005085550948925161	0.0004894467114718265	0.0004702189985398348	0.00045091432020777985	0.0004315802522917028	0.0004122497824435616	0.00039296067839098936	0.0003737370214813436	0.00035460736942690676	0.00033558766284216585	0.0003166980781031231	0.00029794734830079875	0.00027934821471328633	0.0002609032054513809	0.00024261860693974564	0.0002244917444554943	0.00020652340721061596	0.00018870667455151715	0.0001710377394430902	0.00015350632222152272	0.0001361048474823076	0.00011882048407574407	0.00010164263971893062	8.455666160309404e-05	6.754962165892903e-05	5.0605706941309326e-05	3.3710276553810364e-05	1.6846965107430104e-05	0.0	
0.0	1.7396064817677634e-05	3.481100289691516e-05	5.226309582246208e-05	6.97712964650289e-05	8.735277890006216e-05	0.00010502604480854222	0.00012280661878985588	0.00014071197973093577	0.00015875541300776995	0.00017695274134414424	0.00019531435328097292	0.00021385370143743013	0.00023257753480961161	0.0002514961263343822	0.00027061174522331847	0.0002899305705625305	0.0003094494492109817	0.0003291694481425321	0.00034908095369254473	0.00036917881277534665	0.0003894458406999914	0.0004098695005549862	0.0004304238996060495	0.000451087957173098	0.00047182598374013974	0.0004926072904114641	0.0005133854598922952	0.0005341193544597523	0.0005547512028870483	0.0005752289674273407	0.0005954833836950872	0.0006154516481503894	0.0006350535561167499	0.0006542164664771638	0.0006728506828304996	0.0006908756378689305	0.0007081946504935604	0.0007247222454099588	0.0007403583923838509	0.0007550168358147445	0.0007685988817878217	0.0007810225605816663	0.0007921959781285153	0.000802047079729969	0.0008104965357813121	0.0008174878305121686	0.0008229596219457005	0.0008268758602179108	0.0008291975626238026	0.0008299126832726062	0.0008290072828067705	0.0008264949264730999	0.0008223873001098015	0.0008167229962624322	0.0008095377167594304	0.0008008923954533261	0.0007908432100284395	0.0007794690621834054	0.0007668416764132496	0.0007530524974084853	0.0007381831705354498	0.0007223319173323523	0.0007055846729297442	0.0006880409708605769	0.0006697859679909866	0.0006509158233236323	0.0006315107861169665	0.0006116600045322371	0.0005914358006113346	0.0005709178043041136	0.0005501684980007528	0.0005292565450424991	0.0005082336593819649	0.0004871569856998533	0.0004660673353439431	0.0004450104751927388	0.00042401676607623607	0.0004031212258824348	0.0003823446074918738	0.0003617121147467247	0.00034123596034481404	0.0003209326283813975	0.00030080695636095585	0.00028086785321938357	0.00026111395225145455	0.00024154770780015916	0.00022216266682304422	0.00020295588038113605	0.00018391684063322975	0.00016503815483876486	0.00014630619191848769	0.0001277099770754167	0.00010923358797031277	9.08632375109389e-05	7.258145447376955e-05	5.437233076386019e-05	3.621751526173305e-05	1.8099610125926975e-05	0.0	
0.0	1.8599375601088774e-05	3.721969726531791e-05	5.588227292499175e-05	7.460716328935983e-05	9.341550624806966e-05	0.00011232593633745227	0.00013135885540148417	0.00015053088816214093	0.00016986107518049545	0.00018936338021683562	0.0002090547741509319	0.00022894581816726813	0.0002490506003970111	0.0002693754276843774	0.0002899305705625304	0.0003107171056825611	0.0003317404196623035	0.0003529952544938359	0.00037448091720119277	0.0003961845920403824	0.0004180982011898597	0.0004402000606704257	0.00046247333784135377	0.0004848861429373969	0.0005074115321309959	0.0005300061433590619	0.000552631698897821	0.0005752323121234026	0.000597757449968683	0.0006201380549293613	0.0006423109334096058	0.0006641938519459014	0.0006857113189722396	0.0007067688218602545	0.0007272799624862551	0.0007471399972775394	0.0007662542660605418	0.0007845111760222884	0.0008018118246661081	0.00081804252785294	0.00083310548086534	0.0008468908728660855	0.0008593083609182079	0.0008702587479353502	0.0008796659765782663	0.0008874482920798062	0.0008935504158010029	0.0008979140887813978	0.0009005100780692182	0.0009013080179472038	0.0009003079469638866	0.0008975094350907337	0.0008929424405623019	0.0008866358186225313	0.0008786474025813851	0.0008690321048680616	0.0008578712343539482	0.000845240491372483	0.0008312386049035736	0.0008159555677955354	0.000799500698743939	0.0007819714570484597	0.000763481009023269	0.0007441279142540937	0.0007240232206192068	0.0007032612458591719	0.000681946160354561	0.0006601640184479599	0.0006380087305232216	0.0006155554414803148	0.0005928857531379158	0.0005700625084032252	0.0005471541039547663	0.0005242107175493309	0.0005012875467434934	0.0004784225094442582	0.0004556582522581489	0.0004330213557398396	0.0004105429708158996	0.000388239565658984	0.00036613206649180146	0.0003442281892863566	0.00032253997940887426	0.00030106777639324074	0.0002798160638396187	0.000258779118377827	0.00023795509637127975	0.0002173334186306287	0.00019690703374915334	0.0001766615883276163	0.0001565858184178383	0.00013666255134685068	0.00011687718712248298	9.721057281864655e-05	7.764554525288152e-05	5.816171270629562e-05	3.87400390187405e-05	1.9359560493701618e-05	0.0	
0.0	1.980784571073168e-05	3.9639404695192035e-05	5.951773790314945e-05	7.946668047562394e-05	9.95081053705194e-05	0.00011966541513885488	0.00013995872467696576	0.00016041039638791388	0.00018103815365640673	0.00020186262939804784	0.0002228984303752701	0.00024416366136510346	0.0002656689692040167	0.00028742899763391	0.0003094494492109817	0.0003317404196623035	0.00035430152584603166	0.0003771370636082369	0.00040023926126425	0.0004236052020166651	0.00044721827543813534	0.000471066805067176	0.0004951237856066627	0.0005193671588548035	0.0005437579421285118	0.0005682621014351235	0.0005928271968977936	0.000617405810641319	0.0006419308568285688	0.0006663405316711153	0.0006905524568623696	0.0007144901274258825	0.0007380560738787053	0.0007611597854131564	0.0007836900822048907	0.000805544480142295	0.0008266009532775086	0.0008467486750148736	0.0008658593154957651	0.0008838190381196646	0.0009004994154341553	0.0009157904804671831	0.0009295712633484566	0.0009417436053683963	0.0009522022338290193	0.0009608689650412144	0.0009676621729602889	0.0009725309638999998	0.0009754238832521771	0.0009763226637050657	0.0009752100707919803	0.0009721029147176541	0.0009670190542436201	0.0009600095015815108	0.000951124755097611	0.0009404459779605236	0.0009280509692495755	0.0009140445160605665	0.000898524400667435	0.0008816110824879176	0.0008634141577081029	0.0008440615165048173	0.0008236666278640535	0.0008023572557621511	0.0007802438599642024	0.0007574478703827759	0.0007340714028437286	0.0007102250097369017	0.0006859988301126213	0.0006614896737554013	0.000636773668714923	0.0006119325009572346	0.0005870275909182524	0.0005621252996957501	0.0005372726547285633	0.0005125213397924165	0.00048790499149871434	0.0004634618071172828	0.00043921344171080876	0.000415186089189535	0.0003913910196683337	0.0003678440111884914	0.0003445475753006934	0.0003215086373480718	0.000298722503891379	0.00027618870742622385	0.0002538967716898731	0.0002318401520960599	0.00021000385441980233	0.00018837641541271554	0.00016693942735447435	0.00014567751475503513	0.00012456981235981689	0.00010359790404930503	8.273929561844205e-05	6.197329137181082e-05	4.1276495805139094e-05	2.0626612289006313e-05	0.0	
0.0	2.1021067641027695e-05	4.206830745270751e-05	6.316830762361445e-05	8.434629644039596e-05	0.00010562873984032083	0.00012703937195101625	0.00014860395493652512	0.00017034412313661205	0.00019228427717063654	0.00021444325754344388	0.00023684333636775525	0.000259499745130837	0.000282431719212054	0.0003056499136390166	0.0003291694481425321	0.0003529952544938359	0.0003771370636082369	0.0004015927389016099	0.0004263651425187747	0.00045144352167232247	0.00047682218915237704	0.0005024800445154465	0.0005284010054124735	0.0005545517634816253	0.0005809039083980992	0.0006074100398671798	0.0006340275359332857	0.0006606931674159036	0.0006873484752944128	0.0007139130609055646	0.0007403115519405783	0.0007664457674040095	0.0007922232634113057	0.000817528590389448	0.0008422534112155485	0.000866267070886407	0.0008894482611485762	0.000911655099982275	0.0009327582692939563	0.0009526107450788576	0.0009710822529146427	0.0009880286988810999	0.001003327676748315	0.001016847537054607	0.00102848356043061	0.0010381264959365688	0.001045698921893979	0.0010511230238544275	0.001054356637341775	0.0010553600561948747	0.0010541313170478127	0.0010506719426022295	0.001045021180507703	0.001037220769732525	0.0010273480457461365	0.0010154800171302532	0.0010017254328454357	0.0009861886087934072	0.0009690006670296316	0.0009502836171487107	0.0009301809979398727	0.0009088226912382882	0.0008863551360539571	0.0008629072592057795	0.0008386203259137333	0.0008136152518293182	0.0007880220416589421	0.0007619486361143248	0.0007355097996000682	0.000708797573537528	0.0006819094179139386	0.0006549202946247341	0.000627909845039602	0.0006009361083986168	0.0005740615205307184	0.000547328273482909	0.0005207829392338214	0.0004944534881906988	0.0004683723676415112	0.00044255521129188516	0.0004170222293877166	0.00039177865457597856	0.000366834325781281	0.0003421859251580026	0.0003178346595447641	0.00029377034850981573	0.00026998712538477365	0.00024646943767343707	0.00022320570475518545	0.00020017628991759535	0.0001773650645226146	0.0001547494064205456	0.00013230963138969443	0.00011002106641438363	8.786131913500564e-05	6.58044670175934e-05	4.3826144839202925e-05	2.189988259292066e-05	0.0	
0.0	2.2237932357741455e-05	4.450526432325306e-05	6.683069212452167e-05	8.924379986241712e-05	0.00011177205469956148	0.00013444467666690483	0.00015728733475269243	0.00018032826980774952	0.00020359070285606704	0.00022710117628617224	0.0002508796946335787	0.00027495024010152215	0.00029932867510132463	0.00032403537951149674	0.0003490809536925446	0.00037448091720119277	0.00040023926126424997	0.0004263651425187747	0.0004528543456675044	0.00047970790201882254	0.0005069115370883471	0.0005344561432562239	0.0005623153044202017	0.0005904675560634255	0.0006188721007057173	0.0006474927980384378	0.0006762722115338664	0.0007051572864121429	0.0007340718990893593	0.0007629442005969343	0.000791677874471805	0.0008201811444667774	0.0008483369779655787	0.0008760337725638182	0.0009031347622502061	0.0009295103968978438	0.0009550072047202973	0.0009794818482158525	0.0010027696548830273	0.001024720260068754	0.0010451659289995427	0.0010639585769639335	0.0010809378725853372	0.0010959692717780391	0.0011089117390642679	0.0011196562797516911	0.0011280929895368327	0.0011341494734990536	0.0011377568908646366	0.001138887662133906	0.0011375202563027242	0.0011336757302137894	0.0011273812064927107	0.0011187050315601224	0.0011077191577787793	0.001094532972082471	0.0010792550378968186	0.001062025847581216	0.0010429795221827158	0.0010222758215883007	0.0010000624126179317	0.0009765064276932184	0.0009517578156515202	0.0009259806134502849	0.0008993177418263232	0.0008719220017014804	0.0008439225225596158	0.0008154553623544337	0.0007866316962026035	0.000757567809926312	0.0007283550433240414	0.0006990889262105406	0.0006698408597939424	0.0006406861405910399	0.0006116773626745583	0.0005828710952411201	0.0005543030040208248	0.0005260129799884341	0.0004980219992465495	0.00047035553451974513	0.0004430221924942448	0.00041603527127450897	0.0003893932291040737	0.000363099277789162	0.0003371437459409716	0.0003115216202173405	0.00028621687007554763	0.0002612178662225684	0.0002365037333071817	0.00021205758920455313	0.00018785498820049886	0.00016387493666205388	0.00014009048306856805	0.00011647747607127392	9.300735000934568e-05	6.965360097004031e-05	4.638680779727285e-05	2.317881097071669e-05	0.0	
0.0	2.3457687900262004e-05	4.694765702776124e-05	7.050266518661068e-05	9.415401921976348e-05	0.00011793444326800042	0.00014187374428532233	0.0001660040497036156	0.00019035307250422022	0.0002149516860091616	0.00023982480411795427	0.0002650012509376136	0.00029050228079129786	0.00031635369063204505	0.0003425720135510523	0.0003691788127753466	0.0003961845920403824	0.000423605202016665	0.00045144352167232236	0.0004797079020188224	0.0005083916853541074	0.0005374936083626455	0.0005669952420763129	0.000596883277991849	0.000627124992136118	0.0006576923455154506	0.0006885356022675072	0.0007196091907819557	0.0007508436395186601	0.0007821731679924133	0.0008135061439776394	0.000844754402624342	0.0008758024721808922	0.0009065386495489314	0.0009368232805783269	0.0009665216408795904	0.0009954715776794051	0.001023518239398271	0.001050481370350997	0.0010761918816169702	0.001100459018123473	0.0011231086502314878	0.0011439503944327147	0.001162817328817136	0.0011795329556280672	0.001193951832097965	0.0012059260604543325	0.0012153461401593403	0.0012221065333072264	0.0012261459660490638	0.00122741162227384	0.0012258982137750285	0.0012216105392303623	0.0012146009055872577	0.0012049301136011496	0.0011927031692550811	0.0011780291131621235	0.0011610552853720969	0.00114192667857259	0.0011208192040506127	0.001097899340112899	0.001073356852212089	0.0010473654294669262	0.0010201151745979644	0.0009917747356959303	0.0009625236792444697	0.0009325164123293189	0.0009019143593186913	0.0008708517931800548	0.0008394675983562453	0.0008078730164909258	0.0007761827065605848	0.0007444843590774152	0.0007128687490954651	0.00068140116740737	0.0006501501832323776	0.0006191608612047263	0.0005884819897215611	0.0005581410823454211	0.0005281698714416533	0.0004985811214912499	0.0004693922280204564	0.00044060389298987673	0.0004122217028417223	0.0003842367309915935	0.00035664499563273406	0.0003294300618651744	0.00030258030065794515	0.00027607356465873703	0.00024989218586858066	0.0002240097962272972	0.0001984040145230707	0.00017304547683016014	0.00014790817413707548	0.00012296074972549615	9.817445883635544e-05	7.351678093542801e-05	4.895698205528182e-05	2.446208016131845e-05	0.0	
0.0	2.467880898436985e-05	4.939361596987715e-05	7.417967663435648e-05	9.907326319816626e-05	0.00012410841254343523	0.0001493211677273774	0.00017474381795588956	0.00020041159368982403	0.00022635440927168765	0.0002526059718291755	0.0002791930464139467	0.00030614692812739745	0.00033349025852749204	0.00036125079989317825	0.00038944584069999127	0.0004180982011898595	0.0004472182754381352	0.000476822189152377	0.0005069115370883471	0.0005374936083626456	0.000568558891953622	0.0006001032833026516	0.0006321034490328442	0.0006645409331857888	0.0006973754971565658	0.0007305710567733884	0.0007640671468818999	0.0007978066435593625	0.0008317055461567434	0.0008656824728232979	0.0008996270053326441	0.0009334309881708541	0.0009669557379728834	0.0010000652184334598	0.0010325924645617447	0.0010643747313047833	0.0010952195023213986	0.0011249416946692754	0.0011533295845655035	0.0011801840649940977	0.0012052847002382173	0.0012284308574350138	0.0012494078885165179	0.001268029698477417	0.001284104777536533	0.0012974794833246082	0.0013080033884233545	0.0013155723436253039	0.0013200924824077298	0.0013215221131669158	0.0013198338300936638	0.0013150545154052072	0.001307225355892042	0.0012964396722732535	0.0012828011242133116	0.0012664595677607782	0.0012475681674316444	0.0012263178327993197	0.001202894189059092	0.0011775112520502678	0.001150369189166605	0.0011216877687929574	0.0010916656330754706	0.001060513800398007	0.001028416885676437	0.0009955666589687158	0.0009621253904117172	0.0009282592551993928	0.0008941038041736604	0.0008597968850054679	0.0008254461536887972	0.0007911611448021469	0.0007570227233580917	0.0007231139567849908	0.0006894914319687895	0.0006562146302379075	0.000623319076207191	0.0005908439738029347	0.0005588071953782082	0.0005272309895786068	0.0004961188528813361	0.0004654791637160579	0.00043530400148233993	0.0004055905950054797	0.000376322166786962	0.00034748710896543504	0.00031906193499042687	0.0002910281148751145	0.0002633572148642106	0.00023602533795962015	0.0002090005264359738	0.00018225476506975193	0.00015575371306818253	0.00012946623736979855	0.00010335653079592	7.739115205388494e-05	5.153357644586547e-05	2.574872832621106e-05	0.0	
0.0	2.5900164621123983e-05	5.1839656678395244e-05	7.785834936784795e-05	0.00010399460081520727	0.00013028839211196713	0.00015677665592585477	0.00018349898163316645	0.00021049033919235397	0.00023778931488023657	0.0002654282455068871	0.00029344393663727843	0.0003218652310355508	0.0003507261495401032	0.00038005092620083033	0.0004098695005549862	0.00044020006067042557	0.0004710668050671758	0.0005024800445154463	0.0005344561432562238	0.0005669952420763129	0.0006001032833026516	0.0006337674331205265	0.0006679800951890511	0.0007027121317867833	0.0007379387796170251	0.0007736108001462193	0.0008096822314428483	0.0008460796411090784	0.0008827316826413744	0.0009195366816329229	0.0009563940148786748	0.0009931703306492313	0.0010297328293164447	0.001065914493207564	0.0011015494057227153	0.0011364374264245254	0.0011703817157979557	0.0012031533044787367	0.0012345309549046499	0.0012642659982012982	0.0012921245204490328	0.0013178526408755104	0.001341220736513214	0.0013619890095976303	0.0013799530885376008	0.001394909345906679	0.0014067008405390835	0.0014151815410887798	0.0014202613697217464	0.0014218684317248687	0.001419992037407796	0.0014146423386251167	0.0014058906708963794	0.0013938265918241471	0.001378595548528249	0.0013603539757125402	0.001339304887945932	0.00131565216020994	0.001289634945256799	0.001261482375298723	0.001231447650495334	0.001199764195793243	0.0011666799604933694	0.0011324156908344043	0.0010971995943866925	0.0010612280128207234	0.0010247002794261076	0.000987781802264432	0.000950638743539524	0.0009134033795249924	0.0008762081554174012	0.0008391531522531652	0.0008023390844074213	0.0007658367336311417	0.0007297185167802701	0.0006940298050490472	0.0006588187644893771	0.0006241095388343561	0.0005899301357500694	0.0005562875011590419	0.0005231932816947038	0.000490640852878707	0.000458628831526698	0.00042714014022965873	0.0003961631744772879	0.00036567299445990835	0.000335650073524879	0.0003060637085609058	0.0002768882920742652	0.00024808902714249203	0.00021963567729714017	0.00019149066338154002	0.0001636202552911439	0.00013598511754745526	0.0001085489159309108	8.127136718784561e-05	5.411424241063107e-05	2.7036964657080517e-05	0.0	
0.0	2.7119785467860095e-05	5.4283119741766275e-05	8.15327851970878e-05	0.0001089127290849171	0.00013646458968898003	0.0001642323046498931	0.00019225593037028237	0.0002205788949362726	0.00024923912103733776	0.00027827887878918446	0.00030773323133290897	0.00033764243015861324	0.0003680377108454232	0.00039895616060972323	0.00043042389960604947	0.0004624733378413536	0.0004951237856066627	0.0005284010054124735	0.0005623153044202017	0.000596883277991849	0.0006321034490328443	0.0006679800951890511	0.0007044965172575822	0.0007416408450436655	0.000779377042928108	0.0008176726039759368	0.0008564674397767924	0.000895703403302689	0.0009352912668669311	0.0009751420656185143	0.001015132444805473	0.001055137888545335	0.001094996813076754	0.0011345458324737822	0.0011735830747850355	0.0012119057163367116	0.00124927307183419	0.001285446660897277	0.0013201536203899778	0.001353129491941334	0.0013840823623023006	0.0014127383196038924	0.0014388063996729188	0.001462026232094762	0.0014821333774246196	0.0014989081443642525	0.001512140377261348	0.0015216779645292277	0.0015273898153604325	0.0015292124537753225	0.0015271100451666284	0.001521117851852734	0.0015112987977047012	0.00149778337705597	0.0014807231654755445	0.0014603276940272768	0.0014368161299001918	0.0014104522559740514	0.001381495926180748	0.0013502374123506313	0.0013169501131118934	0.0012819252098500893	0.0012454266464522888	0.0012077265109889284	0.0011690627635371053	0.0011296752675148567	0.0010897663158258197	0.001049536908219295	0.0010091498846970777	0.0009687659031098469	0.0009285089135864636	0.0008885012880648162	0.0008488314012229045	0.0008095874381068542	0.0007708269267531511	0.0007326088505725483	0.0006949650646282179	0.000657930435204273	0.0006215161442196186	0.0005857376560136097	0.0005505899655469341	0.0005160732494215169	0.00048217014422729496	0.0004488689780889211	0.00041614317992243806	0.00038397201397514683	0.00035232222358846894	0.00032116620867990507	0.0002904660029322962	0.00026018884644562557	0.0002302935861309548	0.00020074360529757663	0.00017149572550539884	0.0001425104632485718	0.00011374349894784346	8.515323910881623e-05	5.669490532639352e-05	2.8325388870610413e-05	0.0	
0.0	2.8336136685227624e-05	5.671960864562384e-05	8.519837707843558e-05	0.00011381885654768048	0.00014262932362833774	0.00017167494114877596	0.00020100392190750254	0.00023065975511118964	0.00026069008480702636	0.0002911361530981126	0.00032204433948809596	0.00035345284371117675	0.0003854058181405845	0.0004179373205089146	0.000451087957173098	0.0004848861429373969	0.0005193671588548034	0.0005545517634816252	0.0005904675560634255	0.000627124992136118	0.0006645409331857887	0.0007027121317867833	0.0007416408450436655	0.0007813058739428273	0.0008216901244515112	0.0008627493175637872	0.0009044414048240434	0.0009466931162559804	0.0009894311833717308	0.0010325469687429245	0.0010759295254919032	0.0011194286590010946	0.0011628899584659787	0.001206116773796072	0.0012489074801188018	0.001291016989062141	0.0013321966160521536	0.0013721558346829297	0.0014106051430375112	0.0014472187315441355	0.0014816805965926633	0.0015136485322829012	0.0015428033349738101	0.0015688139951390205	0.0015913891742861462	0.0016102427372233462	0.001625145925613682	0.0016358916909336332	0.001642345476062631	0.0016444065698729446	0.001642055511812064	0.0016353111771316268	0.001624273668649858	0.0016090769768473626	0.0015899275146629911	0.0015670534880098644	0.0015407403650187991	0.0015112789414179876	0.0014789995240458147	0.0014442207787580465	0.0014072841690275068	0.001368505160844318	0.0013282087775307047	0.0012866839785987598	0.0012442204563266938	0.0012010663430161183	0.0011574658410092617	0.0011136200078378502	0.0010697245516850737	0.0010259332956543562	0.000982395432683491	0.0009392212962526644	0.0008965184585761197	0.0008543595437384222	0.0008128166894195754	0.0007719312634876048	0.0007317463423550125	0.0006922782983840434	0.0006535470549853983	0.0006155495878905243	0.0005782877939409352	0.0005417439953583367	0.0005059063101395288	0.0004707462711532885	0.0004362416181119523	0.0004023561497226389	0.00036905987693937586	0.0003363112224776665	0.0003040744875710341	0.00027230450329727973	0.0002409613718954313	0.00020999766146015563	0.000179370390244813	0.00014903084215712057	0.00011893376967757034	8.902989327836797e-05	5.927230631425151e-05	2.961170755844792e-05	0.0	
0.0	2.9546788986775894e-05	5.914563607114593e-05	8.884782639259755e-05	0.0001187059827414684	0.00014877039864872547	0.0001790940102938719	0.0002097258360671289	0.00024071877459284986	0.0002721201608630122	0.00030398234127095714	0.00033635036488859375	0.0003692752715159679	0.0004027989439207524	0.00043697002916490304	0.00047182598374013963	0.0005074115321309958	0.0005437579421285117	0.000580903908398099	0.0006188721007057172	0.0006576923455154506	0.0006973754971565658	0.0007379387796170251	0.0007793770429281082	0.0008216901244515113	0.0008648515750508016	0.0009088379106597239	0.0009535949327234875	0.000999068775614949	0.0010451700133372248	0.0010918064771856947	0.0011388454464787928	0.0011861483232656215	0.001233531355337112	0.001280802411762987	0.0013277208738483493	0.0013740369364639614	0.0014194514894795688	0.0014636585165090769	0.0015063058923557283	0.0015470414542504939	0.0015854755291199382	0.0016212309690660546	0.0016539077566404617	0.0016831366173649894	0.0017085451864714473	0.0017298137920738334	0.0017466415916799326	0.0017588021000697995	0.001766106900014799	0.0017684580461800013	0.0017658070084413159	0.0017582016969801128	0.0017457394586760074	0.001728608064713787	0.0017070334186379198	0.0016813156862522862	0.0016517739697228442	0.0016187799219888033	0.001582702254800891	0.0015439402341669906	0.001502870447129769	0.0014598817712454808	0.0014153258050060894	0.0013695538295391378	0.0013228712880542217	0.001275576393564396	0.0012279183634580108	0.001180136861745663	0.0011324234112066959	0.0010849607472650032	0.0010378868333043474	0.000991333306595714	0.0009453916687326316	0.0009001501912059074	0.0008556620338027322	0.0008119801651351391	0.0007691273185577846	0.0007271286337299536	0.00068598347175273	0.0006456955898983816	0.0006062469062620868	0.0005676250875706259	0.0005297993882080091	0.0004927455711906818	0.00045642395772680164	0.00042080162399295285	0.0003858327943580562	0.00035147826909640327	0.00031768828342277093	0.0002844191288224561	0.0002516185852157216	0.00021923970429497448	0.00018722890590967988	0.00015553689741982637	0.00012410950911322742	9.289572999283363e-05	6.1841341388065e-05	3.0894057168157347e-05	0.0	
0.0	3.0749792652859866e-05	6.155587554764012e-05	9.247525826222518e-05	0.00012356341013523592	0.00015487794213606528	0.00018647336366457378	0.00021840769767634318	0.0002507342595061213	0.00028351116183665623	0.00031679013014514255	0.0003506288387073312	0.00038507678466899974	0.00042019037958329934	0.0004560159098639621	0.000492607290411464	0.0005300061433590618	0.0005682621014351234	0.0006074100398671797	0.0006474927980384376	0.0006885356022675072	0.0007305710567733882	0.0007736108001462193	0.0008176726039759367	0.000862749317563787	0.000908837910659724	0.0009559057867697722	0.0010039216246896046	0.0010528191920240182	0.0011025298921443463	0.0011529443015861796	0.0012039464313468055	0.0012553733613004498	0.0013070513921599964	0.0013587543667119332	0.0014102421219545562	0.0014612183566937418	0.0015113720568440871	0.0015603360273617611	0.0016077321573247287	0.001653131840594645	0.0016961058900495072	0.0017361878127599355	0.00177292864998589	0.0018058632474262648	0.0018345691604358804	0.0018586346721135398	0.0018777193592872561	0.0018915210957888284	0.0018998346014804674	0.0019025138902948318	0.0018995250502951734	0.0018909013618214473	0.001876788154764782	0.001857390097270731	0.0018330086298598103	0.0018039835782272618	0.0017707259393143198	0.0017336575695709754	0.0016932428642053737	0.001649930197635809	0.001604185259734982	0.0015564366515671002	0.0015071121273812851	0.0014565892044707883	0.001405234172225774	0.0013533574374519606	0.0013012543369102624	0.0012491644063338523	0.0011973127746121618	0.0011458724871751032	0.001095005366723267	0.001044826714960919	0.0009954447835291756	0.0009469274412391012	0.0008993396689138874	0.0008527120121708124	0.0008070757308417239	0.0007624330244861488	0.0007187896168227614	0.000676126843188157	0.000634431542742183	0.0005936701487916378	0.0005538158130646389	0.0005148246578494162	0.0004766600827015996	0.00043927133525453705	0.00040261496271572217	0.0003666358453951222	0.0003312857607007693	0.00029650700577595496	0.0002622480448160269	0.00022844982805099456	0.0001950584964300344	0.00016201448527008874	0.00012926226480030706	9.674229891761499e-05	6.439780616393351e-05	3.216962748616537e-05	0.0	
0.0	3.194225870248099e-05	6.394600564184584e-05	9.607196964393194e-05	0.00012838241874622803	0.00016093733267278558	0.00019379973673366513	0.00022702880733677309	0.0002606882043105259	0.0002948361202690973	0.0003295365589225638	0.0003648463470080188	0.0004008292889465016	0.0004375401659246248	0.00047504167827133915	0.0005133854598922952	0.0005526316988978207	0.0005928271968977935	0.0006340275359332855	0.0006762722115338661	0.0007196091907819555	0.0007640671468818998	0.0008096822314428483	0.0008564674397767924	0.0009044414048240432	0.0009535949327234875	0.0010039216246896044	0.0010553816525575206	0.0011079340424260601	0.0011614978272171301	0.0012159859029007188	0.0012712638235791638	0.0013271852938297347	0.0013835490878209185	0.0014401364930941775	0.001496667153742022	0.0015528391312217035	0.001608284866680521	0.0016626149101071925	0.0017153755555422202	0.001766097536835195	0.001814256969689991	0.0018593301145399595	0.0019007587117735626	0.0019380109208541095	0.0019705506818685054	0.001997903043695512	0.0020196249884205084	0.0020353710890196105	0.0020448612302247987	0.0020479411810663643	0.0020445423107245623	0.002034732583815549	0.0020186655878016947	0.001996620743799926	0.0019689428526684714	0.0019360742050353007	0.0018984891377000633	0.0018567229449885261	0.001811306859280085	0.0017627983311159778	0.0017117204921697842	0.0016585963689453279	0.0016038946138071533	0.0015480680208663175	0.0014915054140070688	0.0014345733807120792	0.001377573214285207	0.0013207842341129614	0.0012644244811843776	0.0012086940738389102	0.0011537386023143898	0.0010996913280164984	0.0010466386082177103	0.000994660142262069	0.0009437961075013831	0.0008940849746842045	0.0008455322877087805	0.000798145786743558	0.0007519059168205793	0.0007067981259969282	0.00066278526455776	0.0006198369931457945	0.0005779042616153383	0.0005369457924877078	0.0004969048271752031	0.00045773266071049475	0.0004193678272211488	0.00038175666360871943	0.00034483508427103247	0.00030854615051451983	0.0002728245612019509	0.00023761120434351293	0.00020284046782674084	0.00016845175122256562	0.00013437967993787663	0.00010056255920659516	6.693555612935151e-05	3.3436084057959205e-05	0.0	
0.0	3.3121829616424234e-05	6.630978868738687e-05	9.963083454811218e-05	0.00013315043324126725	0.0001669365187222768	0.00020105402315774093	0.00023557193788464165	0.0002705547002883344	0.00030607231146253394	0.0003421885954599958	0.00037897431128745395	0.00041649230675869166	0.0004548135430114086	0.0004939991689366653	0.0005341193544597522	0.0005752323121234025	0.0006174058106413186	0.0006606931674159033	0.0007051572864121426	0.0007508436395186598	0.0007978066435593623	0.0008460796411090783	0.000895703403302689	0.0009466931162559804	0.000999068775614949	0.0010528191920240182	0.0011079340424260601	0.001164364943448862	0.0012220589646799087	0.0012809169092249774	0.0013408282082601954	0.0014016267314459774	0.0014631272120968636	0.001525079229296845	0.0015872056966632938	0.0016491561362626365	0.001710548297253027	0.001770922430299192	0.00182978767088986	0.0018865795192699337	0.0019407129173792785	0.0019915451191131407	0.0020384368852700506	0.002080721817007944	0.002117775259239518	0.002148988625055381	0.0021738424646412084	0.002191880914816639	0.002202782219217031	0.0022063261142046334	0.002202454222873372	0.002191224245770779	0.0021728557441139384	0.0021476698183455563	0.00211612159762124	0.0020787298905119286	0.00203610251279042	0.0019888634870398464	0.0019376783983304955	0.0018831858559296823	0.0018260277439459435	0.0017667884866278277	0.0017060316678038949	0.0016442475075226707	0.001581894779389281	0.0015193550719844887	0.0014569778216171792	0.0013950394270444717	0.0013337891953060798	0.0012734116720702553	0.00121407179488055	0.0011558793696266846	0.001098932314469454	0.0010432827459193308	0.0009889776752828794	0.0009360265511572597	0.0008844390897178177	0.0008341943501803065	0.0007852755639805977	0.0007376409335588963	0.0006912554161560064	0.0006460634762323114	0.0006020178153134549	0.0005590543071939234	0.0005171176728268537	0.00047613880654253754	0.00043605739077992443	0.00039680179322375676	0.00035830860913847577	0.0003205052799689875	0.00028332654542974963	0.0002466999065746146	0.00021055896727362547	0.00017483184000776982	0.00013945135727123228	0.00010434649646529754	6.944944585375064e-05	3.469010564899147e-05	0.0	
0.0	3.428517740350542e-05	6.86421035785564e-05	0.0001031418033998006	0.00013785707449921704	0.00017285853452654048	0.00020822031665940582	0.00024401289138299278	0.0002803119240117355	0.0003171878840588636	0.0003547180108446689	0.0003929727309047641	0.0004320306583693078	0.00047196184533142917	0.0005128457214213625	0.0005547512028870481	0.0005977574499686827	0.0006419308568285686	0.0006873484752944125	0.0007340718990893592	0.0007821731679924132	0.0008317055461567431	0.0008827316826413741	0.0009352912668669309	0.0009894311833717304	0.0010451700133372246	0.0011025298921443463	0.00116149782721713	0.0012220589646799087	0.0012841547352653304	0.001347717293993898	0.00141262462969757	0.0014787361113747762	0.001545844964724642	0.001613715209654025	0.0016820323896144028	0.0017504427786296404	0.001818503983053852	0.0018857281213168695	0.0019515348096439393	0.002015300860535964	0.002076318841505243	0.002133856136356304	0.0021871219710344306	0.0022353375255104533	0.0022777121097118124	0.002313522634670931	0.0023420951980369373	0.0023628871390653735	0.0023754652776973753	0.0023795797999303604	0.0023751285200661275	0.0023622129131153757	0.0023410821061970915	0.0023121685389716467	0.002276014203083874	0.00223329222492235	0.0021847250359478126	0.002131102508848877	0.0020732028113195754	0.002011815852685646	0.0019476735952687497	0.0018814825534315563	0.0018138652522005174	0.0017454010975866989	0.001676577292617085	0.001607835187035072	0.0015395278042568462	0.001471968483964294	0.0014053924711892936	0.001340005343182702	0.0012759469542970522	0.0012133380307855052	0.0011522455896408597	0.0010927268191414478	0.0010347956833688938	0.0009784636890401179	0.0009237077379370883	0.0008705076487208953	0.0008188154889428521	0.0007685898446420592	0.0007197669209519893	0.0006722915940689663	0.0006260905669392817	0.0005811002397791577	0.0005372421778221885	0.0004944478227219004	0.0004526364910407681	0.00041173693238871946	0.00037166803907980387	0.00033235724345709387	0.0002937240845070136	0.0002556954284015221	0.0002181920077630212	0.00018114044612456146	0.00014446285973184777	0.00010808566777277237	7.193232444852348e-05	3.5928901676037483e-05	0.0	
0.0	3.5429566118662395e-05	7.093586538945972e-05	0.00010659658362019329	0.00014248800982025596	0.00017868927763184202	0.00021527671325643452	0.00025233133768293224	0.000289929922376303	0.00032815570773213283	0.0003670861855092411	0.00040680697002059977	0.0004473963319804522	0.0004889421370394303	0.0005315231575903931	0.0005752289674273405	0.0006201380549293612	0.000666340531671115	0.0007139130609055643	0.0007629442005969342	0.0008135061439776392	0.0008656824728232977	0.0009195366816329227	0.0009751420656185139	0.0010325469687429243	0.0010918064771856945	0.0011529443015861796	0.0012159859029007185	0.0012809169092249774	0.0013477172939938978	0.0014163162755280504	0.001486627248874245	0.001558499289043458	0.0016317527923940926	0.001706128104535701	0.0017813223706122953	0.0018569365552327792	0.0019325149377490327	0.0020074929433606236	0.002081242017943032	0.002153022063627404	0.002222035681074721	0.0022873898962809795	0.0023481639184985185	0.0024033838771412987	0.0024521057195723136	0.002493402326334461	0.002526456976336188	0.00255055462760355	0.0025651734142423843	0.0025699650898505207	0.002564828210161201	0.0025498635002505353	0.002525418459881432	0.002492014256917591	0.002450365153040143	0.0024012871860302158	0.0023457066552083376	0.002284566937960698	0.002218841038647226	0.002149449073873883	0.0020772830989550352	0.0020031398328846303	0.0019277583958002857	0.0018517666475287736	0.0017757281192356837	0.001700097815054116	0.0016252736536063787	0.0015515577421537166	0.0014792085374958112	0.0014084048550526305	0.001339296333160508	0.0012719687376013923	0.0012064914654498285	0.0011428836419580478	0.0010811581468317677	0.0010212885435048006	0.0009632495110523722	0.0009069849001786473	0.0008524446271098174	0.0007995542316678855	0.0007482483375538702	0.0006984420806414048	0.0006500612303708759	0.0006030158122970935	0.0005572269557004218	0.0005126029804865212	0.0004690630050681892	0.0004265157161752148	0.00038487974609080386	0.00034406529912487413	0.00030399129040065403	0.00026456996528382236	0.0002257207826833502	0.0001873581327361059	0.00014940194475331309	0.00011176858267377375	7.437815999991232e-05	3.714867078313916e-05	0.0	
0.0	3.655127378051326e-05	7.318523643420988e-05	0.00010998391129448282	0.00014703136119642408	0.00018440964780224166	0.0002222048886343013	0.00026049984886202757	0.0002993833157966206	0.00033893934072650817	0.00037925987818407544	0.00042043070266264894	0.0004625472389338687	0.000505697182029938	0.0005499794199359243	0.0005954833836950869	0.0006423109334096056	0.0006905524568623694	0.0007403115519405779	0.0007916778744718046	0.0008447544026243417	0.0008996270053326437	0.0009563940148786745	0.0010151324448054726	0.0010759295254919028	0.0011388454464787928	0.0012039464313468055	0.0012712638235791638	0.0013408282082601954	0.0014126246296975698	0.0014866272488742445	0.001562750533590349	0.0016408840539055933	0.0017208397310562009	0.0018023867594164703	0.0018851956117229467	0.0019688739338389887	0.0020529091875215073	0.002136707873924437	0.0022195405469245576	0.002300588805732206	0.0023788985628236206	0.002453441104769312	0.002523081583814744	0.0025866600780924936	0.002642979734811416	0.0026909083781129885	0.0027293822245033194	0.0027575173276934923	0.0027746121492088355	0.0027802465115781237	0.002774258837904505	0.0027568099521004426	0.0027283193034610517	0.0026894876460992105	0.002641198216244513	0.0025845139751264224	0.0025205663997686254	0.0024505514762340197	0.0023756284316067745	0.0022969311957696686	0.0022154877838845054	0.002132251307574925	0.00204803945789279	0.0019635806398507	0.0018794676225594427	0.0017962118303626615	0.0017142048584964363	0.0016337750394544324	0.0015551523808815019	0.0014785236772003494	0.0014039985105121441	0.0013316610296577442	0.0012615361641904021	0.0011936373770963789	0.0011279330993129708	0.0010643903739455916	0.001002941904763537	0.0009435257555672636	0.0008860535190826303	0.0008304462879760476	0.000776604431685623	0.0007244400249727001	0.0006738486511597517	0.0006247384185839724	0.0005770041299569306	0.0005305529633761768	0.0004852812759061401	0.0004410969835816428	0.00039789920777046496	0.00035559735952861394	0.0003140937895971995	0.0002732995650243862	0.00023312024573665711	0.00019346833314252447	0.00015425226580424348	0.0001153855185092815	7.677888468547015e-05	3.834620833389048e-05	0.0	
0.0	3.7647241170307765e-05	7.538240077443807e-05	0.00011329449079770501	0.00015147126698364163	0.00019000375697299753	0.00022898047180569374	0.0002684953446663271	0.0003086385197536818	0.0003495076604057635	0.00039119534039208675	0.0004338036603563499	0.0004774282722286513	0.0005221762194766371	0.000568146626228144	0.0006154516481503892	0.0006641938519459011	0.0007144901274258823	0.0007664457674040091	0.0008201811444667772	0.0008758024721808919	0.000933430988170854	0.0009931703306492313	0.0010551378885453348	0.0011194286590010941	0.0011861483232656215	0.0012553733613004498	0.0013271852938297342	0.0014016267314459774	0.0014787361113747757	0.001558499289043458	0.001640884053905593	0.0017257869230180181	0.0018130668755609574	0.0019024873622854425	0.0019937492928401605	0.0020864292317396903	0.002180013056262288	0.002273833237210995	0.002367107078402898	0.002458879035507447	0.002548070866302414	0.0026334383568197566	0.0027136434278440522	0.0027872356805743468	0.002852754598203283	0.0029087401743281634	0.0029538619941896155	0.0029869466868493897	0.003007110618870931	0.0030137720053915427	0.0030067495378588932	0.0029862237651493767	0.002952775683718965	0.002907288189108279	0.002850933828250039	0.002785042292665559	0.0027110727222785496	0.0026304849179331177	0.0025447283625044627	0.0024551404187831485	0.0023629643281961824	0.0022692776078924075	0.002175034765579417	0.0020810177549769556	0.0019878929967009585	0.0018961738442120246	0.0018062825440489651	0.0017185173803053743	0.0016331136238445566	0.0015502114411064375	0.0014699129373206114	0.0013922494083271923	0.0013172335107867338	0.0012448258189886635	0.0011749821121921457	0.0011076197925214096	0.0010426606342204127	0.000979997773690454	0.0009195343173412627	0.0008611515702948307	0.000804743830387376	0.0007501884099336225	0.0006973768449655708	0.0006461871458489504	0.000596511561613974	0.000548231392933884	0.0005012413832900784	0.00045542734673265973	0.0004106872109582853	0.00036691165019182555	0.00032400177638285767	0.000281852920340308	0.0002403689518545982	0.00019944931587736466	0.0001589999567052775	0.00011892368731657135	7.912769394228854e-05	3.9517293321782534e-05	0.0	
0.0	3.8713424548287374e-05	7.752094186016034e-05	0.00011651605978692047	0.00015579462397149015	0.00019545072683107298	0.0002355831248457418	0.0002762876557546643	0.0003176671210858134	0.00035982023662296526	0.00040285493233236546	0.0004468738690755179	0.0004919910865099051	0.0005383141228274607	0.0005859639150274714	0.0006350535561167497	0.0006857113189722393	0.0007380560738787049	0.0007922232634113052	0.0008483369779655784	0.000906538649548931	0.0009669557379728832	0.0010297328293164443	0.0010949968130767535	0.001162889958465978	0.0012335313553371117	0.001307051392159996	0.0013835490878209178	0.0014631272120968636	0.0015458449647246417	0.0016317527923940926	0.0017208397310562009	0.001813066875560957	0.0019083087363221903	0.002006384525346066	0.0021069933969975556	0.00220974364447044	0.0023140832306010597	0.00241932927737862	0.0025245985236841953	0.002628843723693166	0.002730793851396912	0.002829009758194943	0.00292184942987141	0.003007559063200707	0.0030842788117748116	0.0031501794418515167	0.0032035096298048114	0.003242764558969018	0.003266744179062996	0.0032747059127125667	0.0032663756903456914	0.0032420267888667903	0.0032024010186904204	0.0031486976044981766	0.0030824206143485224	0.0030053205061445166	0.0029192257757869084	0.0028259953565770747	0.0027273823167452936	0.0026250277025822435	0.0025203699221798205	0.0024146789710810255	0.00230900134017524	0.0022042191894442965	0.002101014617945462	0.001999938482359437	0.0019013816761134133	0.0018056437756463037	0.0017129047097711493	0.0016232885999365176	0.0015368334337913854	0.0014535486970259812	0.0013733829532720046	0.001296275401665302	0.0012221221951533331	0.001150822576892656	0.0010822449763037622	0.00101626841289177	0.0009527493111568878	0.0008915587203102882	0.0008325506020301273	0.0007755952441333971	0.0007205495918398261	0.0006672870880156734	0.000615670469011955	0.0005655781568720082	0.0005168798279537735	0.0004694594103578188	0.00042319365119102427	0.0003779717277123041	0.0003336769793628559	0.00029020311612376604	0.0002474392375051685	0.00020528261027050296	0.00016362706331097746	0.00012237230478765135	8.141575563643644e-05	4.065838027075483e-05	0.0	
0.0	3.97465244668358e-05	7.959248569732273e-05	0.00011963856929096609	0.0001599843884057924	0.0002007333010052722	0.00024198653076605765	0.0002838515355474731	0.00032643259514377387	0.0003698426965814872	0.0004141906235368113	0.0004595963044553967	0.0005061744453393599	0.0005540532633742562	0.0006033547065880594	0.0006542164664771634	0.0007067688218602544	0.000761159785413156	0.0008175285903894477	0.0008760337725638181	0.0009368232805783266	0.0010000652184334595	0.0010659144932075638	0.0011345458324737818	0.0012061167737960714	0.0012808024117629865	0.0013587543667119327	0.0014401364930941773	0.0015250792292968445	0.0016137152096540243	0.0017061281045357007	0.0018023867594164703	0.001902487362285442	0.002006384525346066	0.0021139255979730274	0.0022248773718781074	0.0023388521258330313	0.002455330119086475	0.0025735794893248735	0.0026926785939932097	0.0028114374736112934	0.002928431516156924	0.0030419412634216762	0.003150018726081185	0.00325047116000834	0.0033409861435087706	0.003419181456598767	0.0034827985104741344	0.0035298073523305517	0.0035586285780099523	0.003568223732066481	0.0035582530407788082	0.0035290554804825198	0.0034816686793370886	0.003417671266416917	0.003339092329822207	0.003248189697786036	0.0031473446806240643	0.0030388689458803776	0.0029249542753603712	0.0028075479021492803	0.0026883682615256328	0.0025688391981326724	0.002450149579562091	0.002333220260123665	0.0022187819323931084	0.002107353517459743	0.001999321479372064	0.0018949181637980686	0.0017942948662641425	0.0016974960562660996	0.0016045240812259675	0.0015153091075668537	0.0014297658779351572	0.0013477606843214705	0.001269161364443362	0.0011938028868874386	0.001121531754057835	0.0010521715711218549	0.0009855627511339924	0.000921529120324641	0.0008599135286095538	0.0008005462540385795	0.0007432768865981937	0.0006879450713558424	0.000634408866770188	0.000582518206094969	0.0005321398223052476	0.00048313369630250807	0.0004353745737718242	0.00038873159213584694	0.00034308637694623387	0.00029831598592454346	0.0002543075540311044	0.00021094465419368497	0.00016811845420901738	0.00012571756447265478	8.363567187708059e-05	4.176492153832849e-05	0.0	
0.0	4.0742276018074455e-05	8.159023171933958e-05	0.00012264906237304877	0.0001640266255752358	0.00020582933576841628	0.00024816893733261425	0.0002911548018379296	0.00033490430657100997	0.00037953157049971323	0.0004251613995454817	0.00047191450707915377	0.0005199249668247035	0.000569321969744371	0.0006202507005936844	0.0006728506828304993	0.0007272799624862549	0.0007836900822048903	0.0008422534112155482	0.0009031347622502058	0.0009665216408795901	0.0010325924645617443	0.0011015494057227148	0.0011735830747850351	0.0012489074801188013	0.0013277208738483488	0.001410242121954556	0.001496667153742022	0.0015872056966632936	0.0016820323896144026	0.0017813223706122947	0.001885195611722946	0.00199374929284016	0.002106993396997555	0.002224877371878107	0.0023472148642945455	0.002473702478503135	0.0026038326746595005	0.002736904851213623	0.0028719297442243883	0.0030076399089298987	0.003142398980784309	0.003274232087492741	0.00340076972807566	0.003519335985166775	0.0036269709067422865	0.0037206184378183933	0.003797256092989912	0.00385418122894946	0.003889201111556612	0.0039009154678399	0.003888818909372379	0.0038534159952761963	0.003796106195720409	0.003719081381181178	0.0036250434106681957	0.003517013863726262	0.0033980480212873754	0.0032711048793796307	0.0031388595829190628	0.003003680618583188	0.0028675420786567754	0.002732079246535569	0.0025985587695905197	0.00246796875469927	0.0023410089780019116	0.0022181857366063464	0.0020998015611947314	0.0019860414658970003	0.0018769550854872835	0.0017725309897948793	0.001672671014641301	0.001577253619615535	0.001486102599710458	0.0013990416116778158	0.0013158597603830009	0.0012363592593375764	0.0011603199538013308	0.0010875415623676815	0.001017808643601088	0.0009509283634970278	0.0008866969456602888	0.0008249335290346525	0.0007654488025899083	0.0007080752600647567	0.0006526384899748796	0.0005989839713015479	0.0005469513380848034	0.0004963977628015403	0.00044717541565600957	0.0003991514280845266	0.00035218870108474703	0.000306162414095027	0.00026094429160715237	0.00021641561229149308	0.0001724550106061368	0.00012894794096198335	8.577806605592758e-05	4.2833137070673356e-05	0.0	
0.0	4.1697250493997395e-05	8.350547774815447e-05	0.0001255370733580381	0.00016790357670404504	0.00021072077955484127	0.00025410279966929354	0.0002981708676961145	0.000343043777778259	0.0003888503330146372	0.00043571622185067374	0.0004837800805449255	0.0005331768541239557	0.0005840574136037964	0.0006365684659505383	0.0006908756378689302	0.0007471399972775392	0.0008055444801422947	0.0008662670708864068	0.0009295103968978435	0.000995471577679405	0.0010643747313047829	0.0011364374264245247	0.0012119057163367114	0.0012910169890621406	0.001374036936463961	0.0014612183566937416	0.0015528391312217033	0.0016491561362626365	0.00175044277862964	0.0018569365552327786	0.0019688739338389882	0.00208642923173969	0.0022097436444704394	0.002338852125833031	0.0024737024785031346	0.002614066416865286	0.002759544903574826	0.0029094612879565843	0.003062853106896698	0.0032183527754512027	0.003374178565668553	0.0035280270352375607	0.003677101310772515	0.0038180701981179407	0.0039472030925468155	0.004060472255181477	0.004153859451062778	0.004223628052436956	0.0042667551099657116	0.004281229033114939	0.004266366622370285	0.004222850245354957	0.004152690629761466	0.004058909915770358	0.003945243829206059	0.0038157098101762287	0.003674334648352295	0.0035248481591461174	0.0033705805318522204	0.0032143278468255952	0.003058392477149319	0.0029045553441451877	0.0027541828899553204	0.0026082367467849346	0.0024673923390550107	0.002332047837261291	0.002202430206560137	0.0020785907286322977	0.0019604930231530283	0.0018479949158562072	0.0017409205436277047	0.0016390323808660354	0.001542091250607877	0.0014498225910213717	0.001361967694606083	0.0012782474071430655	0.0011984069284423572	0.0011221791526704532	0.00104932449644218	0.0009795953242544304	0.0009127716525004111	0.0008486275814416664	0.0007869633263018084	0.0007275742423019638	0.0006702793933237383	0.0006148935479816652	0.0005612523576576259	0.0005091875726703804	0.00045854882597794124	0.00040918223786117256	0.0003609487641282101	0.0003137063056099512	0.00026732456473388915	0.00022167074054731424	0.00017662083569112502	0.0001320489915126827	8.783519321274255e-05	4.3858278747749606e-05	0.0	
0.0	4.260708949544438e-05	8.533128880521263e-05	0.00012828933923601395	0.00017160098575792152	0.0002153848888850664	0.0002597657435268813	0.00030486650724164196	0.00035081925654350014	0.00039775378199517937	0.0004458121570166546	0.000495133763654962	0.0005458735318862138	0.0005981834708764882	0.0006522345167695572	0.0007081946504935602	0.0007662542660605415	0.0008266009532775085	0.0008894482611485761	0.000955007204720297	0.0010235182393982707	0.0010952195023213982	0.0011703817157979555	0.00124927307183419	0.001332196616052153	0.0014194514894795684	0.0015113720568440867	0.0016082848666805207	0.001710548297253027	0.0018185039830538518	0.001932514937749032	0.0020529091875215065	0.0021800130562622875	0.002314083230601059	0.0024553301190864745	0.0026038326746595005	0.002759544903574826	0.002922186470792015	0.0030912254070655063	0.0032657400446216437	0.003444377874505318	0.0036251982096203597	0.0038056309378911067	0.003982345866082674	0.004151285340872706	0.004307666278716609	0.004446217653691878	0.004561449320874504	0.004648185102556593	0.004702080649917308	0.004720258842255069	0.00470168628048521	0.004647395501222979	0.004560262789891842	0.004444631597198203	0.004305677284160497	0.004148889053497886	0.003979537124139168	0.0038024035847523396	0.003621545282032322	0.00344029135279609	0.0032612110929361505	0.003086244062266552	0.0029167419333185314	0.0027536251657599873	0.0025974248605331327	0.0024484200529457634	0.002306655823750387	0.002172051816760936	0.0020443966515134087	0.0019234321213746114	0.0018088308556639251	0.0017002631765024696	0.001597364930539811	0.0014997926828836739	0.0014071868021829173	0.0013192187712429979	0.0012355528353485152	0.0011558876938914144	0.0010799187472645745	0.0010073754265160556	0.0009379852599227424	0.0008715074849829846	0.0008076996647811411	0.0007463478738315706	0.0006872363065334014	0.0006301741340791422	0.0005749683801228408	0.0005214474443802834	0.0004694374227029803	0.00041878224430558984	0.00036932355434417306	0.0003209173926799124	0.00027341771931836223	0.00022668955998123908	0.0001805962285007617	0.00013500887072848868	8.979741769812993e-05	4.483647035662495e-05	0.0	
0.0	4.3468371262577835e-05	8.705891602230108e-05	0.00013089539358354524	0.00017510095658842146	0.00021980353480427852	0.00026512989945578054	0.0003112148499074752	0.0003581915857239468	0.00040620468686028714	0.0004553968603487939	0.0005059256904043028	0.0005579468420037339	0.0006116345423039511	0.0006671613367240917	0.0007247222454099585	0.0007845111760222882	0.0008467486750148735	0.0009116550999822747	0.000979481848215852	0.0010504813703509966	0.0011249416946692752	0.0012031533044787363	0.0012854466608972766	0.001372155834682929	0.0014636585165090765	0.0015603360273617603	0.001662614910107192	0.0017709224302991915	0.001885728121316869	0.002007492943360623	0.002136707873924437	0.002273833237210995	0.00241932927737862	0.002573579489324873	0.002736904851213623	0.0029094612879565843	0.003091225407065506	0.003281853055559363	0.003480623321166714	0.0036862486979832958	0.0038967762503629407	0.004109366300419175	0.004320197251813452	0.004524305015365281	0.00471564255911245	0.004887194666600503	0.005031447369748147	0.005141007771397197	0.00520956436564741	0.0052327901596104405	0.005209164512621428	0.005140207202570302	0.005030244327697596	0.004885586554210141	0.004713625844031865	0.004521875339612702	0.004317349272798804	0.0041060938545820595	0.0038930721311406327	0.003682104872559565	0.0034760306459067935	0.003276801544629249	0.003085703885984982	0.0029034577125249764	0.002730405899945051	0.002566570930782405	0.002411795502348342	0.00226575767219871	0.002128072453991516	0.001998278569171464	0.0018759140735934402	0.0017604868674179798	0.0016515342251232446	0.0015485853827339193	0.0014512111445889114	0.0013589836056879957	0.0012715193276443672	0.0011884390992156343	0.0011094065186414163	0.0010340894145288142	0.000962194728002133	0.0008934324942170813	0.0008275474057365057	0.0007642858593727341	0.0007034243158292499	0.0006447397024884473	0.0005880345528290706	0.0005331109396904956	0.00047979231881128417	0.0004279011027535721	0.00037727711188644344	0.00032775886149714303	0.0002791985222286744	0.00023144696857739614	0.00018436515936024362	0.00013781297776388962	9.165695566583932e-05	4.5762920008018566e-05	0.0	
0.0	4.427679444232323e-05	8.868158599970159e-05	0.0001333421280670965	0.00017838952223463085	0.00022395417289028746	0.0002701732336711148	0.00031718281077786005	0.00036512926922006996	0.00041415775290789257	0.0004644273436543924	0.0005160959847500859	0.0005693394744454126	0.0006243328986997676	0.0006812734298856	0.0007403583923838504	0.0008018118246661079	0.0008658593154957648	0.000932758269293956	0.0010027696548830269	0.0010761918816169697	0.0011533295845655032	0.0012345309549046495	0.0013201536203899776	0.0014106051430375108	0.0015063058923557278	0.001607732157324728	0.0017153755555422198	0.0018297876708898598	0.0019515348096439393	0.002081242017943032	0.0022195405469245576	0.002367107078402898	0.0025245985236841953	0.0026926785939932097	0.002871929744224388	0.0030628531068966976	0.0032657400446216437	0.0034806233211667143	0.00370708312386211	0.003944123076130315	0.004189889975465044	0.0044414701716546075	0.004694555118289882	0.004943254524062699	0.005179904796963303	0.005395226510479045	0.0055787334585703716	0.00571974228303714	0.005808733658587095	0.00583906910986815	0.005808328743688828	0.005718931561487612	0.00557751517463866	0.005393597979907129	0.005177862490134704	0.0049407939370572996	0.004691670910975604	0.0044381559746490985	0.004186138582363005	0.003939926186817632	0.0037024315897697634	0.0034755068255147544	0.003260147399261601	0.0030567718701795758	0.0028653465676542933	0.002685578778510426	0.0025169664139998043	0.0023589255585594587	0.002210791479810299	0.0020719056810321484	0.0019415903767938773	0.001819212589162806	0.001704146065962914	0.0015958226136347916	0.0014936893169431348	0.0013972524883641279	0.0013060343557856572	0.0012196122712210297	0.0011375770069426531	0.0010595684176347739	0.000985236427737243	0.0009142736093172574	0.0008463794073983483	0.0007812897417524812	0.000718744750589201	0.0006585153632846514	0.0006003747119634941	0.0005441215572776887	0.0004895554530481448	0.00043649688925773324	0.00038476626210386664	0.00033420060257170086	0.0002846363855888121	0.00023592272657891475	0.00018790805038633576	0.00014044965604694744	9.340425468858382e-05	4.663382149250359e-05	0.0	
0.0	4.502909987300607e-05	9.019082466112398e-05	0.00013561955336666766	0.0001814493141092804	0.00022781943034176264	0.00027486860603767593	0.0003227444832869371	0.000371593985277227	0.00042157679313813395	0.00047285203506795527	0.0005255956814953606	0.0005799836917069992	0.0006362133202244607	0.0006944828573598922	0.0007550168358147441	0.0008180425278529396	0.0008838190381196644	0.0009526107450788572	0.0010247202600687539	0.0011004590181234726	0.001180184064994097	0.0012642659982012978	0.001353129491941334	0.0014472187315441355	0.0015470414542504934	0.0016531318405946448	0.0017660975368351942	0.001886579519269933	0.0020153008605359635	0.002153022063627404	0.002300588805732206	0.002458879035507447	0.002628843723693166	0.0028114374736112934	0.0030076399089298982	0.0032183527754512022	0.003444377874505319	0.0036862486979832958	0.003944123076130315	0.004217499019030837	0.004504966756213877	0.004803761451300065	0.005109359905369938	0.0054149348750127295	0.005711010655575552	0.005985272515587333	0.006223042842442714	0.006408477091937316	0.006526863825110973	0.006567499695046616	0.006526454263320506	0.006407657078712636	0.006221810565835144	0.005983625297358653	0.0057089448532902	0.005412445993748326	0.005106442434788387	0.004800409032410576	0.004501171953792625	0.004213253542467244	0.003939417487699506	0.003681072686472978	0.0034387198999660065	0.0032122003939578656	0.0030009793545369284	0.0028042540322465413	0.0026211212531222633	0.0024506003859834495	0.0022917352788204962	0.0021435738768361577	0.002005236545860512	0.0018758764286004345	0.001754731181038208	0.0016410764320254332	0.001534269187087618	0.0014337003572127572	0.0013388335412388192	0.0012491593848492984	0.0011642312498204347	0.0010836226352847222	0.0010069602231619233	0.0009338848897867789	0.0008640821695843202	0.0007972470725595403	0.0007331118288272542	0.000671414595132413	0.0006119242853271961	0.0005544131968781938	0.0004986787282059441	0.00044451993742888613	0.00039175596497736357	0.00034020653039772716	0.00028970690354700353	0.0002400923417855531	0.00019120947915150983	0.00014290470183045067	9.503184947981748e-05	4.7444520056080816e-05	0.0	
0.0	4.572120923948363e-05	9.158034770455143e-05	0.0001377152262883648	0.00018426733465291034	0.0002313778553335876	0.0002791954092529787	0.0003278682683115074	0.00037755607081590205	0.00042841832020273267	0.0004806300842094792	0.0005343668927802684	0.0005898244315606415	0.000647199981838848	0.0007067161209110238	0.0007685988817878213	0.0008331054808653395	0.0009004994154341549	0.0009710822529146423	0.0010451659289995423	0.0011231086502314874	0.0012052847002382166	0.0012921245204490324	0.0013840823623023002	0.0014816805965926628	0.0015854755291199376	0.0016961058900495064	0.0018142569696899902	0.0019407129173792783	0.0020763188415052424	0.0022220356810747207	0.00237889856282362	0.0025480708663024134	0.0027307938513969118	0.0029284315161569236	0.003142398980784308	0.003374178565668553	0.003625198209620359	0.0038967762503629402	0.004189889975465044	0.004504966756213877	0.004841437375089231	0.005197250881007177	0.005568098658429936	0.005946606776749734	0.00632137105532682	0.006676344847963192	0.006990825308515277	0.007240959175127565	0.007403127544424045	0.007459338629306681	0.007402713773436719	0.007240130716375756	0.006989580356698934	0.006674680643271841	0.0063192839680391594	0.005944092175407649	0.005565151050292667	0.005193863714681117	0.004837603236014865	0.004500677104182794	0.004185135393980721	0.0038915461196011277	0.003619481008158654	0.0033679614795537665	0.0031356682557669145	0.0029211720036135297	0.002722989408829686	0.002539703840919735	0.002369950237665804	0.0022124856970733835	0.00206614568616789	0.0019298932861181843	0.0018027662935302653	0.0016839176369293327	0.0015725617665676968	0.0014680112335371414	0.0013696257420789022	0.00127684660340198	0.001189149681743747	0.0011060780839997502	0.001027199364017768	0.0009521362968329851	0.0008805283833997511	0.0008120603976629877	0.0007464281344114452	0.000683364397173558	0.0006226089171511006	0.0005639314804550368	0.0005071059586592238	0.00045193031855208333	0.00039820472189988545	0.0003457482056243951	0.0002943808216700704	0.00024393681564994813	0.00019425078500706156	0.0001451672187253908	9.653065324024767e-05	4.819146510465516e-05	0.0	
0.0	4.6350192141092074e-05	9.284229927926274e-05	0.00013962014698172716	0.0001868274578012858	0.0002346137329110213	0.00028312837819741854	0.00033253059130895643	0.00038297971259835856	0.0004346491441572266	0.00048771303707689594	0.0005423642669780573	0.0005987976014005977	0.0006572317614981155	0.0007178892534574732	0.0007810225605816659	0.000846890872866085	0.0009157904804671827	0.0009880286988810994	0.001063958576963933	0.0011439503944327145	0.0012284308574350136	0.0013178526408755102	0.0014127383196038922	0.0015136485322829003	0.0016212309690660544	0.001736187812759935	0.0018593301145399589	0.0019915451191131403	0.002133856136356304	0.002287389896280979	0.0024534411047693115	0.002633438356819756	0.002829009758194942	0.0030419412634216762	0.0032742320874927407	0.0035280270352375607	0.0038056309378911063	0.0041093663004191745	0.0044414701716546075	0.004803761451300066	0.005197250881007177	0.005621385642721735	0.006073082486609608	0.006545255154338833	0.0070251228210990845	0.007492352054407137	0.007918031105939532	0.008265620402327187	0.008495931327235817	0.008576849445071946	0.008495513776511863	0.008264784388739252	0.00791677477189822	0.007490672653741981	0.007023016619204349	0.006542717541577552	0.0060701078121339555	0.005617967383745145	0.005193381410658102	0.004799432262754311	0.004436671580509855	0.00410408772233131	0.0037998605260699037	0.003521752009870634	0.0032674383090545477	0.0030346136117924954	0.0028211316425393864	0.0026249921419103086	0.0024444075582190764	0.0022777486591548423	0.002123585108526131	0.001980620970775634	0.0018477276103892452	0.0017238803605180248	0.0016081898830229765	0.0014998436143683486	0.001398137062610041	0.0013024208369372403	0.0012121317409013361	0.0011267452718521508	0.0010458059090760103	0.0009688847452890526	0.000895608319540804	0.0008256210531809012	0.0007586120566053043	0.0006942821144829801	0.0006323679997574127	0.0005726138275395079	0.0005147925056082416	0.00045868133572359856	0.0004040803090987701	0.0003507918755186331	0.0002986358554097924	0.0002474333233076462	0.0001970179580583481	0.0001472240009960213	9.789390538083228e-05	4.887033390036531e-05	0.0	
0.0	4.691236438747427e-05	9.397122231378005e-05	0.00014132306558612242	0.00018911836200808968	0.00023750763575634555	0.0002866494715188155	0.0003367027585523229	0.00038783875919065283	0.000440229624016089	0.0004940645603071243	0.0005495347587327549	0.0006068537033717649	0.0006662386926865597	0.0007279353502607183	0.0007921959781285149	0.0008593083609182075	0.0009295712633484561	0.0010033276767483148	0.0010809378725853366	0.0011628173288171356	0.0012494078885165174	0.0013412207365132134	0.0014388063996729184	0.0015428033349738097	0.001653907756640461	0.0017729286499858891	0.0019007587117735626	0.00203843688527005	0.00218712197103443	0.002348163918498518	0.002523081583814743	0.002713643427844052	0.0029218494298714087	0.0031500187260811844	0.0034007697280756593	0.003677101310772515	0.003982345866082674	0.004320197251813451	0.004694555118289882	0.005109359905369938	0.005568098658429937	0.006073082486609608	0.00662406946392509	0.007216244587484756	0.00783713033947692	0.008462765883156928	0.009053781270855822	0.009554039065209043	0.00989611531523837	0.010018914389975596	0.009895694435992676	0.009553196369512353	0.009052514912927256	0.008461073041499848	0.007835007302599329	0.007213686619764306	0.006621070947912505	0.0060696367221852385	0.005564198060839718	0.005104995738091932	0.004689717745602266	0.004314875805907903	0.00397652855260325	0.003670775010811868	0.003393920354748205	0.0031426307621116333	0.0029139063328699737	0.0027051271042371145	0.002513972840067419	0.002338441872135214	0.0021767645445962282	0.0020274201551172	0.0018890574410608222	0.0017605155758153787	0.0016407541577728975	0.0015288782576906503	0.0014240772552964916	0.0013256524660185652	0.001232963584183985	0.0011454573371768358	0.0010626204336389917	0.000984007964193675	0.0009092020337396249	0.000837838929251788	0.000769572868005052	0.0007041012017502021	0.0006411329029296346	0.0005804112620870856	0.0005216868666492809	0.0004647373856048584	0.00040934488336557716	0.0003553123856615036	0.00030244542665451134	0.00025056516343582765	0.00019949408736044468	0.00014906550935201373	9.911338301813312e-05	4.9478024539040345e-05	0.0	
0.0	4.7405289445494534e-05	9.49602210988048e-05	0.00014281648268542026	0.00019112587933729823	0.000240046412599598	0.00028973645620053933	0.0003403649172089439	0.00039210161746523655	0.00044513158158069515	0.0004996417578601261	0.0005558394829503612	0.0006139357183066821	0.0006741677587997722	0.000736779217281194	0.0008020470797299685	0.0008702587479353497	0.0009417436053683958	0.0010168475370546065	0.001095969271778039	0.0011795329556280665	0.0012680296984774163	0.0013619890095976296	0.0014620262320947613	0.0015688139951390199	0.001683136617364989	0.0018058632474262642	0.001938010920854109	0.0020807218170079437	0.002235337525510453	0.002403383877141298	0.0025866600780924927	0.0027872356805743468	0.003007559063200707	0.00325047116000834	0.0035193359851667756	0.0038180701981179407	0.004151285340872706	0.004524305015365281	0.004943254524062699	0.0054149348750127295	0.005946606776749734	0.006545255154338833	0.007216244587484756	0.00796060744377405	0.00877050204852538	0.009621916680660701	0.01046502717617585	0.011214985715051275	0.01175273321485363	0.01195301739231953	0.011752309448506328	0.0112141372524035	0.01046375212350907	0.009620212238005835	0.008768364408298375	0.007958031905463014	0.007213225388947378	0.006541785642974041	0.005942679173806241	0.005410540502206216	0.004938383501368152	0.004518946541680193	0.004145427325872237	0.003811699595190647	0.003512438357994648	0.003243031065609196	0.002999559553947571	0.0027786587347614572	0.0025774860381215957	0.0023935919245781363	0.0022249050561284956	0.0020696249568088613	0.0019262238385587777	0.0017933587073824826	0.001669885229894224	0.0015547848016297353	0.0014471858933293755	0.001346302417606929	0.0012514591025572018	0.0011620385946782494	0.0010775084371352861	0.0009973752180176382	0.0009212114871725123	0.0008486158619179303	0.0007792387336895834	0.000712747640189863	0.0006488509593353897	0.0005872681120700164	0.0005277506730152435	0.00047005712996499316	0.00041397099794273376	0.0003592799621974473	0.0003057906911659899	0.00025331225065700796	0.0002016673882210502	0.00015068014057041098	0.00010018341763295494	5.001074158864108e-05	0.0	
0.0	4.782584088039658e-05	9.580498910060923e-05	0.00014409084853584712	0.0001928410432467655	0.000242213560516831	0.00029237496092871657	0.00034349266320972085	0.0003957472934809363	0.00044932123711270754	0.00050441518266314	0.0005612331062425056	0.0006200030809394971	0.0006809589139683628	0.0007443653256463388	0.0008104965357813116	0.0008796659765782658	0.000952202233829019	0.0010284835604306096	0.0011089117390642672	0.0011939518320979643	0.0012841047775365324	0.0013799530885376002	0.0014821333774246194	0.0015913891742861458	0.0017085451864714467	0.0018345691604358797	0.001970550681868505	0.0021177752592395176	0.002277712109711812	0.0024521057195723128	0.002642979734811415	0.002852754598203282	0.0030842788117748103	0.0033409861435087698	0.0036269709067422865	0.003947203092546815	0.004307666278716609	0.004715642559112449	0.005179904796963303	0.005711010655575551	0.00632137105532682	0.007025122821099084	0.00783713033947692	0.008770502048525378	0.009830817197808032	0.011004820850694371	0.012240416229095242	0.013418088947112165	0.014326512903156667	0.014689151816713724	0.014326086711742564	0.013417235611530822	0.012239133872742586	0.011003106605117757	0.009828667289239808	0.008767911662029781	0.00783409376259444	0.0070216332404176	0.006317420756364066	0.00570659075218219	0.005175005486210795	0.004710252784048897	0.004301774036655462	0.003940795031788624	0.0036200326862711827	0.0033335019643578184	0.0030762318257261307	0.0028441263745031028	0.002633750715028546	0.0024422546203511156	0.002267216420462751	0.002106610581541437	0.001958691266131588	0.001821987182412838	0.0016952113184309022	0.0015772717988451438	0.0014671991880775342	0.001364166240653265	0.0012674275122754898	0.0011763435638918332	0.0010903296959842098	0.001008881806738536	0.0009315323186811637	0.0008578758892464271	0.000787531353118052	0.0007201660962375167	0.0006554632929563782	0.0005931441375742492	0.0005329399323269731	0.00047461161556552347	0.00041792642508569684	0.000362674322971106	0.00030864906035873215	0.00025566120767040015	0.00020352350634407504	0.00015206028870276566	0.00010109703432481529	5.0466017557999726e-05	0.0	
0.0	4.817222689659873e-05	9.64999043309657e-05	0.00014514063245478395	0.00019425230302259422	0.00024399932710221696	0.00029454685815671054	0.0003460711583516629	0.0003987500182472976	0.0004527773216195458	0.0005083498143798467	0.0005656859393826184	0.0006250091582491047	0.0006865711563781513	0.0007506319928677988	0.0008174878305121682	0.0008874482920798056	0.0009608689650412139	0.0010381264959365682	0.0011196562797516907	0.001205926060454332	0.0012974794833246078	0.0013949093459066785	0.001498908144364252	0.0016102427372233457	0.001729813792073833	0.0018586346721135392	0.001997903043695512	0.002148988625055381	0.0023135226346709305	0.002493402326334461	0.0026909083781129885	0.002908740174328163	0.0031501794418515154	0.0034191814565987665	0.0037206184378183933	0.004060472255181477	0.004446217653691877	0.004887194666600502	0.005395226510479044	0.005985272515587333	0.0066763448479631934	0.007492352054407137	0.008462765883156928	0.0096219166806607	0.01100482085069437	0.012634041993048671	0.01448745929307762	0.016430910245976232	0.01810979952095218	0.018876694278164345	0.018109371355107637	0.016430052971457686	0.014486170990060585	0.012632319822670199	0.011002660952627127	0.009619314288676368	0.008459715154649817	0.007488846242861909	0.006672376064769749	0.005980831958351125	0.005390304157588362	0.004881779559948202	0.004440297526557375	0.004054033867548555	0.003713647138210499	0.0034116615677731916	0.0031420937572701345	0.0029000703915766962	0.0026816345306905883	0.002483503261679049	0.0023029753818982583	0.002137768913955983	0.001985984608932221	0.0018459898089773273	0.0017164125974393322	0.0015960536971898827	0.0014838973119473287	0.00137904095492052	0.0012807150623219406	0.0011882250662927471	0.0011009751466423874	0.0010184192810318133	0.0009400863305590575	0.0008655381538904797	0.0007943942700948627	0.00072629589817377	0.0006609290587453001	0.0005979938526606331	0.0005372252392752573	0.0004783671356356734	0.0004211903452602164	0.00036547121886500915	0.00031100636071309287	0.0002575956859755886	0.00020505363419868317	0.00015319651190653165	0.00010185001334925162	5.084076431270432e-05	0.0	
0.0	4.8442021524103634e-05	9.704209190653304e-05	0.00014595842789254563	0.0001953536398726098	0.0002453909245073733	0.0002962424169337788	0.0003480815137260197	0.0004010954155009651	0.0004554737188764105	0.000511425220329792	0.0005691629619409408	0.0006289253900972967	0.000690958104645184	0.0007555395122384089	0.0008229596219457001	0.0008935504158010025	0.0009676621729602883	0.0010456989218939785	0.0011280929895368325	0.0012153461401593396	0.0013080033884233539	0.001406700840539083	0.0015121403772613475	0.0016251459256136818	0.0017466415916799322	0.0018777193592872561	0.002019624988420509	0.0021738424646412084	0.0023420951980369373	0.0025264569763361875	0.0027293822245033185	0.0029538619941896155	0.003203509629804811	0.003482798510474134	0.0037972560929899115	0.004153859451062777	0.004561449320874503	0.005031447369748145	0.00557873345857037	0.006223042842442712	0.006990825308515276	0.00791803110593953	0.009053781270855822	0.01046502717617585	0.012240416229095242	0.01448745929307762	0.017303061261620005	0.020663215913331243	0.024110954629785568	0.026132719712833714	0.024110524959464287	0.020662355609490785	0.017301768426937092	0.014485731027550785	0.012238248717086467	0.010462415549444833	0.00905071975304137	0.007914512807455722	0.006986842427584996	0.0062185863922555075	0.005573793523613643	0.005026012765735886	0.004555507904742157	0.0041473977142634484	0.003790259523121539	0.0034752511185979227	0.0031953943612516565	0.002945160190575516	0.0027200740808079175	0.002516520938260812	0.002331508461951137	0.0021625803108373054	0.002007661319970367	0.0018650259715755255	0.0017331887455850359	0.0016109015534280591	0.0014970706848840356	0.001390769449486275	0.0012911719608633774	0.0011975734561427073	0.0011093355876755516	0.0010259101101464355	0.0009467926764985944	0.0008715473186046362	0.0007997670118355139	0.0007310973490720049	0.0006652028505181099	0.0006017887979667543	0.0005405726764570263	0.0004813034780682446	0.00042373790196116904	0.0003676566510579779	0.00031284515810524945	0.00025910653716088814	0.0002062466850993013	0.00015408364247092714	0.00010243696480276255	5.113331103525228e-05	0.0	
0.0	4.8634201034445976e-05	9.742746167018704e-05	0.00014654105662306792	0.00019613666452304845	0.00024638268678888153	0.0002974485061936536	0.0003495149778322015	0.0004027648820480921	0.000457397657591523	0.0005136162140702007	0.0005716459934364925	0.0006317183643257528	0.000694094134665941	0.0007590438323746872	0.0008268758602179105	0.0008979140887813975	0.0009725309638999995	0.001051123023854427	0.0011341494734990534	0.001222106533307226	0.0013155723436253032	0.001415181541088779	0.0015216779645292275	0.001635891690933633	0.0017588021000697995	0.0018915210957888278	0.0020353710890196105	0.0021918809148166385	0.0023628871390653735	0.002550554627603549	0.0027575173276934914	0.0029869466868493897	0.003242764558969018	0.003529807352330552	0.003854181228949459	0.004223628052436956	0.0046481851025565925	0.0051410077713971965	0.005719742283037139	0.006408477091937315	0.007240959175127567	0.008265620402327187	0.009554039065209043	0.011214985715051275	0.013418088947112165	0.016430910245976232	0.02066321591333124	0.02664297014706062	0.03451917720772239	0.04147666482033824	0.03451874648985741	0.026642107760750367	0.020661919923048666	0.01642917778944249	0.01341591613226709	0.011212367736089227	0.009550970031093425	0.008262093509955864	0.007236966469728137	0.006404009696286719	0.005714790090191224	0.005135559728514287	0.004642228836512699	0.004217150206412741	0.0038471670215544504	0.0035222409647012627	0.003234628628063369	0.0029782227403633782	0.002748185212180822	0.0025405929880396327	0.0023522727823844657	0.0021805893304228732	0.0020233757481990635	0.0018787940088716222	0.001745313051947417	0.0016216088298926712	0.0015065669737589723	0.0013992062534077707	0.001298693848366592	0.0012042838102058794	0.0011153384336475374	0.0010312771548618843	0.0009516003026574526	0.0008758458685733952	0.0008036134117451584	0.0007345272217016508	0.0006682589872057224	0.0006044964802141778	0.0005429640868370063	0.00048339648959605313	0.00042555645412317624	0.0003692131899278654	0.0003141569721016548	0.0002601819791011132	0.0002070974495197559	0.00015471486257563765	0.00010285541110075877	5.134142554741219e-05	0.0	
0.0	4.87471489740553e-05	9.765478337208302e-05	0.0001468835944454519	0.0001965987564366183	0.00024696614848788415	0.0002981607766899813	0.00035035912318104784	0.00040375178308939155	0.000458532086734169	0.0005149130306822437	0.0005731123683205636	0.0006333739411718411	0.0006959495035851061	0.0007611246139831975	0.0008291975626238024	0.0009005100780692181	0.0009754238832521767	0.0010543566373417746	0.0011377568908646362	0.0012261459660490633	0.0013200924824077296	0.0014202613697217458	0.0015273898153604318	0.0016423454760626306	0.0017661069000147987	0.0018998346014804674	0.0020448612302247987	0.0022027822192170307	0.0023754652776973753	0.002565173414242384	0.0027746121492088355	0.003007110618870931	0.0032667441790629956	0.0035586285780099523	0.0038892011115566117	0.0042667551099657116	0.004702080649917307	0.00520956436564741	0.0058087336585870945	0.006526863825110973	0.007403127544424045	0.008495931327235817	0.00989611531523837	0.011752733214853626	0.014326512903156664	0.018109799520952173	0.024110954629785564	0.03451917720772239	0.05377877578013666	0.08465146966819805	0.05377834448954936	0.034518313658162235	0.024109656913622712	0.01810806472251168	0.014324337185964967	0.011750111684175508	0.009893042162894983	0.008492399625751476	0.007399129448520865	0.006522390297860823	0.005803774728317751	0.005204108784602293	0.004696116204924725	0.004260268214193829	0.003882177166895545	0.0035510515005641357	0.0032585968107689276	0.0029983741873846267	0.0027652667258214404	0.0025551973087854264	0.00236483553931334	0.0021914739668055573	0.0020328481920613905	0.0018870883815446738	0.001752597551808736	0.00162804070487441	0.0015122555808902748	0.0014042610239102713	0.001303187394598046	0.0012082945954101734	0.0011189154267585689	0.0010344780045442243	0.0009544583888944178	0.0008784043467297258	0.000805895179593553	0.0007365649857762455	0.0006700684852205185	0.0006061026155945636	0.0005443776427478854	0.00048463632565349233	0.00042662988311627324	0.000370134207724981	0.00031493042357816207	0.0002608177851439521	0.00020759865535387832	0.00015508782763103406	0.00010310180587920868	5.146435712070553e-05	0.0	
0.0	4.8780693777112545e-05	9.772167743309695e-05	0.00014698547773371338	0.0001967350653803639	0.0002471402016144981	0.00029837171406927655	0.0003506120241764636	0.00040404561957483025	0.0004588738360198732	0.0005153016958957986	0.0005735570359883999	0.0006338739410416555	0.0006965163482706412	0.0007617583908272863	0.000829912683272606	0.0009013080179472034	0.0009763226637050653	0.001055360056194874	0.0011388876621339055	0.0012274116222738397	0.0013215221131669158	0.0014218684317248685	0.0015292124537753219	0.0016444065698729441	0.0017684580461800005	0.0019025138902948311	0.0020479411810663643	0.0022063261142046325	0.0023795797999303595	0.0025699650898505207	0.0027802465115781237	0.0030137720053915427	0.0032747059127125654	0.00356822373206648	0.0039009154678399	0.004281229033114939	0.004720258842255068	0.0052327901596104405	0.005839069109868149	0.006567499695046615	0.007459338629306681	0.008576849445071946	0.010018914389975594	0.011953017392319527	0.014689151816713722	0.018876694278164345	0.026132719712833714	0.04147666482033824	0.08465146966819805	0.251317912649478	0.08465103826507654	0.04147580106100687	0.026131421656702656	0.018874959055373307	0.014686975524962198	0.011950395212973447	0.010015840416346695	0.008573316855686132	0.007455339447967181	0.00656302502018447	0.005834108806839514	0.005227333144673194	0.004714292707647123	0.004274740383808692	0.0038938894800187723	0.003560644540394944	0.00326655610286394	0.0030050330491281094	0.002770898193974306	0.002559985988995468	0.002368946649424409	0.0021950143237631963	0.0020359241347280566	0.0018897635036040595	0.0017549440003119064	0.0016300969003811459	0.0015140727204852999	0.0014058623332240023	0.0013046105918093451	0.0012095534976237414	0.0011200386697149834	0.0010354734919228025	0.000955348354041714	0.0008791929659038339	0.0008065999663089546	0.0007371877971769875	0.0006706231971438329	0.0006065896956850786	0.0005448080383490298	0.0004850097397946518	0.00042695480519238207	0.000370410000348569	0.00031516343140958983	0.00026100731740692654	0.00020774911785391157	0.00015519866520434877	0.00010317561479528846	5.1500832648791704e-05	0.0	
0.0	4.873409364073389e-05	9.76286821746912e-05	0.00014684446734895785	0.00019654663192306837	0.00024690106663079	0.0002980827852032482	0.0003502682825262897	0.00040364816056485785	0.0004584157635901362	0.0005147840942686336	0.0005729709211759091	0.0006332200912546016	0.0006957833752923465	0.0007609463364969908	0.0008290072828067704	0.0009003079469638864	0.0009752100707919801	0.0010541313170478123	0.0011375202563027238	0.0012258982137750285	0.0013198338300936638	0.001419992037407796	0.0015271100451666277	0.0016420555118120631	0.0017658070084413157	0.001899525050295173	0.0020445423107245623	0.002202454222873372	0.002375128520066127	0.002564828210161201	0.0027742588379045053	0.0030067495378588932	0.003266375690345691	0.0035582530407788074	0.003888818909372379	0.004266366622370285	0.00470168628048521	0.005209164512621428	0.005808328743688828	0.006526454263320506	0.00740271377343672	0.008495513776511863	0.009895694435992676	0.011752309448506328	0.014326086711742564	0.018109371355107637	0.024110524959464287	0.03451874648985741	0.05377834448954936	0.08465103826507656	0.053777913450437864	0.03451788344339855	0.024109227998295166	0.018107637563999055	0.014323912254748248	0.011749689431622731	0.009892623051815314	0.00849198409856573	0.007398717957445376	0.0065219832736016755	0.00580337260977196	0.005203711988210073	0.004695725153775703	0.0042598833081671	0.0038817988110589536	0.003550680076226575	0.0032582327030613667	0.002998017757343149	0.002764918337039688	0.0025548573006404377	0.0023645042525805558	0.0021911517181326893	0.002032535298439151	0.0018867851361268292	0.0017523042471343803	0.0016277576101251109	0.001511982963763051	0.0014039991293954331	0.0013029364654061177	0.0012080548523467158	0.0011186870876131105	0.0010342612661311157	0.0009542534443174062	0.0008782113691507503	0.0008057143377928996	0.000736396429704178	0.0006699123597799473	0.0006059590480235358	0.0005442467545593388	0.0004845182218898964	0.00042652466238926265	0.0003700419533768387	0.00031485121177285977	0.00026075167796368854	0.00020754570690221881	0.00015504807908634023	0.00010307528958008647	5.145109359186407e-05	0.0	
0.0	4.860806561351014e-05	9.737521076683566e-05	0.00014646272813617238	0.00019603231841376157	0.0002462523991523231	0.0002972923774427381	0.00034933312283777544	0.0004025574423647588	0.00045716478769728666	0.0005133580975748529	0.0005713628254643646	0.0006314103716281905	0.0006937615542034408	0.0007586869352366071	0.0008264949264730998	0.0008975094350907335	0.0009721029147176539	0.0010506719426022293	0.001133675730213789	0.0012216105392303621	0.001315054515405207	0.0014146423386251165	0.0015211178518527333	0.0016353111771316262	0.0017582016969801121	0.0018909013618214469	0.002034732583815549	0.0021912242457707786	0.002362212913115375	0.0025498635002505357	0.0027568099521004426	0.0029862237651493762	0.0032420267888667903	0.003529055480482519	0.003853415995276196	0.004222850245354957	0.004647395501222979	0.005140207202570302	0.005718931561487612	0.006407657078712636	0.007240130716375756	0.008264784388739253	0.009553196369512355	0.0112141372524035	0.01341723561153082	0.016430052971457686	0.020662355609490788	0.026642107760750378	0.03451831365816224	0.04147580106100688	0.03451788344339855	0.026641246380911456	0.020661061129648682	0.016428322530133224	0.013415065317848522	0.01121152230186849	0.009550130872831346	0.008261261544598731	0.007236142572264533	0.006403194759627328	0.005713984963208502	0.0051347652748457585	0.004641445874047731	0.004216379564795208	0.003846409483370919	0.0035214973214598485	0.0032338996233263325	0.0029775091239805326	0.002747487685597102	0.0025399122565638354	0.0023516095028890266	0.002179944161432146	0.0020227493001845924	0.0018781868919488039	0.0017447258289551807	0.0016210420614933313	0.0015060211744766406	0.0013986819339335994	0.0012981914747156019	0.0012038038430386788	0.001114881290690686	0.0010308432470675553	0.0009511900000180657	0.000875459532952567	0.000803251366203189	0.0007341897798444116	0.0006679464261237051	0.0006042090662106204	0.0005427020520696256	0.00048316005406158865	0.00042534580607761995	0.00036902850402158194	0.0003139983936408676	0.00026004963824568454	0.0002069914494358597	0.0001546352896269956	0.00010280232692978191	5.131487321001784e-05	0.0	
0.0	4.8402757491399496e-05	9.696359221726145e-05	0.00014584075237552866	0.00019519687388339172	0.0002451951881428171	0.0002960078531986687	0.0003478083038406825	0.0004007837611975485	0.0004551238637249055	0.0005110374262197886	0.0005687375363224485	0.000628462656722632	0.0006904584365928758	0.0007550032970089434	0.0008223873001098013	0.0008929424405623019	0.0009670190542436201	0.001045021180507703	0.0011273812064927107	0.0012146009055872572	0.0013072253558920421	0.0014058906708963792	0.0015112987977047008	0.0016242736686498576	0.001745739458676007	0.0018767881547647818	0.002018665587801695	0.002172855744113939	0.0023410821061970915	0.002525418459881432	0.0027283193034610517	0.0029527756837189646	0.0032024010186904213	0.0034816686793370886	0.003796106195720409	0.004152690629761466	0.004560262789891842	0.005030244327697596	0.005577515174638661	0.006221810565835145	0.006989580356698934	0.00791677477189822	0.009052514912927256	0.01046375212350907	0.012239133872742588	0.014486170990060585	0.017301768426937095	0.02066191992304867	0.024109656913622712	0.02613142165670266	0.02410922799829517	0.020661061129648682	0.01730047785895015	0.014484445748834143	0.012236970144236348	0.010461145041697286	0.009049458703795676	0.007913262548890392	0.006985604321073952	0.00621736173455547	0.005572583635836655	0.005024818901510979	0.004554331337408178	0.0041462396473941265	0.0037891211756034657	0.0034741336378920707	0.003194298906023127	0.0029440878470466184	0.0027190259426091317	0.002515498026211111	0.002330511800803881	0.002161610852802924	0.0020067200180368446	0.0018641137070672291	0.0017323063977453105	0.0016100499312861887	0.0014962505927974142	0.0013899816235655184	0.0012904171301836875	0.001196852283955217	0.0011086487280119164	0.001025258154022768	0.0009461762036540012	0.0008709668488827024	0.0007992230518163879	0.0007305903487953994	0.0006647332447895203	0.0006013569685653807	0.0005401789879196405	0.0004809482455053088	0.0004234214211465472	0.00036737917195681335	0.0003126069091239368	0.0002589077044709197	0.00020608743092944424	0.00015396409029220598	0.00010235721157336776	5.109341829303083e-05	0.0	
0.0	4.8119759895738495e-05	9.639501013798714e-05	0.00014498338674080394	0.00019404282551358296	0.00024373776975219121	0.0002942334214925673	0.00034570607180285174	0.0003983335645630946	0.00045230980941685724	0.0005078316105138805	0.0005651174337993857	0.0006243908041523138	0.0006859034274981448	0.0007499154312306848	0.0008167229962624321	0.0008866358186225313	0.0009600095015815104	0.0010372207697325248	0.0011187050315601221	0.0012049301136011494	0.0012964396722732535	0.0013938265918241473	0.0014977833770559701	0.0016090769768473626	0.0017286080647137864	0.0018573900972707305	0.001996620743799926	0.0021476698183455567	0.0023121685389716467	0.0024920142569175904	0.0026894876460992105	0.0029072881891082786	0.0031486976044981766	0.003417671266416916	0.003719081381181178	0.004058909915770358	0.004444631597198203	0.004885586554210141	0.005393597979907131	0.005983625297358653	0.006674680643271842	0.007490672653741981	0.008461073041499853	0.009620212238005837	0.011003106605117757	0.012632319822670199	0.014485731027550786	0.016429177789442494	0.018108064722511686	0.018874959055373314	0.01810763756399906	0.016428322530133224	0.01448444574883414	0.012630601687306384	0.011000951755180075	0.009617615909927208	0.00845802939620818	0.007487174948354901	0.006670720993764476	0.005979194905847638	0.005388686830308348	0.004880183693684575	0.00443872476535742	0.004052485878473514	0.0037121254939213645	0.0034101678582551948	0.0031406294763065166	0.002898637044995845	0.0026802335271880287	0.002482136017149493	0.002301643215039194	0.0021364731462535265	0.0019847264654515957	0.0018447705135804361	0.0017152332791385266	0.0015949154801868956	0.0014828012278974628	0.0013779880273972044	0.0012797062253091245	0.0011872612426969784	0.0011000571733020613	0.0010175479809193596	0.000939262444566944	0.0008647624063897914	0.0007936673077297367	0.0007256183484692341	0.0006603014761141642	0.0005974167697827685	0.0005366991204939192	0.00047789242086218695	0.0004207674109102413	0.00036510041407659504	0.0003106879759474572	0.00025732998137241046	0.00020484081594048258	0.00015303675257255427	0.0001017434361174347	5.0787455212227207e-05	0.0	
0.0	4.7760073672943495e-05	9.567350186926356e-05	0.0001438937407658611	0.00019257845688170483	0.000241885695287838	0.00029198205469832886	0.00034303501743708357	0.0003952252438140581	0.0004487351888650088	0.000503765571746233	0.0005605204444810734	0.0006192279074678104	0.0006801218501635405	0.0007434670171433101	0.0008095377167594301	0.0008786474025813849	0.0009511247550976108	0.001027348045746136	0.001107719157778779	0.0011927031692550811	0.0012828011242133116	0.0013785955485282491	0.0014807231654755445	0.0015899275146629911	0.0017070334186379198	0.00183300862985981	0.001968942852668471	0.0021161215976212406	0.002276014203083874	0.002450365153040143	0.002641198216244513	0.002850933828250039	0.0030824206143485215	0.003339092329822207	0.003625043410668196	0.003945243829206061	0.004305677284160498	0.004713625844031867	0.0051778624901347055	0.005708944853290201	0.006319283968039161	0.007023016619204351	0.007835007302599332	0.008768364408298377	0.009828667289239808	0.011002660952627127	0.01223824871708647	0.013415916132267093	0.014324337185964972	0.014686975524962198	0.014323912254748251	0.013415065317848522	0.012236970144236348	0.011000951755180075	0.009826523696143973	0.008765781608374124	0.007831979587378272	0.007019537180414985	0.00631534509636592	0.0057045376689899285	0.005172977196487094	0.004708251391602544	0.004299801677343514	0.003938853724740462	0.0036181244752858913	0.0033316287736882754	0.003074395597417854	0.0028423289293289427	0.0026319938852195175	0.0024405401162394987	0.0022655459580620753	0.0021049857554211945	0.0019571136713130337	0.0018204582939626804	0.001693732607152314	0.0015758446180412717	0.0014658248825333755	0.0013628460409830846	0.0012661626367112284	0.0011751351205919018	0.0010891787771679523	0.0010077893992976785	0.0009304993902275371	0.0008569033073317742	0.0007866199627936377	0.0007193166481531423	0.0006546765120654708	0.0005924206603488608	0.0005322803662801784	0.000474016485785873	0.00041739622428995	0.00036220946752901236	0.0003082499306329104	0.00025532811367036146	0.0002032567181560344	0.00015186001188038952	0.00010096343025949614	5.039918868280032e-05	0.0	
0.0	4.7326097795668015e-05	9.480189733225932e-05	0.0001425791399737958	0.00019080969675123045	0.00023965161744320476	0.0002892633484720174	0.0003398138402188067	0.0003914729943768825	0.00044442587440372903	0.0004988595158919004	0.0005549812902726337	0.0006130022538917905	0.0006731597326761923	0.0007356974420126614	0.0008008923954533258	0.0008690321048680614	0.0009404459779605236	0.001015480017130253	0.001094532972082471	0.0011780291131621235	0.0012664595677607782	0.0013603539757125402	0.0014603276940272768	0.0015670534880098648	0.0016813156862522864	0.001803983578227262	0.0019360742050353007	0.0020787298905119286	0.0022332922249223503	0.0024012871860302158	0.0025845139751264224	0.00278504229266556	0.0030053205061445166	0.003248189697786036	0.0035170138637262635	0.0038157098101762304	0.004148889053497888	0.004521875339612704	0.004940793937057302	0.0054124459937483285	0.005944092175407652	0.006542717541577552	0.007213686619764306	0.007958031905463018	0.008767911662029783	0.009619314288676368	0.010462415549444834	0.011212367736089234	0.011750111684175512	0.011950395212973449	0.011749689431622733	0.011211522301868492	0.010461145041697286	0.009617615909927208	0.008765781608374122	0.00795546548048022	0.007210678066730041	0.006539260213479699	0.0059401783005299715	0.005408066900753137	0.004935939754408099	0.004516535274329652	0.004143051024991641	0.003809360780909684	0.0035101394081133953	0.0032407743826023865	0.0029973473951959316	0.0027764933743740297	0.002575369603685397	0.0023915265531437467	0.002222892738125341	0.002067667685548522	0.001924323461920601	0.0017915170702020198	0.0016681040339801803	0.001553065740422012	0.001445530520764197	0.0013447122744504846	0.0012499355945916357	0.0011605831101430303	0.0010761222346630103	0.000996059534646078	0.0009199674364161335	0.000847444531848986	0.0007781410954890839	0.0007117246358359183	0.0006479034209361537	0.0005863968387414617	0.0005269563612583574	0.0004693404393629221	0.0004133324928051893	0.00035872016575826495	0.0003053100386792172	0.00025291113182991686	0.0002013461119086085	0.00015043896523517147	0.00010002252774742317	4.993026597171512e-05	0.0	
0.0	4.681960196881011e-05	9.37857632861052e-05	0.0001410450487144594	0.00018874798530204185	0.0002370451778719599	0.00028609526437916764	0.00033605722289996494	0.0003871023636240218	0.00043940293451757127	0.0004931481858222861	0.0005485294144310999	0.0006057601429387283	0.0006650577850081216	0.0007266679986415817	0.000790843210028439	0.0008578712343539479	0.0009280509692495753	0.0010017254328454355	0.0010792550378968184	0.0011610552853720969	0.0012475681674316444	0.001339304887945932	0.0014368161299001913	0.001540740365018799	0.0016517739697228444	0.0017707259393143198	0.0018984891377000633	0.0020361025127904205	0.002184725035947813	0.0023457066552083376	0.0025205663997686263	0.0027110727222785496	0.002919225775786909	0.0031473446806240643	0.0033980480212873762	0.003674334648352296	0.0039795371241391694	0.004317349272798806	0.004691670910975606	0.0051064424347883886	0.005565151050292668	0.0060701078121339555	0.006621070947912507	0.00721322538894738	0.007834093762594443	0.008459715154649819	0.009050719753041371	0.009550970031093429	0.009893042162894989	0.010015840416346698	0.009892623051815316	0.009550130872831346	0.009049458703795674	0.00845802939620818	0.00783197958737827	0.007210678066730041	0.006618084866999611	0.006066676279795199	0.005561266489231073	0.005102096117698917	0.004686853211108463	0.004312049333174614	0.003973743160652477	0.0036680335542705273	0.003391225720966796	0.003139985669991601	0.0029113135243468103	0.002702589150314921	0.0025114923259001503	0.0023360212110458394	0.0021744061559981665	0.002025126287246315	0.0018868303409914828	0.0017583573215827818	0.001638666819755209	0.001526863740747562	0.0014221374508110289	0.0013237891046260421	0.0012311783777945618	0.0011437518428176513	0.001060996184811587	0.0009824663463014484	0.0009077444041727613	0.0008364665048225594	0.0007682868331967711	0.0007029026085344109	0.0006400227666645349	0.0005793904740433758	0.000520756277097125	0.0004638977293290029	0.00040859684953773123	0.0003546565565803062	0.0003018823340616742	0.00025009524067239584	0.00019911771184963177	0.00014878296831984453	9.892490193297544e-05	4.9383746501973814e-05	0.0	
0.0	4.624368438718897e-05	9.262936278663001e-05	0.0001393009319680316	0.00018640220198179659	0.00023408273808442242	0.0002824920427553139	0.0003317893712918062	0.000382134170258617	0.0004336998936050336	0.0004866608086573609	0.000541209837674713	0.0005975418747106143	0.0006558756828104408	0.0007164339050357008	0.0007794690621834052	0.0008452404913724828	0.0009140445160605664	0.000986188608793407	0.0010620258475812158	0.00114192667857259	0.0012263178327993197	0.0013156521602099398	0.0014104522559740514	0.0015112789414179876	0.0016187799219888038	0.0017336575695709754	0.0018567229449885266	0.001988863487039847	0.0021311025088488773	0.0022845669379606987	0.0024505514762340206	0.002630484917933118	0.002825995356577075	0.0030388689458803776	0.0032711048793796307	0.0035248481591461187	0.0038024035847523405	0.00410609385458206	0.0044381559746491	0.004800409032410578	0.00519386371468112	0.0056179673837451465	0.00606963672218524	0.006541785642974043	0.007021633240417603	0.007488846242861913	0.007914512807455726	0.008262093509955869	0.00849239962575148	0.008573316855686137	0.008491984098565731	0.008261261544598733	0.007913262548890392	0.0074871749483549025	0.007019537180414985	0.006539260213479701	0.006066676279795201	0.005614565413385654	0.005190012599154756	0.004796100274491799	0.004433379901622459	0.0041008398933463	0.003796659901942067	0.003518601987537266	0.0032643420942757902	0.0030315744407380238	0.002818152556399967	0.002622076201639639	0.0024415576278298302	0.0022749676127458967	0.00212087562312093	0.0019779857247760714	0.001845169086756505	0.0017214010358105169	0.0016057920416608375	0.0014975295274346232	0.0013959088138806423	0.0013002804906524735	0.001210081180183975	0.0011247863546906703	0.001043940319695071	0.0009671141376264964	0.0008939341820776005	0.0008240448392409767	0.0007571350630961139	0.0006929055984002818	0.000631093071233185	0.0005714415519924713	0.0005137238114428096	0.00045771710163077314	0.00040322128669811544	0.00035003876138254035	0.0002979892288899515	0.0002468937029279409	0.0001965857547177939	0.00014689955845103187	9.767746896789537e-05	4.876207490641251e-05	0.0	
0.0	4.560076019186768e-05	9.13395337578769e-05	0.00013735422489380422	0.000183786399056394	0.00023077734199243534	0.00027847574287328733	0.0003270299873911024	0.00037659977533333923	0.0004273447350607218	0.00047943998973547046	0.0005330612057567737	0.0005884041187514981	0.0006456661582077588	0.0007050699464424258	0.0007668416764132496	0.0008312386049035734	0.000898524400667435	0.0009690006670296316	0.0010429795221827158	0.0011208192040506127	0.001202894189059092	0.001289634945256799	0.001381495926180748	0.001478999524045815	0.001582702254800891	0.0016932428642053737	0.001811306859280085	0.0019376783983304957	0.0020732028113195763	0.0022188410386472274	0.0023756284316067753	0.0025447283625044635	0.0027273823167452945	0.002924954275360372	0.003138859582919063	0.003370580531852221	0.003621545282032323	0.0038930721311406327	0.004186138582363006	0.004501171953792626	0.004837603236014867	0.005193381410658103	0.00556419806083972	0.005942679173806243	0.0063174207563640675	0.006672376064769753	0.006986842427585	0.00723696646972814	0.007399129448520868	0.007455339447967183	0.007398717957445377	0.007236142572264535	0.006985604321073955	0.006670720993764479	0.006315345096365922	0.005940178300529973	0.0055612664892310745	0.005190012599154758	0.004833789780029345	0.004496905325393468	0.004181409377071313	0.0038878697435785177	0.0036158582045372656	0.003364395966745173	0.003132163791083977	0.0029177321258667247	0.0027196176831662186	0.0025364036106813952	0.0023667248610828614	0.0022093383093773475	0.0020630794271689714	0.0019269110735018733	0.0017998710403614904	0.0016811120369954566	0.0015698485008730232	0.0014653927684878346	0.0013671045240587947	0.0012744248705278912	0.001186829645648031	0.0011038617558182294	0.0010250887225462934	0.0009501331293451743	0.0008786344393940011	0.0008102772450437356	0.0007447572980993052	0.0006818072311220592	0.0006211667271555523	0.0005626054124166432	0.0005058971049973559	0.00045083962306925615	0.00039723306927670534	0.0003448963431819468	0.00029364943150618776	0.00024332645353990039	0.00019376193482320786	0.00014480024866244442	9.62858522470235e-05	4.806901656639457e-05	0.0	
0.0	4.489448402651789e-05	8.992169109738443e-05	0.0001352160886537262	0.0001809118135402515	0.00022714826889267797	0.00027406427883865385	0.0003218075573157757	0.00037052515981364313	0.0004203768323391789	0.0004715218481046184	0.0005241362362149798	0.00057839611405516	0.0006344987892593552	0.0006926427234694218	0.0007530524974084853	0.0008159555677955352	0.0008816110824879177	0.0009502836171487108	0.0010222758215883009	0.0010978993401128993	0.0011775112520502678	0.001261482375298723	0.0013502374123506313	0.0014442207787580467	0.0015439402341669913	0.0016499301976358092	0.0017627983311159783	0.0018831858559296831	0.002011815852685647	0.0021494490738738843	0.002296931195769669	0.0024551404187831494	0.0026250277025822444	0.002807547902149281	0.0030036806185831885	0.0032143278468255957	0.003440291352796091	0.0036821048725595657	0.003939926186817634	0.004213253542467245	0.004500677104182797	0.004799432262754312	0.005104995738091934	0.005410540502206217	0.005706590752182191	0.0059808319583511274	0.006218586392255509	0.006404009696286722	0.006522390297860827	0.006563025020184472	0.006521983273601678	0.006403194759627331	0.006217361734555471	0.00597919490584764	0.00570453766898993	0.005408066900753138	0.005102096117698918	0.0047961002744918	0.00449690532539347	0.004209033695081067	0.003935248848312955	0.00367695974644298	0.003434666916615639	0.003208211673180946	0.0029970589609042302	0.00280040606424785	0.0026173495629847505	0.0024469088464628913	0.002288127513866582	0.002140053518850743	0.0020018069782735837	0.0018725410325249787	0.0017514930907469493	0.0016379387699501605	0.0015312348331119486	0.0014307721709894174	0.0013360141461386205	0.0012464513766034947	0.001161636995891737	0.0010811444688837535	0.0010046002587330728	0.0009316452014980277	0.0008619646235494736	0.0007952534889591311	0.0007312438314194115	0.0006696737562287919	0.0006103119930775192	0.0005529307823986438	0.0004973273510571768	0.00044330069427438954	0.00039066979361132125	0.0003392542993967012	0.00028888933514220746	0.00023941008206201488	0.00019066303999882653	0.0001424945113384522	9.47582131424456e-05	4.730765111059978e-05	0.0	
0.0	4.412776551321454e-05	8.83836302010039e-05	0.0001328954606561217	0.0001777944504525741	0.0002232111293211101	0.0002692827338769374	0.0003161455087111027	0.0003639458938347687	0.0004128291853476813	0.0004629545330301836	0.0005144800467186905	0.0005675815864084868	0.0006224344192832856	0.0006792357738803249	0.0007381831705354498	0.000799500698743939	0.0008634141577081029	0.0009301809979398728	0.001000062412617932	0.0010733568522120892	0.0011503691891666052	0.0012314476504953341	0.0013169501131118939	0.0014072841690275075	0.0015028704471297697	0.0016041852597349822	0.0017117204921697849	0.0018260277439459442	0.0019476735952687501	0.002077283098955036	0.0022154877838845063	0.0023629643281961833	0.002520369922179821	0.0026883682615256336	0.0028675420786567767	0.00305839247714932	0.003261211092936152	0.0034760306459067952	0.0037024315897697642	0.003939417487699507	0.0041851353939807235	0.004436671580509856	0.004689717745602268	0.004938383501368154	0.005175005486210797	0.005390304157588365	0.005573793523613646	0.005714790090191229	0.0058037747283177545	0.005834108806839516	0.005803372609771961	0.005713984963208505	0.0055725836358366575	0.00538868683030835	0.005172977196487096	0.0049359397544081	0.0046868532111084635	0.00443337990162246	0.004181409377071314	0.003935248848312955	0.0036978111947642903	0.003470948196961741	0.0032556554196113184	0.0030523511586390568	0.002861001786004941	0.0026813143184007578	0.002512786694131538	0.0023548347232952302	0.0022067936865377276	0.0020680048112911133	0.0019377903126362862	0.0018155169379231798	0.0017005584244466113	0.0015923463075729317	0.0014903276518649484	0.0013940085046939966	0.0013029110652868685	0.0012166124286100172	0.0011347033308322448	0.001056823379459426	0.000982622456174073	0.0009117928972367448	0.0008440340988009867	0.0007790817573823958	0.0007166759564927878	0.000656587415649971	0.0005985892064842465	0.0005424798937090421	0.0004880589646441139	0.0004351467274641126	0.00038356350542869246	0.0003331461617679488	0.00028373109141519774	0.0002351672557586723	0.00018730299181818572	0.0001399954577612821	9.310126817499382e-05	4.648226981074001e-05	0.0	
0.0	4.330465206696595e-05	8.673159433990134e-05	0.00013040469131465372	0.00017444722504936024	0.0002189872202092746	0.00026415159124381266	0.00031007522332529374	0.0003568914740116699	0.0004047450011057737	0.0004537786851691304	0.0005041501813106096	0.0005560153440993498	0.0006095484654684608	0.0006649222967366927	0.0007223319173323525	0.0007819714570484597	0.0008440615165048174	0.0009088226912382882	0.0009765064276932184	0.0010473654294669264	0.0011216877687929576	0.0011997641957932432	0.0012819252098500897	0.0013685051608443187	0.0014598817712454814	0.0015564366515671006	0.0016585963689453285	0.0017667884866278284	0.0018814825534315572	0.002003139832884631	0.0021322513075749264	0.002269277607892409	0.0024146789710810263	0.0025688391981326737	0.0027320792465355703	0.0029045553441451885	0.0030862440622665536	0.00327680154462925	0.003475506825514756	0.00368107268647298	0.0038915461196011303	0.004104087722331313	0.004314875805907904	0.004518946541680194	0.0047102527840489	0.004881779559948205	0.005026012765735889	0.005135559728514289	0.005204108784602295	0.005227333144673196	0.005203711988210076	0.005134765274845761	0.005024818901510981	0.0048801836936845765	0.004708251391602546	0.004516535274329654	0.004312049333174616	0.004100839893346301	0.003887869743578519	0.0036769597464429795	0.003470948196961742	0.003271787260361425	0.003080762969856143	0.0028985954203841757	0.0027256271944257615	0.002561880809045548	0.002407198662135128	0.00226125882959018	0.002123676022468635	0.001993988966099794	0.0018717354135540628	0.001756423256136719	0.0016475894682453564	0.0015447632659363491	0.001447515158880041	0.0013554172124698104	0.0012680857015272542	0.0011851413768358145	0.001106247559890903	0.0010310720339823981	0.0009593214753749156	0.0008907058673147516	0.0008249696508678017	0.0007618591648064665	0.0007011506328068354	0.0006426209182505866	0.0005860723327941391	0.000531306879202243	0.0004781478069721898	0.00042641745214150366	0.00037595544445782284	0.00032660021562417224	0.0002782037610149648	0.00023061686367707582	0.0001837003219782119	0.00013731391883275241	9.132403973378928e-05	4.559640146799394e-05	0.0	
0.0	4.2428382611384166e-05	8.497399439173835e-05	0.0001277537090963579	0.00017088737933608505	0.00021449381248114625	0.00025869780075373926	0.0003036224641626605	0.00034939996753857434	0.0003961602804910628	0.000444045556980111	0.0004931953754576421	0.0005437647397165614	0.0005959058731566402	0.0006497897798524323	0.0007055846729297446	0.000763481009023269	0.0008236666278640535	0.0008863551360539571	0.0009517578156515202	0.0010201151745979644	0.0010916656330754709	0.0011666799604933694	0.0012454266464522888	0.001328208777530705	0.0014153258050060898	0.0015071121273812858	0.0016038946138071536	0.0017060316678038953	0.001813865252200518	0.0019277583958002868	0.002048039457892791	0.0021750347655794177	0.0023090013401752406	0.0024501495795620923	0.002598558769590522	0.0027541828899553212	0.002916741933318533	0.0030857038859849837	0.003260147399261603	0.0034387198999660086	0.003619481008158656	0.0037998605260699055	0.003976528552603251	0.004145427325872238	0.004301774036655465	0.004440297526557379	0.00455550790474216	0.004642228836512701	0.0046961162049247275	0.004714292707647126	0.004695725153775705	0.004641445874047733	0.004554331337408181	0.004438724765357421	0.004299801677343516	0.004143051024991643	0.0039737431606524775	0.0037966599019420674	0.003615858204537266	0.003434666916615639	0.0032556554196113193	0.003080762969856143	0.002911341303346777	0.0027483105644648767	0.0025922018971912624	0.002443294012986595	0.0023016320170629054	0.0021671352241785166	0.002039592261705688	0.0019187445921126879	0.0018042648379064466	0.0016958229917522836	0.0015930548807473154	0.0014956167451057726	0.0014031489229506145	0.001315322579633279	0.0012318019204979739	0.0011522853374928404	0.001076468182954733	0.0010040795927122794	0.0009348470398710608	0.0008685294807565451	0.0008048844168445508	0.0007436976569328239	0.0006847533277210957	0.0006278603511328164	0.0005728256770509162	0.0005194774729501764	0.000467641754548254	0.00041716223603659766	0.00036788047550191	0.0003196523148298804	0.00027233161920480343	0.00022578323293097016	0.0001798703662536424	0.00013446399940370623	8.943394990367802e-05	4.465466789751912e-05	0.0	
0.0	4.1503226221525954e-05	8.31175637368387e-05	0.00012495552539237628	0.00016712879992111982	0.00020975328863424438	0.0002529432748930015	0.00029682008872578783	0.0003415027073872982	0.00038712002464441327	0.00043379793058860876	0.0004816751447287152	0.0005308868330027842	0.0005815839433380879	0.0006339134232613412	0.000688040970860577	0.0007441279142540937	0.0008023572557621511	0.0008629072592057795	0.0009259806134502849	0.0009917747356959303	0.001060513800398007	0.0011324156908344043	0.0012077265109889284	0.00128668397859876	0.001369553829539138	0.001456589204470789	0.001548068020866318	0.0016442475075226716	0.0017454010975866997	0.0018517666475287744	0.0019635806398507014	0.002081017754976957	0.002204219189444298	0.0023332202601236652	0.002467968754699272	0.002608236746784936	0.002753625165759989	0.002903457712524978	0.003056771870179578	0.003212200393957868	0.0033679614795537683	0.003521752009870637	0.0036707750108118703	0.0038116995951906494	0.003940795031788626	0.004054033867548558	0.004147397714263452	0.004217150206412744	0.004260268214193832	0.004274740383808696	0.004259883308167103	0.004216379564795212	0.004146239647394129	0.004052485878473518	0.003938853724740465	0.0038093607809096862	0.0036680335542705286	0.0035186019875372678	0.0033643959667451744	0.0032082116731809475	0.0030523511586390576	0.0028985954203841757	0.0027483105644648767	0.0026024582757861164	0.002461713631374521	0.00232647483319681	0.002196968491392739	0.0020732459000671263	0.0019552703200006434	0.0018428995725513272	0.0017359574355352903	0.0016342063643887015	0.0015374068264633934	0.00144528422846749	0.0013575795139265947	0.0012740134865485326	0.001194331006893602	0.001118264918055966	0.0010455753097621725	0.0009760144877309719	0.000909362156042822	0.0008453923494137107	0.0007839049870906997	0.0007246953525478318	0.0006675822313200088	0.000612380314264808	0.0005589249928760177	0.0005070479335360563	0.0004565985281539489	0.0004074228063905244	0.00035938150180574695	0.0003123324171256539	0.00026614505091389525	0.00022068649557785677	0.00017583256753407077	0.00013145729171127726	8.744048370937167e-05	4.3660853912041823e-05	0.0	
0.0	4.053258490426733e-05	8.117098527660834e-05	0.00012202054718837478	0.00016318925076980293	0.00020478367797200823	0.0002469156842280276	0.0002896948268613967	0.00033323858442956943	0.0003776612812143751	0.00042308781618315887	0.00046963912860617155	0.0005174493783766858	0.0005666480036128833	0.0006173802694404957	0.000669785967990987	0.0007240232206192068	0.0007802438599642024	0.0008386203259137335	0.0008993177418263233	0.0009625236792444698	0.0010284168856764372	0.0010971995943866927	0.0011690627635371053	0.0012442204563266942	0.0013228712880542222	0.0014052341722257747	0.0014915054140070697	0.0015818947793892818	0.0016765772926170864	0.0017757281192356854	0.0018794676225594438	0.00198789299670096	0.002101014617945463	0.0022187819323931097	0.0023410089780019124	0.002467392339055012	0.002597424860533134	0.002730405899945053	0.0028653465676542955	0.00300097935453693	0.0031356682557669166	0.0032674383090545507	0.003393920354748207	0.003512438357994651	0.0036200326862711853	0.0037136471382105017	0.003790259523121542	0.003847167021554453	0.0038821771668955474	0.0038938894800187745	0.0038817988110589558	0.0038464094833709217	0.0037891211756034674	0.0037121254939213675	0.0036181244752858943	0.003510139408113398	0.003391225720966798	0.003264342094275792	0.0031321637910839786	0.0029970589609042315	0.002861001786004942	0.002725627194425762	0.002592201897191263	0.002461713631374521	0.0023348622126050803	0.0022121535577338735	0.0020938902151739778	0.001980256812473557	0.0018713029829086688	0.0017670169075389172	0.0016673004039980993	0.0015720315449460308	0.0014810340929401547	0.0013941313234553127	0.001311112296922145	0.0012317788547275643	0.001155910787670614	0.0010833074544816367	0.001013753350871947	0.0009470552978932991	0.0008830094491523709	0.0008214346157328109	0.0007621414102948283	0.0007049620174481875	0.0006497219434975191	0.0005962663781523755	0.0005444348673343709	0.0004940843147222076	0.0004450667960957072	0.0003972491947000869	0.00035049431004812657	0.00030467709368511305	0.0002596691604958134	0.00021535158085503325	0.00017160287018089425	0.0001283082931544203	8.53513825053457e-05	4.26197169562234e-05	0.0	
0.0	3.952078340641248e-05	7.914115489092126e-05	0.00011896193639185551	0.0001590829093167557	0.0001996075549935559	0.00024063728411949207	0.00028227966690554953	0.00032463919056991184	0.0003678289453199083	0.0004119579440101565	0.00045714621074185134	0.0005035087034471542	0.0005511737288193496	0.0006002635101446459	0.0006509158233236324	0.0007032612458591722	0.0007574478703827761	0.0008136152518293185	0.0008719220017014808	0.0009325164123293191	0.0009955666589687158	0.0010612280128207236	0.001129675267514857	0.0012010663430161187	0.0012755763935643964	0.0013533574374519617	0.00143457338071208	0.0015193550719844896	0.0016078351870350734	0.0017000978150541173	0.0017962118303626626	0.0018961738442120255	0.0019999384823594377	0.0021073535174597445	0.002218185736606348	0.0023320478372612927	0.0024484200529457647	0.002566570930782407	0.002685578778510428	0.0028042540322465435	0.0029211720036135314	0.0030346136117924975	0.0031426307621116355	0.003243031065609198	0.0033335019643578206	0.003411661567773195	0.003475251118597926	0.003522240964701265	0.0035510515005641387	0.0035606445403949466	0.003550680076226578	0.003521497321459851	0.0034741336378920733	0.003410167858255197	0.003331628773688278	0.003240774382602389	0.0031399856699916026	0.0030315744407380255	0.002917732125866725	0.002800406064247851	0.0026813143184007586	0.0025618808090455483	0.0024432940129865952	0.0023264748331968104	0.0022121535577338744	0.002100849131557514	0.0019929476049772247	0.0018886813255565025	0.0017882011704457184	0.001691551591945389	0.0015987345189871819	0.0015096800845333723	0.0014243026169599745	0.0013424683611831796	0.0012640447489023412	0.0011888666903953381	0.0011167802939335927	0.0010476090971666193	0.0009811931340590703	0.0009173561557246504	0.0008559406506574963	0.0007967768153467648	0.0007397138980842011	0.0006845914566128323	0.0006312672289015521	0.000579591055322049	0.0005294293704676517	0.0004806420565506964	0.00043310358333384656	0.00038668298307322765	0.0003412616276955873	0.0002967164622360953	0.0002529343897045579	0.0002097988614678978	0.0001672008340249205	0.00012502878573844673	8.31762115063033e-05	4.153511217585735e-05	0.0	
0.0	3.847123113661997e-05	7.70367060605989e-05	0.00011579010055194814	0.00015482739661051517	0.00019424287363701594	0.00023413541203821524	0.00027460105756418364	0.00031574272538566634	0.0003576593620331528	0.00040045900280136334	0.0004442445633954897	0.0004891301821978969	0.0005352236772776192	0.0005826460791308961	0.0006315107861169667	0.0006819461603545613	0.0007340714028437288	0.0007880220416589423	0.000843922522559616	0.0009019143593186915	0.0009621253904117174	0.001024700279426108	0.0010897663158258197	0.0011574658410092621	0.0012279183634580117	0.0013012543369102633	0.0013775732142852078	0.0014569778216171805	0.0015395278042568475	0.00162527365360638	0.0017142048584964378	0.001806282544048966	0.0019013816761134143	0.001999321479372065	0.0020998015611947336	0.0022024302065601384	0.0023066558237503886	0.002411795502348344	0.0025169664139998065	0.002621121253122265	0.002722989408829688	0.002821131642539389	0.002913906332869976	0.002999559553947574	0.003076231825726134	0.0031420937572701375	0.0031953943612516595	0.003234628628063372	0.00325859681076893	0.0032665561028639425	0.0032582327030613693	0.0032338996233263343	0.003194298906023129	0.003140629476306518	0.0030743955974178562	0.0029973473951959333	0.002911313524346812	0.0028181525563999673	0.0027196176831662195	0.0026173495629847514	0.002512786694131539	0.002407198662135129	0.0023016320170629063	0.0021969684913927395	0.0020938902151739778	0.001992947604977225	0.001894531560141892	0.0017989412094294981	0.0017063564657295088	0.0016169010002855038	0.0015306127662244996	0.0014475008013969557	0.0013675136194100097	0.001290589978536	0.0012166259690295582	0.001145520404372061	0.0010771416410952465	0.0010113682839344399	0.0009480566763369991	0.0008870774707989834	0.0008282845413178377	0.0007715477995829369	0.000716724097514627	0.0006636865243303985	0.0006122977179366627	0.0005624357704542039	0.0005139702546012717	0.0004667847929034628	0.00042075602309102887	0.00037577284122698604	0.0003317184706528253	0.0002884863640260658	0.0002459654966650247	0.00020405290090143828	0.0001626422716631187	0.00012163310419189668	8.092267377980481e-05	4.041175173786945e-05	0.0	
0.0	3.738815801445374e-05	7.486440113838971e-05	0.00011251789144821277	0.0001504365704244656	0.0001887116017359228	0.0002274317035549415	0.0002666909334994198	0.00030657966639081164	0.0003471956807246439	0.0003886318061453246	0.00043099025125492904	0.0004743669504510972	0.0005188690497073675	0.0005645959830487208	0.0006116600045322372	0.0006601640184479603	0.0007102250097369019	0.0007619486361143251	0.0008154553623544341	0.0008708517931800552	0.0009282592551993933	0.0009877818022644325	0.0010495369082192953	0.0011136200078378507	0.0011801368617456636	0.0012491644063338534	0.0013207842341129627	0.0013950394270444725	0.0014719684839642948	0.0015515577421537177	0.0016337750394544335	0.0017185173803053754	0.001805643775646305	0.00189491816379807	0.0019860414658970016	0.0020785907286322994	0.002172051816760938	0.002265757672198712	0.0023589255585594604	0.002450600385983451	0.002539703840919737	0.0026249921419103117	0.002705127104237117	0.00277865873476146	0.0028441263745031054	0.0029000703915766993	0.0029451601905755185	0.0029782227403633813	0.0029983741873846293	0.003005033049128112	0.0029980177573431513	0.0029775091239805348	0.00294408784704662	0.002898637044995847	0.0028423289293289453	0.002776493374374032	0.002702589150314923	0.0026220762016396404	0.0025364036106813965	0.0024469088464628926	0.002354834723295231	0.0022612588295901808	0.002167135224178517	0.002073245900067127	0.0019802568124735577	0.0018886813255565027	0.0017989412094294983	0.0017113347339093258	0.001626096687982326	0.0015433672025124802	0.0014632479008860899	0.0013857700256478772	0.0013109457568857637	0.0012387356012149853	0.001169094871440794	0.0011019408906131848	0.0010371949809820336	0.0009747501909922621	0.0009145091932609915	0.0008563531980557936	0.0008001760906983583	0.0007458550831550028	0.0006932813225942315	0.0006423327143432372	0.0005929011438762818	0.0005448678023458942	0.000498127095936165	0.00045256472433274214	0.0004080783044715293	0.0003645583904837822	0.00032190580975010046	0.0002800157659092712	0.0002387918694728051	0.00019813342941151359	0.00015794615465263627	0.00011813271134745022	7.860007249518996e-05	3.9253394918615007e-05	0.0	
0.0	3.627484464195105e-05	7.263254280558708e-05	0.00010915530122753262	0.00014592733144977145	0.00018303090000616767	0.0002205522599898637	0.0002585744054182477	0.00029718624872883707	0.00033647209623221695	0.00037652401961667454	0.0004174280763594933	0.0004592798025747365	0.0005021672055232848	0.0005461892804659147	0.0005914358006113348	0.0006380087305232218	0.0006859988301126214	0.0007355097996000685	0.0007866316962026039	0.0008394675983562458	0.0008941038041736608	0.0009506387435395244	0.0010091498846970782	0.0010697245516850743	0.0011324234112066968	0.0011973127746121627	0.0012644244811843785	0.001333789195306081	0.0014053924711892947	0.0014792085374958127	0.0015551523808815032	0.001633113623844558	0.0017129047097711506	0.0017942948662641443	0.0018769550854872848	0.0019604930231530296	0.002044396651513411	0.0021280724539915184	0.002210791479810301	0.0022917352788204984	0.0023699502376658063	0.002444407558219079	0.0025139728400674216	0.0025774860381215983	0.002633750715028549	0.0026816345306905913	0.0027200740808079205	0.0027481852121808243	0.0027652667258214426	0.002770898193974308	0.0027649183370396903	0.002747487685597104	0.0027190259426091335	0.002680233527188031	0.00263199388521952	0.002575369603685399	0.0025114923259001516	0.002441557627829832	0.0023667248610828627	0.002288127513866583	0.002206793686537729	0.002123676022468636	0.00203959226170569	0.0019552703200006443	0.0018713029829086696	0.001788201170445719	0.001706356465729509	0.0016260966879823265	0.001547651808304222	0.0014712081050116282	0.0013968751033369144	0.001324736439089421	0.0012548169685291577	0.0011871296502290276	0.0011216428289568525	0.001058323057056548	0.0009971029423256612	0.0009379200758632775	0.0008806859471267257	0.0008253211978382618	0.0007717260887435285	0.0007198122683476236	0.0006694752070624341	0.0006206226137955063	0.000573149174662348	0.0005269616965061206	0.00048195641598881785	0.0004380409066515	0.0003951141649209548	0.0003530852879903302	0.0003118564958392104	0.0002713385695052106	0.0002314369305782365	0.00019206382096194818	0.00015312753116961643	0.00011454130116722802	7.621576420015265e-05	3.8064551934222223e-05	0.0	
0.0	3.5135298516069206e-05	7.03475103190201e-05	0.00010571448325359506	0.00014131270766964434	0.00017722146430326318	0.00021351730484680978	0.00025028138552538786	0.0002875907301118267	0.00032552870528141146	0.00036417308419427094	0.0004036096010921228	0.0004439168389631719	0.0004851827792395621	0.0005274865386426283	0.000570917804304114	0.000615555441480315	0.0006614896737554016	0.0007087975735375282	0.0007575678099263124	0.0008078730164909262	0.0008597968850054686	0.0009134033795249927	0.0009687659031098474	0.001025933295654357	0.001084960747265004	0.001145872487175104	0.0012086940738389113	0.0012734116720702561	0.001340005343182703	0.0014084048550526318	0.0014785236772003503	0.0015502114411064388	0.0016232885999365194	0.0016974960562661017	0.001772530989794881	0.0018479949158562085	0.0019234321213746127	0.001998278569171465	0.00207190568103215	0.0021435738768361594	0.0022124856970733857	0.002277748659154845	0.002338441872135216	0.0023935919245781385	0.002442254620351118	0.0024835032616790514	0.0025165209382608145	0.002540592988039635	0.0025551973087854286	0.0025599859889954696	0.0025548573006404403	0.002539912256563837	0.002515498026211113	0.002482136017149494	0.0024405401162395004	0.0023915265531437484	0.002336021211045841	0.0022749676127458984	0.0022093383093773488	0.0021400535188507448	0.0020680048112911146	0.001993988966099795	0.0019187445921126887	0.001842899572551328	0.0017670169075389179	0.0016915515919453897	0.0016169010002855043	0.0015433672025124804	0.0014712081050116282	0.0014006024625114217	0.0013316993632544343	0.0012645844934591976	0.0011993267067265932	0.001135945034057454	0.0010744518241027345	0.001014820535062436	0.0009570253325311257	0.0009010099541045237	0.0008467238245041163	0.0007940923649930177	0.0007430497333166396	0.0006935109430279765	0.0006454013258638885	0.0005986307822306645	0.0005531200337804726	0.0005087772726322609	0.00046552124060878137	0.0004232604934976614	0.0003819133181771058	0.00034138978369514024	0.00030160849035176546	0.00026248154219838294	0.00022392811263217098	0.00018586244221583596	0.0001482042022195886	0.00011086959617072762	7.377850469756716e-05	3.6848747768396875e-05	0.0	
0.0	3.397256050481264e-05	6.80170458988881e-05	0.00010220467773970038	0.00013660841272451494	0.0001712990891528298	0.00020635098571222723	0.00024183482066978301	0.00027782639465031406	0.00031439645488592644	0.00035162236889867225	0.0003895748732045219	0.00042833270573342983	0.0004679662625503015	0.0005085550948925163	0.0005501684980007529	0.0005928857531379161	0.0006367736687149234	0.000681909417913939	0.0007283550433240419	0.0007761827065605853	0.0008254461536887977	0.0008762081554174016	0.0009285089135864643	0.000982395432683492	0.001037886833304348	0.0010950053667232679	0.0011537386023143907	0.001214071794880551	0.0012759469542970533	0.001339296333160509	0.0014039985105121452	0.0014699129373206131	0.001536833433791387	0.001604524081225969	0.0016726710146413022	0.0017409205436277064	0.0018088308556639264	0.0018759140735934417	0.001941590376793879	0.0020052365458605136	0.0020661456861678926	0.0021235851085261337	0.002176764544596231	0.002224905056128498	0.0022672164204627526	0.002302975381898261	0.0023315084619511396	0.002352272782384468	0.002364835539313342	0.002368946649424411	0.002364504252580558	0.0023516095028890288	0.0023305118008038824	0.0023016432150391947	0.002265545958062077	0.0022228927381253423	0.0021744061559981678	0.0021208756231209315	0.002063079427168973	0.0020018069782735846	0.0019377903126362875	0.0018717354135540638	0.0018042648379064477	0.001735957435535291	0.0016673004039980993	0.0015987345189871819	0.0015306127662244999	0.00146324790088609	0.0013968751033369147	0.0013316993632544343	0.001267860448527359	0.001205478501884611	0.0011446204369467432	0.001085342869156939	0.001027659646734274	0.0009715817202381532	0.0009170858668963159	0.0008641513710888916	0.0008127301701886486	0.0007627803421399747	0.0007142379585362721	0.0006670474170249012	0.0006211352850729156	0.0005764375162785077	0.0005328755390378105	0.0004903803817376402	0.00044887122251448453	0.0004082764315575711	0.00036851476018186495	0.0003295132947889075	0.0002911914291332823	0.00025347571578090717	0.0002162867356517544	0.00017955082918871048	0.00014318995175897778	0.00010713026759385789	7.129505778733593e-05	3.561016461057853e-05	0.0	
0.0	3.279031522678253e-05	6.564695098641151e-05	9.863703618933468e-05	0.00013182625133490686	0.00016528268637418594	0.0001990715149992218	0.0002332618727979876	0.00026791846912005364	0.00030311144117639116	0.0003389049183395365	0.00037536979085393596	0.00041256924754393067	0.00045057437867508144	0.0004894467114718267	0.0005292565450424992	0.0005700625084032256	0.000611932500957235	0.0006549202946247347	0.000699088926210541	0.0007444843590774155	0.0007911611448021473	0.0008391531522531658	0.0008885012880648169	0.0009392212962526649	0.0009913333065957146	0.00104482671496092	0.0010996913280164992	0.0011558793696266857	0.0012133380307855065	0.0012719687376013936	0.0013316610296577455	0.0013922494083271936	0.0014535486970259828	0.0015153091075668552	0.0015772536196155362	0.0016390323808660365	0.0017002631765024713	0.0017604868674179818	0.0018192125891628077	0.0018758764286004367	0.0019298932861181867	0.0019806209707756367	0.0020274201551172023	0.0020696249568088634	0.002106610581541439	0.002137768913955985	0.002162580310837308	0.0021805893304228754	0.0021914739668055594	0.0021950143237631984	0.0021911517181326915	0.0021799441614321477	0.002161610852802926	0.002136473146253528	0.0021049857554211963	0.002067667685548523	0.0020251262872463165	0.0019779857247760727	0.001926911073501875	0.0018725410325249802	0.0018155169379231808	0.00175642325613672	0.0016958229917522845	0.0016342063643887017	0.001572031544946031	0.0015096800845333727	0.001447500801396956	0.0013857700256478776	0.0013247364390894213	0.0012645844934591976	0.0012054785018846112	0.001147528156703431	0.0010908307600404521	0.001035438300449464	0.00098139718849543	0.0009287167349999065	0.0008774060767877974	0.0008274441292926137	0.0007788135711414481	0.0007314724579250019	0.000685385224736412	0.0006404961881293791	0.0005967575611890456	0.0005541050698109411	0.0005124829821843953	0.00047182204488885066	0.0004320615242007292	0.0003931296394701829	0.0003549626063412342	0.00031748771581502594	0.0002806393635702584	0.0002443448958885968	0.00020853760643798228	0.00017314544580173508	0.0001381009676804046	0.00010333297720525254	6.877341228562928e-05	3.435198693121871e-05	0.0	
0.0	3.159128086423365e-05	6.324423471096925e-05	9.501979744721623e-05	0.00012698040388121228	0.0001591862673919648	0.00019170056642075963	0.00022458274157281682	0.000257896596330888	0.00029170062160221164	0.00032605895911850836	0.0003610287710014819	0.00039667399744452156	0.0004330497944113078	0.00047021899853983513	0.0005082336593819652	0.0005471541039547667	0.000587027590918253	0.0006279098450396025	0.000669840859793943	0.0007128687490954655	0.0007570227233580922	0.0008023390844074218	0.0008488314012229052	0.0008965184585761202	0.0009453916687326323	0.0009954447835291765	0.001046638608217711	0.0010989323144694545	0.0011522455896408605	0.0012064914654498296	0.0012615361641904034	0.001317233510786735	0.0013733829532720063	0.0014297658779351585	0.0014861025997104592	0.0015420912506078782	0.0015973649305398123	0.001651534225123246	0.0017041460659629158	0.0017547311810382096	0.0018027662935302673	0.0018477276103892474	0.0018890574410608246	0.0019262238385587796	0.00195869126613159	0.0019859846089322233	0.002007661319970369	0.002023375748199065	0.0020328481920613923	0.0020359241347280583	0.002032535298439153	0.002022749300184594	0.002006720018036847	0.0019847264654515974	0.001957113671313036	0.0019243234619206024	0.0018868303409914843	0.0018451690867565065	0.001799871040361492	0.0017514930907469508	0.0017005584244466129	0.0016475894682453573	0.0015930548807473158	0.001537406826463394	0.001481034092940155	0.001424302616959975	0.0013675136194100104	0.0013109457568857643	0.0012548169685291579	0.0011993267067265932	0.0011446204369467434	0.0010908307600404521	0.001038043891694157	0.0009863388840331772	0.0009357557614835231	0.0008863323680151941	0.0008380740879302736	0.0007909880611653862	0.0007450545702167761	0.0007002584944516372	0.0006565625213900074	0.0006139357783455179	0.0005723290538331779	0.0005317005750292343	0.0004919934240405399	0.00045315843998775044	0.00041513399933322125	0.0003778660228308433	0.0003412902675349784	0.0003053494176675792	0.0002699780129282708	0.00023511660168042627	0.00020069940798572982	0.0001666655267816075	0.00013294941157740065	9.948909490186476e-05	6.621956005708764e-05	3.307797601957101e-05	0.0	
0.0	3.0378747125062805e-05	6.08139832261496e-05	9.136289582756122e-05	0.0001220811785940848	0.00015302660450696828	0.0001842539374809639	0.00021582135129168492	0.00024778245020839725	0.00028019549101591246	0.00031311252625455837	0.0003465913716325395	0.0003806818925217527	0.0004154406427082615	0.0004509143202077802	0.00048715698569985364	0.0005242107175493314	0.0005621252996957505	0.0006009361083986173	0.0006406861405910404	0.0006814011674073705	0.0007231139567849914	0.0007658367336311423	0.0008095874381068548	0.0008543595437384231	0.000900150191205908	0.000946927441239102	0.0009946601422620698	0.001043282745919332	0.0010927268191414487	0.0011428836419580494	0.0011936373770963804	0.0012448258189886653	0.0012962754016653034	0.001347760684321472	0.0013990416116778173	0.0014498225910213733	0.0014997926828836752	0.0015485853827339208	0.0015958226136347934	0.001641076432025435	0.0016839176369293348	0.0017238803605180268	0.0017605155758153807	0.0017933587073824847	0.00182198718241284	0.0018459898089773293	0.0018650259715755277	0.001878794008871624	0.0018870883815446757	0.0018897635036040613	0.0018867851361268316	0.0018781868919488063	0.0018641137070672317	0.0018447705135804385	0.0018204582939626822	0.0017915170702020211	0.0017583573215827835	0.001721401035810518	0.0016811120369954577	0.001637938769950162	0.0015923463075729332	0.0015447632659363504	0.001495616745105774	0.0014452842284674906	0.0013941313234553132	0.0013424683611831805	0.0012905899785360005	0.001238735601214986	0.001187129650229028	0.0011359450340574545	0.001085342869156939	0.001035438300449464	0.0009863388840331774	0.0009381123185851358	0.000890822908316103	0.0008445010210072065	0.0007991772659979598	0.0007548536619597482	0.0007115353142393825	0.0006692033777710964	0.000627844110181553	0.0005874237672278441	0.0005479149593397602	0.000509273635296152	0.00047146269567142213	0.00043443121867424667	0.0003981352956658007	0.00036251964059035556	0.0003275356177816851	0.00029312535908376173	0.00025923695695721294	0.00022581119456608565	0.00019279388009384196	0.000160125276494891	0.0001277495570398387	9.56070038951101e-05	6.364057065525453e-05	3.179090271910706e-05	0.0	
0.0	2.9155054512059012e-05	5.8362356793496726e-05	8.767340572214769e-05	0.00011714099507761886	0.00014681566144568827	0.00017675049865994793	0.00020699480242724558	0.00023760162083052457	0.00026861860491152515	0.0003000982470883519	0.0003320859550454954	0.0003646329153891655	0.0003977814150865315	0.00043158025229170314	0.0004660673353439434	0.0005012875467434938	0.0005372726547285638	0.0005740615205307188	0.0006116773626745587	0.0006501501832323781	0.0006894914319687901	0.0007297185167802709	0.0007708269267531518	0.0008128166894195763	0.0008556620338027331	0.0008993396689138882	0.000943796107501384	0.0009889776752828802	0.0010347956833688947	0.0010811581468317686	0.0011279330993129721	0.001174982112192147	0.0012221221951533344	0.0012691613644433635	0.0013158597603830024	0.0013619676946060844	0.001407186802182919	0.001451211144588913	0.0014936893169431363	0.0015342691870876197	0.0015725617665676985	0.0016081898830229782	0.0016407541577728997	0.0016698852298942263	0.0016952113184309043	0.0017164125974393346	0.0017331887455850382	0.0017453130519474189	0.0017525975518087379	0.0017549440003119083	0.0017523042471343825	0.001744725828955183	0.0017323063977453127	0.0017152332791385285	0.0016937326071523157	0.0016681040339801818	0.0016386668197552108	0.001605792041660839	0.0015698485008730243	0.0015312348331119497	0.0014903276518649497	0.001447515158880042	0.0014031489229506156	0.0013575795139265955	0.0013111122969221459	0.0012640447489023418	0.0012166259690295591	0.0011690948714407948	0.0011216428289568532	0.001074451824102735	0.0010276596467342744	0.00098139718849543	0.0009357557614835233	0.000890822908316103	0.0008466515900798057	0.0008032940716789775	0.0007607728842752753	0.0007191124961357324	0.0006783120671846794	0.0006383747213779375	0.0005992821798674145	0.000561021518444354	0.0005235618006793421	0.0004868782438746676	0.0004509309851533318	0.0004156866016147179	0.00038109913963871577	0.000347128947130674	0.00031372608565315775	0.0002808464398709456	0.0002484376176336835	0.0002164523071085385	0.00018483675405649418	0.0001535413424167828	0.00012251172209303506	9.169659481138164e-05	6.104155044020648e-05	3.0494047161378884e-05	0.0	
0.0	2.7923053081094316e-05	5.589364357595464e-05	8.395991288198248e-05	0.00011216850556378037	0.00014056786243017713	0.00016920340986438653	0.0001981235147701032	0.00022737196874174018	0.0002569965653226782	0.0002870388925198424	0.000317545479742482	0.0003485549200522185	0.0003801115204729166	0.000412249782443562	0.0004450104751927392	0.00047842250944425853	0.000512521339792417	0.0005473282734829094	0.0005828710952411208	0.000619160861204727	0.000656214630237908	0.0006940298050490479	0.0007326088505725489	0.0007719312634876055	0.00081198016513514	0.0008527120121708132	0.0008940849746842053	0.0009360265511572605	0.0009784636890401187	0.0010212885435048015	0.0010643903739455927	0.001107619792521411	0.0011508225768926573	0.0011938028868874397	0.001236359259337578	0.001278247407143067	0.0013192187712429996	0.0013589836056879974	0.0013972524883641298	0.0014337003572127591	0.0014680112335371432	0.0014998436143683505	0.001528878257690652	0.0015547848016297374	0.0015772717988451462	0.0015960536971898849	0.0016109015534280613	0.001621608829892673	0.0016280407048744124	0.0016300969003811483	0.0016277576101251128	0.0016210420614933335	0.0016100499312861906	0.0015949154801868973	0.001575844618041273	0.0015530657404220132	0.0015268637407475632	0.0014975295274346242	0.0014653927684878357	0.0014307721709894187	0.001394008504693998	0.0013554172124698115	0.00131532257963328	0.0012740134865485337	0.001231778854727565	0.0011888666903953388	0.0011455204043720616	0.0011019408906131855	0.0010583230570565486	0.0010148205350624367	0.0009715817202381535	0.0009287167349999069	0.0008863323680151944	0.0008445010210072065	0.0008032940716789775	0.0007627526611708674	0.0007229191379479899	0.0006838096489195514	0.000645443428541969	0.0006078172325937026	0.0005709323133240111	0.0005347707812551718	0.0004993201578961052	0.0004645517739568961	0.0004304428229085214	0.0003969569107196915	0.00036406355296680887	0.00033172098762118706	0.0002998930706090534	0.0002685344536621355	0.00023760484172240392	0.00020705662533060512	0.00017684647029172167	0.00014692548031297495	0.00011724809619172802	8.776485046951976e-05	5.8428560766572714e-05	2.918972466097406e-05	0.0	
0.0	2.6684676521325445e-05	5.341309167500465e-05	8.022824342236978e-05	0.0001071742496937484	0.0001342929965853116	0.00016162857983311634	0.00018922134200493693	0.00021711486301655966	0.00024534739566572667	0.000273961361507639	0.0003029922025939529	0.000332480326699603	0.0003624574010500539	0.0003929606783909897	0.0004240167660762365	0.0004556582522581494	0.0004879049914987149	0.0005207829392338219	0.0005543030040208254	0.0005884819897215617	0.0006233190762071917	0.0006588187644893779	0.0006949650646282188	0.0007317463423550132	0.0007691273185577855	0.0008070757308417246	0.000845532287708781	0.0008844390897178183	0.0009237077379370893	0.0009632495110523731	0.0010029419047635378	0.001042660634220414	0.0010822449763037633	0.0011215317540578366	0.0011603199538013326	0.001198406928442359	0.0012355528353485165	0.001271519327644369	0.0013060343557856592	0.0013388335412388213	0.0013696257420789046	0.001398137062610043	0.0014240772552964933	0.0014471858933293776	0.001467199188077536	0.001483897311947331	0.001497070684884038	0.0015065669737589745	0.0015122555808902767	0.0015140727204853018	0.0015119829637630527	0.0015060211744766425	0.0014962505927974164	0.0014828012278974645	0.0014658248825333772	0.0014455305207641987	0.0014221374508110306	0.0013959088138806438	0.0013671045240587958	0.0013360141461386216	0.0013029110652868694	0.001268085701527255	0.001231801920497975	0.001194331006893603	0.001155910787670615	0.0011167802939335933	0.001077141641095247	0.0010371949809820345	0.0009971029423256617	0.0009570253325311259	0.000917085866896316	0.0008774060767877975	0.0008380740879302738	0.0007991772659979599	0.0007607728842752753	0.0007229191379479899	0.0006856476284823394	0.0006489924734322039	0.0006129646076876106	0.0005775787929614955	0.0005428297875348915	0.0005087171162963673	0.000475223191637517	0.00044233574390050036	0.00041002799081362205	0.00037827865406592784	0.0003470542778467342	0.00031632677442257356	0.00028605798801976706	0.0002562147242172223	0.00022675564662892538	0.00019764375411061041	0.00016883568654166346	0.0001402916218753371	0.00011196705512085368	8.382009511115392e-05	5.5805768355541035e-05	2.7880703594257425e-05	0.0	
0.0	2.5442314926932495e-05	5.092415738961623e-05	7.648557774188436e-05	0.00010216516441484386	0.0001280030600278538	0.00015403646476878046	0.00018030512106376003	0.000206844310152375	0.00023369276966531369	0.0002608831973288916	0.00028845255456575505	0.00031643009968250653	0.0003448500192823938	0.0003737370214813439	0.0004031212258824352	0.00043302135573984016	0.00046346180711728335	0.0004944534881906994	0.0005260129799884345	0.0005581410823454218	0.0005908439738029354	0.0006241095388343569	0.0006579304352042738	0.0006922782983840442	0.0007271286337299544	0.0007624330244861496	0.0007981457867435586	0.0008341943501803074	0.0008705076487208962	0.0009069849001786482	0.0009435257555672644	0.0009799977736904553	0.0010162684128917712	0.0010521715711218562	0.0010875415623676828	0.0011221791526704545	0.0011558876938914157	0.0011884390992156358	0.0012196122712210314	0.0012491593848493001	0.001276846603401982	0.0013024208369372425	0.0013256524660185671	0.0013463024176069308	0.0013641662406532668	0.001379040954920522	0.0013907694494862774	0.0013992062534077727	0.0014042610239102735	0.0014058623332240043	0.001403999129395435	0.0013986819339336012	0.0013899816235655202	0.0013779880273972062	0.0013628460409830863	0.0013447122744504863	0.0013237891046260436	0.0013002804906524744	0.001274424870527892	0.0012464513766034958	0.0012166124286100183	0.0011851413768358154	0.0011522853374928413	0.0011182649180559669	0.0010833074544816376	0.00104760909716662	0.0010113682839344407	0.0009747501909922627	0.0009379200758632781	0.0009010099541045242	0.0008641513710888919	0.000827444129292614	0.0007909880611653865	0.0007548536619597483	0.0007191124961357325	0.0006838096489195515	0.0006489924734322039	0.0006146848347728582	0.0005809139751914239	0.0005476865743150037	0.0005150135669412895	0.00048288807779284747	0.0004513080694960798	0.00042025623067944054	0.00038972036241120096	0.0003596753073705079	0.00033010100453964277	0.0003009665477785365	0.0002722458538959152	0.00024390393404828448	0.00021591013185746113	0.00018822668277590593	0.00016081948841343275	0.00013364902886829112	0.00010667864803062715	7.986787286963748e-05	5.3178192914030275e-05	2.656882923932049e-05	0.0	
0.0	2.4197488431931428e-05	4.8431158754864124e-05	7.273647795380161e-05	9.714988280031527e-05	0.00012170565682265406	0.0001464399963068609	0.00017138547998896613	0.00019657748796861148	0.00022204627394902904	0.0002478256983296249	0.0002739429214759761	0.00030042940187772853	0.00032730823742976417	0.00035460736942690714	0.00038234460749187414	0.00041054297081590007	0.00043921344171080924	0.0004683723676415118	0.0004980219992465501	0.0005281698714416539	0.000558807195378209	0.00058993013575007	0.0006215161442196192	0.000653547054985399	0.0006859834717527309	0.0007187896168227622	0.0007519059168205798	0.0007852755639805985	0.000818815488942853	0.0008524446271098184	0.0008860535190826315	0.0009195343173412641	0.0009527493111568891	0.000985562751133994	0.0010178086436010896	0.0010493244964421816	0.001079918747264576	0.0011094065186414176	0.0011375770069426544	0.0011642312498204362	0.0011891496817437483	0.001212131740901338	0.0012329635841839869	0.0012514591025572035	0.0012674275122754918	0.0012807150623219425	0.0012911719608633793	0.001298693848366594	0.001303187394598048	0.0013046105918093469	0.0013029364654061194	0.0012981914747156036	0.001290417130183689	0.0012797062253091262	0.0012661626367112301	0.0012499355945916372	0.0012311783777945633	0.001210081180183976	0.0011868296456480321	0.001161636995891738	0.0011347033308322456	0.001106247559890904	0.001076468182954734	0.0010455753097621734	0.0010137533508719479	0.000981193134059071	0.0009480566763369997	0.0009145091932609923	0.0008806859471267264	0.0008467238245041169	0.0008127301701886488	0.0007788135711414483	0.0007450545702167765	0.0007115353142393826	0.0006783120671846797	0.0006454434285419692	0.0006129646076876109	0.0005809139751914238	0.0005493091022917042	0.000518171460300064	0.0004875042630954729	0.0004573151731103161	0.00042759600800168723	0.0003983433450605755	0.00036954016626930785	0.000341174277740529	0.0003132219721662856	0.00028566419816668806	0.0002584723178869716	0.00023162197497106213	0.0002050810197239471	0.00017882103550192758	0.00015280749595571782	0.00012700891918204836	0.00010138931219885225	7.591493107235983e-05	5.054905769941141e-05	2.525635284354412e-05	0.0	
0.0	2.295212741000491e-05	4.5936727201022606e-05	6.898672454692537e-05	9.21336500875027e-05	0.0001154103804552902	0.00013884698762533506	0.00016247574536403905	0.00018632468096820001	0.00021042481623593254	0.00023480143599789125	0.00025948352261221676	0.00028449276427689705	0.000309855132688718	0.0003355876628421663	0.00036171211474672507	0.00038823956565898446	0.0004151860891895355	0.00044255521129188565	0.0004703555345197456	0.0004985811214912504	0.0005272309895786075	0.0005562875011590426	0.0005857376560136104	0.0006155495878905251	0.0006456955898983825	0.0006761268431881578	0.0007067981259969291	0.0007376409335588973	0.00076858984464206	0.0007995542316678863	0.0008304462879760487	0.0008611515702948319	0.0008915587203102893	0.0009215291203246425	0.0009509283634970292	0.0009795953242544317	0.0010073754265160569	0.0010340894145288153	0.0010595684176347752	0.0010836226352847235	0.0011060780839997515	0.0011267452718521523	0.0011454573371768373	0.0011620385946782509	0.0011763435638918348	0.0011882250662927486	0.001197573456142709	0.0012042838102058811	0.001208294595410175	0.001209553497623743	0.0012080548523467176	0.0012038038430386803	0.0011968522839552183	0.00118726124269698	0.0011751351205919033	0.0011605831101430316	0.0011437518428176526	0.0011247863546906718	0.0011038617558182303	0.0010811444688837543	0.001056823379459427	0.001031072033982399	0.0010040795927122803	0.0009760144877309728	0.0009470552978933	0.0009173561557246513	0.000887077470798984	0.0008563531980557942	0.0008253211978382623	0.0007940923649930183	0.000762780342139975	0.0007314724579250022	0.0007002584944516377	0.0006692033777710968	0.0006383747213779378	0.0006078172325937031	0.0005775787929614957	0.0005476865743150037	0.0005181714603000641	0.0004890458951224608	0.000460326490517465	0.00043201365318175627	0.00040411225503286867	0.00037661310054561636	0.0003495115646346113	0.00032279096898902145	0.0002964391123306846	0.00027043362672407985	0.00024475634075614514	0.0002193806842335229	0.00019428383742255465	0.0001694362469178414	0.00014481152465339544	0.00012037813013683599	9.610699237872319e-05	7.196540494732495e-05	4.792235287394086e-05	2.3944657661038773e-05	0.0	
0.0	2.170734993034904e-05	4.344426971705567e-05	6.523965487945475e-05	8.712324054062438e-05	0.00010912273184620095	0.00013126749036457	0.00015358347099707253	0.00017609905606782284	0.000198837809023644	0.00022182642250766308	0.0002450853076519788	0.0002686386137014057	0.0002925026803191568	0.0003166980781031235	0.0003412359603448145	0.000366132066491802	0.0003913910196683342	0.000417022229387717	0.0004430221924942453	0.000469392228020457	0.0004961188528813368	0.0005231932816947045	0.0005505899655469347	0.000578287793940936	0.0006062469062620876	0.0006344315427421838	0.0006627852645577608	0.0006912554161560072	0.0007197669209519902	0.0007482483375538712	0.0007766044316856242	0.0008047438303873771	0.0008325506020301285	0.0008599135286095551	0.0008866969456602901	0.0009127716525004121	0.0009379852599227438	0.0009621947280021343	0.0009852364277372443	0.0010069602231619248	0.0010271993640177694	0.0010458059090760119	0.0010626204336389932	0.0010775084371352876	0.0010903296959842114	0.001100975146642389	0.0011093355876755533	0.0011153384336475389	0.0011189154267585704	0.0011200386697149851	0.0011186870876131118	0.0011148812906906873	0.0011086487280119175	0.0011000571733020628	0.0010891787771679534	0.0010761222346630116	0.0010609961848115886	0.0010439403196950722	0.0010250887225462945	0.001004600258733074	0.000982622456174074	0.0009593214753749165	0.0009348470398710618	0.0009093621560428231	0.0008830094491523717	0.0008559406506574972	0.0008282845413178385	0.0008001760906983589	0.0007717260887435287	0.00074304973331664	0.0007142379585362724	0.0006853852247364125	0.0006565625213900078	0.0006278441101815533	0.0005992821798674148	0.0005709323133240114	0.0005428297875348917	0.0005150135669412896	0.0004875042630954731	0.000460326490517465	0.0004334885205714186	0.0004070028672768182	0.00038086768526470794	0.00035508547949881684	0.0003296463067532249	0.00030454452470585165	0.0002797638606065182	0.00025529213238551743	0.00023110824800789685	0.0002071948450982337	0.00018352728099602257	0.00016008414893184486	0.00013683831300287022	0.00011376526898268971	9.083627112844166e-05	6.802451490109971e-05	4.530039430027706e-05	2.263549255736818e-05	0.0	
0.0	2.046464316045116e-05	4.0955632010478555e-05	6.149970380617975e-05	8.212229554781633e-05	0.00010285000857834887	0.00012370683137853493	0.00014471865843792685	0.00016590743397886564	0.00018729769797751563	0.00020890866541958196	0.00023076276417216828	0.0002528756727697537	0.0002752668070745064	0.00029794734830079913	0.0003209326283813979	0.00034422818928635707	0.000367844011188492	0.00039177865457597916	0.0004160352712745095	0.0004406038929898774	0.00046547916371605854	0.0004906408528787078	0.0005160732494215175	0.0005417439953583374	0.0005676250875706265	0.0005936701487916384	0.0006198369931457953	0.0006460634762323124	0.0006722915940689674	0.0006984420806414056	0.0007244400249727012	0.0007501884099336234	0.0007755952441333982	0.0008005462540385806	0.0008249335290346538	0.0008486275814416677	0.0008715074849829859	0.0008934324942170827	0.0009142736093172588	0.0009338848897867802	0.0009521362968329863	0.0009688847452890541	0.0009840079641936768	0.00099737521801764	0.0010088818067385376	0.0010184192810318148	0.001025910110146437	0.0010312771548618856	0.0010344780045442258	0.0010354734919228042	0.0010342612661311172	0.0010308432470675568	0.0010252581540227696	0.001017547980919361	0.00100778939929768	0.0009960595346460795	0.0009824663463014497	0.0009671141376264977	0.0009501331293451754	0.0009316452014980288	0.0009117928972367458	0.0008907058673147526	0.0008685294807565461	0.0008453923494137117	0.0008214346157328118	0.0007967768153467657	0.0007715477995829378	0.0007458550831550034	0.0007198122683476241	0.0006935109430279769	0.0006670474170249016	0.0006404961881293794	0.0006139357783455184	0.0005874237672278444	0.0005610215184443543	0.000534770781255172	0.0005087171162963676	0.0004828880777928476	0.00045731517311031614	0.00043201365318175627	0.00040700286727681824	0.0003822877025951783	0.0003578772205430582	0.0003337677963033192	0.0003099599443146043	0.0002864432142449277	0.00026321113118958525	0.00024024790613405027	0.00021754143109935502	0.00019507186056889913	0.00017282261411910214	0.00015077088118791893	0.00012889659433823876	0.00010717490388401551	8.558309444083536e-05	6.409506889003456e-05	4.2686189731032945e-05	2.132980410572066e-05	0.0	
0.0	1.9224748533142304e-05	3.847335728392871e-05	5.776906478575652e-05	7.713583434408496e-05	9.659575882387309e-05	0.00011617236193668154	0.00013588603205373092	0.0001557592571579429	0.00017581009820961474	0.00019605932891290112	0.00021652196723981966	0.00023721628381967414	0.0002581534185585088	0.0002793482147132867	0.0003008069563609563	0.00032253997940887474	0.00034454757530069386	0.00036683432578128153	0.0003893932291040743	0.0004122217028417229	0.0004353040014823405	0.00045862883152669867	0.00048217014422729566	0.0005059063101395295	0.0005297993882080098	0.0005538158130646396	0.000577904261615339	0.0006020178153134558	0.0006260905669392826	0.0006500612303708768	0.0006738486511597527	0.0006973768449655719	0.0007205495918398273	0.0007432768865981948	0.0007654488025899096	0.0007869633263018095	0.0008076996647811423	0.000827547405736507	0.0008463794073983498	0.0008640821695843215	0.0008805283833997523	0.0008956083195408053	0.0009092020337396262	0.0009212114871725138	0.0009315323186811651	0.000940086330559059	0.0009467926764985957	0.0009516003026574539	0.0009544583888944193	0.0009553483540417156	0.0009542534443174079	0.0009511900000180673	0.0009461762036540026	0.0009392624445669455	0.0009304993902275384	0.0009199674364161346	0.0009077444041727626	0.0008939341820776017	0.0008786344393940022	0.0008619646235494746	0.0008440340988009878	0.0008249696508678026	0.0008048844168445517	0.0007839049870907006	0.0007621414102948291	0.0007397138980842018	0.0007167240975146276	0.0006932813225942322	0.0006694752070624346	0.0006454013258638889	0.0006211352850729161	0.000596757561189046	0.0005723290538331783	0.0005479149593397607	0.0005235618006793425	0.0004993201578961055	0.0004752231916375172	0.00045130806949608	0.0004275960080016874	0.00040411225503286867	0.00038086768526470794	0.00035787722054305825	0.0003351430225743781	0.00031267125328763657	0.00029045691455169016	0.00026849886817611053	0.000246786375259156	0.00022531231051474898	0.0002040614537127771	0.00018302184580506654	0.0001621748823209441	0.00014150476979819598	0.00012099046651133539	0.00010061320749404446	8.035033213398727e-05	6.018085502732033e-05	4.008121321083519e-05	2.0028868543135483e-05	0.0	
0.0	1.7988738611604927e-05	3.5998568327924425e-05	5.405091719199443e-05	7.216602883606323e-05	9.036514932681715e-05	0.00010866714664113009	0.00012709253163910102	0.0001456582250473158	0.00016438338954650317	0.00018328235863085442	0.0002023722498541231	0.00022166407783255772	0.00024117211223058984	0.0002609032054513812	0.0002808678532193839	0.00030106777639324117	0.0003215086373480723	0.0003421859251580031	0.0003630992777891625	0.0003842367309915941	0.0004055905950054804	0.0004271401402296594	0.00044886897808892176	0.0004707462711532891	0.0004927455711906826	0.000514824657849417	0.0005369457924877085	0.0005590543071939243	0.0005811002397791586	0.0006030158122970945	0.0006247384185839734	0.0006461871458489514	0.0006672870880156746	0.0006879450713558434	0.0007080752600647579	0.0007275742423019651	0.0007463478738315718	0.0007642858593727355	0.0007812897417524825	0.0007972470725595416	0.000812060397662989	0.0008256210531809025	0.0008378389292517893	0.0008486158619179316	0.0008578758892464281	0.000865538153890481	0.0008715473186046374	0.0008758458685733965	0.0008784043467297272	0.0008791929659038353	0.0008782113691507519	0.0008754595329525685	0.0008709668488827039	0.0008647624063897927	0.0008569033073317753	0.0008474445318489871	0.0008364665048225606	0.0008240448392409779	0.0008102772450437369	0.0007952534889591324	0.0007790817573823969	0.0007618591648064674	0.0007436976569328247	0.0007246953525478326	0.0007049620174481884	0.0006845914566128331	0.0006636865243303991	0.0006423327143432378	0.000620622613795507	0.000598630782230665	0.0005764375162785083	0.0005541050698109416	0.0005317005750292346	0.0005092736352961522	0.0004868782438746679	0.00046455177395689635	0.0004423357439005006	0.00042025623067944076	0.00039834334506057566	0.0003766131005456164	0.000355085479498817	0.0003337677963033193	0.00031267125328763657	0.0002917958422596805	0.00027114530568624935	0.00025071362403239364	0.00023049831241654672	0.00021048854203205912	0.00019067671538250218	0.0001710482686741834	0.00015159147997533166	0.00013228899621379686	0.00011312583855415614	9.408269293383184e-05	7.514208596965366e-05	5.628347220958469e-05	3.74875622688413e-05	1.8733233490119957e-05	0.0	
0.0	1.675701354577366e-05	3.353301197118029e-05	5.03464206907941e-05	6.721628622443737e-05	8.415997274867751e-05	0.00010119607177803341	0.0001183403578851996	0.00013561040975636635	0.00015301983546462753	0.00017058458060345257	0.00018831544092045207	0.00020622602706747318	0.0002243235901269146	0.000242618606939746	0.000261113952251455	0.00027981606383961914	0.00029872250389137943	0.0003178346595447645	0.0003371437459409721	0.0003566449956327347	0.00037632216678696267	0.00039616317447728857	0.0004161431799224387	0.000436241618111953	0.0004564239577268023	0.00047666008270160046	0.0004969048271752039	0.0005171176728268544	0.0005372421778221893	0.0005572269557004226	0.0005770041299569316	0.0005965115616139748	0.0006156704690119561	0.000634408866770189	0.0006526384899748806	0.0006702793933237394	0.0006872363065334028	0.0007034243158292512	0.0007187447505892023	0.0007331118288272555	0.0007464281344114465	0.0007586120566053054	0.0007695728680050531	0.0007792387336895847	0.0007875313531180532	0.000794394270094864	0.0007997670118355152	0.0008036134117451597	0.0008058951795935543	0.0008065999663089557	0.0008057143377929009	0.0008032513662031903	0.0007992230518163893	0.0007936673077297378	0.000786619962793639	0.0007781410954890852	0.0007682868331967724	0.0007571350630961148	0.0007447572980993062	0.0007312438314194125	0.0007166759564927887	0.0007011506328068363	0.0006847533277210965	0.0006675822313200097	0.0006497219434975196	0.0006312672289015527	0.0006122977179366633	0.0005929011438762824	0.0005731491746623485	0.000553120033780473	0.000532875539037811	0.0005124829821843957	0.0004919934240405403	0.00047146269567142245	0.00045093098515333206	0.0004304428229085216	0.0004100279908136223	0.0003897203624112012	0.000369540166269308	0.00034951156463461147	0.000329646306753225	0.00030995994431460433	0.0002904569145516902	0.0002711453056862494	0.0002520234126676293	0.00023309297974498925	0.00021434727303671624	0.00019578273991129605	0.0001773886420586669	0.0001591570825323866	0.00014107424076326518	0.00012312872807644532	0.0001053044624242306	8.758732219504305e-05	6.99596936591121e-05	5.240540118547721e-05	3.4905954782696595e-05	1.74437426501843e-05	0.0	
0.0	1.553026822806998e-05	3.107716696192614e-05	4.665761369585385e-05	6.22874741500767e-05	7.79834684306328e-05	9.376020651357452e-05	0.0001096337005874491	0.00012561678151239364	0.00014172419817406475	0.0001579664285563292	0.00017435634108137714	0.0001909014210970244	0.00020761196379737688	0.00022449174445549462	0.00024154770780015952	0.00025877911837782734	0.00027618870742622423	0.00029377034850981617	0.00031152162021734107	0.00032943006186517506	0.0003474871089654357	0.000365672994459909	0.0003839720139751475	0.00040235614972263965	0.0004208016239929535	0.00043927133525453776	0.0004577326607104956	0.0004761388065425384	0.0004944478227219013	0.0005126029804865221	0.0005305529633761777	0.0005482313929338848	0.000565578156872009	0.00058251820609497	0.0005989839713015488	0.0006148935479816664	0.0006301741340791435	0.0006447397024884485	0.0006585153632846527	0.000671414595132414	0.0006833643971735591	0.0006942821144829813	0.0007041012017502033	0.0007127476401898641	0.0007201660962375179	0.0007262958981737712	0.0007310973490720062	0.0007345272217016521	0.0007365649857762468	0.0007371877971769889	0.0007363964297041793	0.0007341897798444129	0.0007305903487954005	0.0007256183484692353	0.0007193166481531435	0.0007117246358359195	0.0007029026085344119	0.0006929055984002827	0.0006818072311220603	0.0006696737562287929	0.0006565874156499718	0.0006426209182505873	0.0006278603511328173	0.0006123803142648087	0.0005962663781523761	0.0005795910553220495	0.0005624357704542046	0.0005448678023458948	0.0005269616965061211	0.0005087772726322614	0.0004903803817376407	0.000471822044888851	0.0004531584399877509	0.000434431218674247	0.0004156866016147183	0.00039695691071969173	0.00037827865406592806	0.00035967530737050806	0.0003411742777405291	0.0003227909689890216	0.0003045445247058517	0.0002864432142449278	0.00026849886817611064	0.0002507136240323937	0.0002330929797449893	0.00021563393957472777	0.00019833662294423772	0.0001811938509602162	0.00016420125885595593	0.0001473483620560459	0.00013062713021486457	0.00011402456899929296	9.752972258068006e-05	8.112780342487514e-05	6.48055982465257e-05	4.854717333376396e-05	3.2337666583993866e-05	1.6160590470921806e-05	0.0	
0.0	1.4308603335514022e-05	2.8632064356903385e-05	4.298475086097673e-05	5.738155572683244e-05	7.18358994315342e-05	8.636224113134037e-05	0.00010097257703822771	0.0001156804330535499	0.00013049586883110082	0.00014543093187818654	0.00016049318371957324	0.00017569259023961337	0.00019103359324562392	0.0002065234072106163	0.00022216266682304457	0.0002379550963712801	0.0002538967716898735	0.00026998712538477403	0.00028621687007554807	0.00030258030065794564	0.0003190619349904274	0.0003356500735248796	0.00035232222358846943	0.0003690598769393764	0.00038583279435805683	0.0004026149627157229	0.00041936782722114957	0.00043605739077992513	0.0004526364910407689	0.00046906300506819004	0.000485281275906141	0.0005012413832900793	0.0005168798279537744	0.0005321398223052487	0.0005469513380848042	0.0005612523576576269	0.0005749683801228419	0.0005880345528290717	0.0006003747119634952	0.0006119242853271972	0.0006226089171511017	0.0006323679997574138	0.0006411329029296358	0.0006488509593353908	0.0006554632929563795	0.0006609290587453014	0.0006652028505181112	0.0006682589872057237	0.0006700684852205198	0.0006706231971438342	0.0006699123597799485	0.0006679464261237064	0.0006647332447895215	0.0006603014761141654	0.0006546765120654719	0.0006479034209361547	0.000640022766664536	0.0006310930712331859	0.0006211667271555533	0.0006103119930775201	0.0005985892064842473	0.0005860723327941399	0.000572825677050917	0.0005589249928760183	0.0005444348673343714	0.0005294293704676522	0.0005139702546012722	0.0004981270959361654	0.00048195641598881833	0.00046552124060878186	0.00044887122251448497	0.0004320615242007296	0.0004151339993332217	0.00039813529566580107	0.00038109913963871615	0.00036406355296680914	0.0003470542778467344	0.000330101004539643	0.00031322197216628576	0.0002964391123306847	0.0002797638606065183	0.0002632111311895854	0.00024678637525915603	0.00023049831241654675	0.00021434727303671627	0.00019833662294423777	0.00018246242700833943	0.0001667235136338502	0.00015111249591013217	0.00013562443185875052	0.00012024923737819312	0.0001049789067846244	8.980134869567892e-05	7.470613931683326e-05	5.96798084402498e-05	4.4710105294794446e-05	2.9782757176928226e-05	1.4884234622704874e-05	0.0	
0.0	1.3092378224194354e-05	2.619762749971493e-05	3.932885902620825e-05	5.249827757008466e-05	6.57188033283419e-05	7.900153922713665e-05	9.235876405897101e-05	0.00010580002007785283	0.00011933646178250389	0.00013297557622987216	0.00014672686697098975	0.00016059522575557236	0.0001745879266851679	0.00018870667455151742	0.00020295588038113637	0.00021733341863062908	0.00023184015209606025	0.00024646943767343745	0.0002612178662225688	0.00027607356465873746	0.000291028114875115	0.00030606370856090626	0.0003211662086799056	0.0003363112224776671	0.0003514782690964038	0.00036663584539512286	0.0003817566636087202	0.0003968017932237575	0.00041173693238872016	0.0004265157161752155	0.0004410969835816435	0.0004554273467326605	0.0004694594103578196	0.00048313369630250893	0.0004963977628015412	0.0005091875726703814	0.0005214474443802845	0.0005331109396904967	0.0005441215572776897	0.0005544131968781949	0.0005639314804550379	0.000572613827539509	0.0005804112620870868	0.0005872681120700175	0.0005931441375742503	0.0005979938526606343	0.0006017887979667556	0.0006044964802141791	0.0006061026155945648	0.0006065896956850798	0.0006059590480235369	0.0006042090662106215	0.0006013569685653819	0.0005974167697827696	0.0005924206603488617	0.0005863968387414627	0.0005793904740433768	0.0005714415519924721	0.0005626054124166441	0.0005529307823986445	0.0005424798937090429	0.0005313068792022436	0.0005194774729501769	0.0005070479335360569	0.0004940843147222081	0.00048064205655069694	0.0004667847929034634	0.0004525647243327426	0.00043804090665150046	0.00042326049349766185	0.00040827643155757153	0.0003931296394701833	0.0003778660228308437	0.00036251964059035594	0.0003471289471306743	0.00033172098762118733	0.0003163267744225738	0.0003009665477785367	0.0002856641981666882	0.00027043362672408	0.00025529213238551754	0.0002402479061340504	0.00022531231051474903	0.0002104885420320592	0.0001957827399112961	0.0001811938509602162	0.0001667235136338502	0.000152367158993831	0.00013812262486982243	0.00012398252499671393	0.00010994155622298703	9.59901654630815e-05	8.212052047620146e-05	6.83215010181921e-05	5.4583310768875025e-05	4.089381512923279e-05	2.7241778501112038e-05	1.3614566685280517e-05	0.0	
0.0	1.1881439574466067e-05	2.377425988710639e-05	3.568942686085557e-05	4.7638340344016316e-05	5.963115395817062e-05	7.167888057319932e-05	8.379045026519366e-05	9.597606087846072e-05	0.00010824298295480235	0.00012060013917641499	0.00013305267075362448	0.000145607725327957	0.00015826780518917577	0.00017103773944309044	0.00018391684063323005	0.00019690703374915366	0.00021000385441980268	0.00022320570475518582	0.00023650373330718206	0.0002498921858685811	0.00026335721486421104	0.00027688829207426563	0.0002904660029322967	0.00030407448757103464	0.0003176882834227714	0.0003312857607007699	0.0003448350842710331	0.0003583086091384764	0.0003716680390798045	0.0003848797460908045	0.00039789920777046577	0.0004106872109582862	0.00042319365119102513	0.00043537457377182496	0.0004471754156560105	0.0004585488259779421	0.0004694374227029813	0.0004797923188112851	0.000489555453048146	0.0004986787282059451	0.0005071059586592248	0.0005147925056082426	0.0005216868666492819	0.0005277506730152445	0.0005329399323269742	0.0005372252392752584	0.0005405726764570275	0.0005429640868370075	0.0005443776427478865	0.0005448080383490309	0.0005442467545593399	0.0005427020520696265	0.0005401789879196414	0.0005366991204939203	0.0005322803662801794	0.0005269563612583584	0.0005207562770971259	0.0005137238114428105	0.0005058971049973568	0.0004973273510571776	0.0004880589646441146	0.00047814780697219046	0.00046764175454825464	0.0004565985281539495	0.00044506679609570773	0.00043310358333384716	0.00042075602309102935	0.0004080783044715298	0.00039511416492095516	0.0003819133181771062	0.0003685147601818654	0.0003549626063412347	0.00034129026753497877	0.0003275356177816854	0.0003137260856531581	0.0002998930706090536	0.00028605798801976733	0.0002722458538959154	0.0002584723178869717	0.0002447563407561453	0.00023110824800789696	0.00021754143109935513	0.0002040614537127772	0.0001906767153825023	0.00017738864205866698	0.00016420125885595593	0.00015111249591013217	0.00013812262486982243	0.00012522670982275934	0.00011242186971209215	9.970090218047712e-05	8.705834120441553e-05	7.448527906799289e-05	6.197419517145353e-05	4.951499806834378e-05	3.709860766433181e-05	2.4714235428359094e-05	1.235170811639791e-05	0.0	
0.0	1.0675856114766512e-05	2.136142298756341e-05	3.206660659265588e-05	4.2800561147977325e-05	5.3573022821856625e-05	6.439222151389778e-05	7.526734490528614e-05	8.620531475482352e-05	9.721436892381689e-05	0.00010829971295547858	0.00011946820376456791	0.00013072289248900457	0.00014206878994617208	0.00015350632222152299	0.00016503815483876516	0.00017666158832761663	0.00018837641541271586	0.00020017628991759572	0.00021205758920455353	0.0002240097962272976	0.00023602533795962055	0.00024808902714249247	0.00026018884644562606	0.0002723045032972803	0.0002844191288224566	0.00029650700577595556	0.0003085461505145205	0.00032050527996898816	0.0003323572434570945	0.0003440652991248748	0.00035559735952861465	0.0003669116501918263	0.00037797172771230497	0.00038873159213584775	0.0003991514280845275	0.0004091822378611734	0.00041878224430559076	0.0004279011027535729	0.0004364968892577341	0.00044451993742888716	0.0004519303185520842	0.0004586813357235995	0.00046473738560485925	0.000470057129964994	0.0004746116155655244	0.0004783671356356743	0.0004813034780682456	0.0004833964895960541	0.0004846363256534933	0.00048500973979465284	0.0004845182218898974	0.00048316005406158957	0.0004809482455053098	0.0004778924208621879	0.0004740164857858739	0.00046934043936292284	0.0004638977293290038	0.00045771710163077396	0.00045083962306925697	0.00044330069427439024	0.0004351467274641132	0.00042641745214150426	0.00041716223603659825	0.00040742280639052494	0.0003972491947000874	0.00038668298307322814	0.0003757728412269865	0.00036455839048378264	0.0003530852879903306	0.00034138978369514057	0.00032951329478890783	0.00031748771581502637	0.00030534941766757957	0.0002931253590837621	0.00028084643987094594	0.0002685344536621358	0.0002562147242172226	0.00024390393404828467	0.00023162197497106232	0.000219380684233523	0.0002071948450982338	0.00019507186056889918	0.00018302184580506662	0.00017104826867418344	0.00015915708253238668	0.00014734836205604595	0.00013562443185875057	0.00012398252499671393	0.00011242186971209215	0.00010093739645329828	8.952575156828473e-05	7.81800765551766e-05	6.689492371161725e-05	5.566212863990304e-05	4.4474608690126136e-05	3.332334654200652e-05	2.2200057792708323e-05	1.1095299799717085e-05	0.0	
0.0	9.475267591433344e-06	1.895898441994313e-05	2.8459263967985884e-05	3.798456530470549e-05	4.754233915453924e-05	5.714072120217046e-05	6.678616312756165e-05	7.64861288842709e-05	8.624571823733258e-05	9.607135339777913e-05	0.0001059664071748024	0.00011593586400563962	0.0001259809696153931	0.0001361048474823078	0.00014630619191848796	0.0001565858184178386	0.00016693942735447463	0.00017736506452261492	0.0001878549882004992	0.00019840401452307107	0.00020900052643597422	0.00021963567729714063	0.00023029358613095523	0.00024096137189543173	0.00025161858521572213	0.0002622480448160275	0.0002728245612019515	0.00028332654542975017	0.00029372408450701427	0.0003039912904006547	0.0003140937895972002	0.0003240017763828584	0.00033367697936285653	0.0003430863769462345	0.0003521887010847478	0.0003609487641282109	0.0003693235543441738	0.0003772771118864442	0.00038476626210386745	0.00039175596497736443	0.00039820472189988615	0.0004040803090987709	0.0004093448833655779	0.0004139709979427346	0.0004179264250856977	0.00042119034526021733	0.0004237379019611699	0.0004255564541231771	0.00042662988311627416	0.00042695480519238293	0.0004265246623892635	0.0004253458060776208	0.0004234214211465481	0.0004207674109102421	0.00041739622428995076	0.0004133324928051901	0.00040859684953773205	0.00040322128669811625	0.00039723306927670605	0.000390669793611322	0.00038356350542869305	0.0003759554444578234	0.00036788047550191053	0.00035938150180574743	0.00035049431004812706	0.0003412616276955878	0.0003317184706528258	0.0003219058097501009	0.00031185649583921073	0.0003016084903517658	0.0002911914291332826	0.0002806393635702587	0.00026997801292827107	0.00025923695695721327	0.00024843761763368384	0.00023760484172240422	0.00022675564662892562	0.00021591013185746132	0.00020508101972394722	0.00019428383742255476	0.00018352728099602268	0.0001728226141191022	0.0001621748823209442	0.00015159147997533177	0.00014107424076326527	0.00013062713021486466	0.00012024923737819317	0.00010994155622298707	9.970090218047713e-05	8.95257515682847e-05	7.941110494635089e-05	6.935335933686252e-05	5.934613815629174e-05	4.938417634017578e-05	3.946013397344818e-05	2.956747948810067e-05	1.9698301068909136e-05	9.845177894299743e-06	0.0	
0.0	8.27949805861724e-06	1.6566038740802806e-05	2.4866816006379846e-05	3.3188433380349255e-05	4.153794578292797e-05	4.992122567032681e-05	5.834488927772605e-05	6.681377547829764e-05	7.533374708110918e-05	8.390829115881486e-05	9.25421829924444e-05	0.00010123722073243707	0.0001099967368050933	0.00011882048407574428	0.00012770997707541693	0.00013666255134685097	0.0001456775147550354	0.0001547494064205459	0.00016387493666205423	0.00017304547683016046	0.0001822547650697523	0.00019149066338154037	0.000200743605297577	0.00020999766146015603	0.0002192397042949749	0.00022844982805099505	0.00023761120434351345	0.00024669990657461515	0.00025569542840152265	0.00026456996528382296	0.0002732995650243868	0.0002818529203403086	0.0002902031161237667	0.000298315985924544	0.0003061624140950276	0.0003137063056099518	0.0003209173926799131	0.0003277588614971437	0.0003342006025717015	0.0003402065303977279	0.00034574820562439587	0.0003507918755186338	0.0003553123856615043	0.00035927996219744797	0.0003626743229711068	0.00036547121886500996	0.00036765665105797875	0.0003692131899278662	0.0003701342077249817	0.0003704100003485698	0.0003700419533768395	0.00036902850402158275	0.00036737917195681417	0.00036510041407659575	0.000362209467529013	0.0003587201657582656	0.000354656556580307	0.00035003876138254105	0.00034489634318194746	0.00033925429939670186	0.0003331461617679494	0.00032660021562417273	0.00031965231482988083	0.00031233241712565435	0.00030467709368511354	0.0002967164622360958	0.00028848636402606625	0.00028001576590927166	0.00027133856950521093	0.00026248154219838326	0.0002534757157809075	0.0002443448958885971	0.00023511660168042657	0.00022581119456608592	0.00021645230710853875	0.0002070566253306054	0.00019764375411061055	0.00018822668277590607	0.00017882103550192772	0.00016943624691784156	0.000160084148931845	0.00015077088118791901	0.00014150476979819609	0.00013228899621379694	0.00012312872807644537	0.00011402456899929303	0.00010497890678462444	9.599016546308153e-05	8.705834120441554e-05	7.818007655517661e-05	6.935335933686254e-05	6.057343726231782e-05	5.18366598889837e-05	4.313724965744604e-05	3.44702715176025e-05	2.5829273934796565e-05	1.7208375134574502e-05	8.600784799947075e-06	0.0	
0.0	7.088027569335431e-06	1.4182010057978223e-05	2.1287648481686685e-05	2.8410902531022202e-05	3.555696958272372e-05	4.2731560106483744e-05	4.9939112178869076e-05	5.718482317032599e-05	6.447210567614352e-05	7.180536622164509e-05	7.91867119926503e-05	8.661946479705559e-05	9.410413159756243e-05	0.00010164263971893082	0.00010923358797031298	0.00011687718712248321	0.00012456981235981713	0.0001323096313896947	0.00014009048306856832	0.00014790817413707575	0.0001557537130681828	0.00016362025529114422	0.0001714957255053992	0.0001793703902448134	0.00018722890590968028	0.00019505849643003484	0.00020284046782674127	0.00021055896727362593	0.0002181920077630217	0.00022572078268335075	0.00023312024573665768	0.00024036895185459878	0.0002474392375051691	0.00025430755403110496	0.00026094429160715296	0.00026732456473388974	0.00027341771931836277	0.00027919852222867494	0.00028463638558881273	0.0002897069035470041	0.0002943808216700711	0.000298635855409793	0.00030244542665451194	0.0003057906911659905	0.0003086490603587328	0.0003110063607130936	0.0003128451581052502	0.0003141569721016556	0.0003149304235781628	0.0003151634314095905	0.0003148512117728604	0.00031399839364086823	0.0003126069091239375	0.0003106879759474579	0.00030824993063291103	0.00030531003867921775	0.00030188233406167487	0.00029798922888995205	0.0002936494315061883	0.000288889335142208	0.00028373109141519823	0.00027820376101496527	0.0002723316192048039	0.0002661450509138957	0.0002596691604958138	0.00025293438970455835	0.0002459654966650251	0.00023879186947280546	0.0002314369305782368	0.0002239281126321713	0.0002162867356517547	0.0002085376064379826	0.0002006994079857301	0.00019279388009384223	0.0001848367540564944	0.00017684647029172186	0.00016883568654166363	0.00016081948841343286	0.00015280749595571798	0.00014481152465339558	0.0001368383130028703	0.00012889659433823884	0.0001209904665113355	0.00011312583855415619	0.00010530446242423063	9.75297225806801e-05	8.980134869567894e-05	8.21205204762015e-05	7.44852790679929e-05	6.689492371161727e-05	5.934613815629174e-05	5.18366598889837e-05	4.4362136175397937e-05	3.6919050590259924e-05	2.9502321300629338e-05	2.2107473435398724e-05	1.4728989938586354e-05	7.361721947342169e-06	0.0	
0.0	5.900481405082314e-06	1.1805720233356909e-05	1.7720581860230773e-05	2.3649507087063525e-05	2.9597258849718442e-05	3.556775009871892e-05	4.1565425060377507e-05	4.759345113240792e-05	5.365572815403954e-05	5.975445076677757e-05	6.589273697509827e-05	7.207157038444011e-05	7.829303735152951e-05	8.45566616030942e-05	9.086323751093906e-05	9.721057281864674e-05	0.00010359790404930523	0.00011002106641438386	0.00011647747607127413	0.0001229607497254964	0.0001294662373697988	0.00013598511754745555	0.00014251046324857211	0.0001490308421571209	0.00015553689741982672	0.00016201448527008912	0.000168451751222566	0.00017483184000777023	0.0001811404461245619	0.00018735813273610639	0.00019346833314252493	0.00019944931587736518	0.00020528261027050345	0.00021094465419368546	0.00021641561229149357	0.00022167074054731475	0.00022668955998123957	0.00023144696857739668	0.00023592272657891526	0.00024009234178555365	0.0002439368156499487	0.00024743332330764674	0.00025056516343582814	0.00025331225065700855	0.0002556612076704007	0.0002575956859755891	0.0002591065371608887	0.0002601819791011138	0.00026081778514395267	0.0002610073174069271	0.0002607516779636891	0.000260049638245685	0.00025890770447092024	0.000257329981372411	0.000255328113670362	0.00025291113182991735	0.0002500952406723964	0.0002468937029279413	0.00024332645353990085	0.00023941008206201532	0.0002351672557586727	0.0002306168636770762	0.00022578323293097056	0.00022068649557785712	0.0002153515808550336	0.00020979886146789818	0.00020405290090143858	0.00019813342941151386	0.00019206382096194843	0.0001858624422158362	0.00017955082918871078	0.00017314544580173535	0.0001666655267816077	0.00016012527649489122	0.00015354134241678298	0.0001469254803129751	0.00014029162187533724	0.00013364902886829128	0.00012700891918204852	0.0001203781301368361	0.00011376526898268982	0.0001071749038840156	0.00010061320749404454	9.408269293383191e-05	8.75873221950431e-05	8.112780342487518e-05	7.470613931683331e-05	6.832150101819214e-05	6.197419517145356e-05	5.566212863990306e-05	4.938417634017579e-05	4.313724965744605e-05	3.691905059025992e-05	3.0725755167613895e-05	2.4554142676110607e-05	1.8399903594755583e-05	1.2259135780114393e-05	6.1272844169602634e-06	0.0	
0.0	4.71622652461462e-06	9.436241312975974e-06	1.4163662433459067e-05	1.8902280299147157e-05	2.3655374435673937e-05	2.84265664160839e-05	3.321862542799847e-05	3.803482733114541e-05	4.287725309163542e-05	4.7748647881862516e-05	5.26502187767057e-05	5.758398614983812e-05	6.255008945285672e-05	6.754962165892917e-05	7.258145447376968e-05	7.76455452528817e-05	8.273929561844224e-05	8.786131913500586e-05	9.300735000934589e-05	9.817445883635565e-05	0.00010335653079592024	0.00010854891593091106	0.00011374349894784373	0.00011893376967757061	0.00012410950911322772	0.00012926226480030733	0.00013437967993787698	0.00013945135727123258	0.0001444628597318481	0.00014940194475331347	0.00015425226580424386	0.00015899995670527788	0.00016362706331097784	0.00016811845420901776	0.00017245501060613724	0.00017662083569112546	0.00018059622850076214	0.00018436515936024405	0.0001879080503863362	0.00019120947915151026	0.000194250785007062	0.00019701795805834857	0.0001994940873604452	0.00020166738822105068	0.00020352350634407555	0.0002050536341986836	0.00020624668509930182	0.00020709744951975638	0.00020759865535387883	0.00020774911785391203	0.00020754570690221928	0.00020699144943586012	0.00020608743092944467	0.000204840815940483	0.00020325671815603482	0.000201346111908609	0.00019911771184963228	0.00019658575471779433	0.00019376193482320824	0.00019066303999882688	0.00018730299181818607	0.0001837003219782123	0.00017987036625364273	0.0001758325675340711	0.00017160287018089455	0.0001672008340249208	0.00016264227166311898	0.0001579461546526365	0.00015312753116961665	0.00014820420221958882	0.00014318995175897803	0.00013810096768040482	0.00013294941157740087	0.0001277495570398389	0.00012251172209303522	0.00011724809619172818	0.0001119670551208538	0.0001066786480306273	0.0001013893121988524	9.610699237872331e-05	9.083627112844176e-05	8.558309444083545e-05	8.03503321339873e-05	7.51420859696537e-05	6.995969365911216e-05	6.480559824652574e-05	5.9679808440249826e-05	5.458331076887505e-05	4.951499806834379e-05	4.447460869012614e-05	3.9460133973448185e-05	3.447027151760251e-05	2.9502321300629348e-05	2.4554142676110614e-05	1.9622547448625833e-05	1.470475279855057e-05	9.797278093824137e-06	4.89688837776399e-06	0.0	
0.0	3.534734726771029e-06	7.0722148361803205e-06	1.0615250459106924e-05	1.416639591610325e-05	1.772839879793578e-05	2.1303494694718853e-05	2.4894238142968686e-05	2.850241487851901e-05	3.2130250780048846e-05	3.577894559468151e-05	3.945025470334404e-05	4.314465005337561e-05	4.686326838027096e-05	5.060570694130944e-05	5.437233076386031e-05	5.816171270629575e-05	6.197329137181095e-05	6.580446701759355e-05	6.965360097004046e-05	7.351678093542819e-05	7.739115205388511e-05	8.127136718784579e-05	8.515323910881645e-05	8.902989327836819e-05	9.289572999283385e-05	9.674229891761522e-05	0.0001005625592065954	0.00010434649646529778	0.00010808566777277264	0.00011176858267377402	0.00011538551850928178	0.00011892368731657163	0.00012237230478765162	0.00012571756447265505	0.00012894794096198365	0.000132048991512683	0.00013500887072848898	0.00013781297776388994	0.00014044965604694776	0.00014290470183045108	0.00014516721872539118	0.00014722400099602162	0.00014906550935201408	0.00015068014057041136	0.00015206028870276604	0.000153196511906532	0.0001540836424709275	0.000154714862575638	0.0001550878276310344	0.0001551986652043491	0.00015504807908634055	0.00015463528962699592	0.00015396409029220636	0.00015303675257255462	0.0001518600118803899	0.00015043896523517182	0.00014878296831984488	0.0001468995584510322	0.0001448002486624447	0.0001424945113384525	0.0001399954577612824	0.00013731391883275269	0.00013446399940370647	0.0001314572917112775	0.00012830829315442052	0.00012502878573844692	0.00012163310419189688	0.00011813271134745041	0.00011454130116722821	0.00011086959617072779	0.00010713026759385808	0.00010333297720525269	9.948909490186489e-05	9.560700389511025e-05	9.169659481138176e-05	8.776485046951989e-05	8.382009511115403e-05	7.98678728696376e-05	7.591493107235992e-05	7.196540494732504e-05	6.802451490109978e-05	6.409506889003462e-05	6.0180855027320386e-05	5.628347220958474e-05	5.2405401185477265e-05	4.8547173333764e-05	4.471010529479448e-05	4.089381512923282e-05	3.7098607664331833e-05	3.332334654200653e-05	2.9567479488100676e-05	2.582927393479656e-05	2.2107473435398727e-05	1.8399903594755583e-05	1.470475279855057e-05	1.1019554100483352e-05	7.3420853021924635e-06	3.6697312327935377e-06	0.0	
0.0	2.3553054964594363e-06	4.7124506832725635e-06	7.073189888778711e-06	9.439363610191204e-06	1.1812556138582334e-05	1.4194522841122715e-05	1.6586591724642507e-05	1.899034436124837e-05	2.1406763461709093e-05	2.3837164432302263e-05	2.6282092196818085e-05	2.8742499539316715e-05	3.121839762974816e-05	3.371027655381044e-05	3.621751526173313e-05	3.874003901874059e-05	4.127649580513919e-05	4.382614483920302e-05	4.638680779727296e-05	4.895698205528194e-05	5.1533576445865606e-05	5.4114242410631204e-05	5.669490532639367e-05	5.927230631425166e-05	6.184134138806515e-05	6.439780616393368e-05	6.693555612935167e-05	6.94494458537508e-05	7.193232444852367e-05	7.437815999991251e-05	7.677888468547034e-05	7.912769394228874e-05	8.141575563643663e-05	8.363567187708078e-05	8.577806605592778e-05	8.783519321274276e-05	8.979741769813013e-05	9.165695566583956e-05	9.340425468858408e-05	9.503184947981775e-05	9.653065324024794e-05	9.789390538083254e-05	9.911338301813336e-05	0.0001001834176329552	0.00010109703432481553	0.00010185001334925185	0.0001024369648027628	0.00010285541110075903	0.00010310180587920893	0.0001031756147952887	0.00010307528958008671	0.00010280232692978217	0.00010235721157336803	0.00010174343611743494	0.00010096343025949641	0.00010002252774742342	9.892490193297567e-05	9.767746896789561e-05	9.62858522470237e-05	9.47582131424458e-05	9.310126817499401e-05	9.132403973378944e-05	8.943394990367817e-05	8.744048370937184e-05	8.535138250534584e-05	8.317621150630344e-05	8.092267377980495e-05	7.86000724951901e-05	7.621576420015276e-05	7.377850469756728e-05	7.129505778733605e-05	6.877341228562937e-05	6.621956005708774e-05	6.364057065525463e-05	6.104155044020657e-05	5.84285607665728e-05	5.5805768355541124e-05	5.3178192914030356e-05	5.0549057699411485e-05	4.7922352873940916e-05	4.530039430027711e-05	4.268618973103297e-05	4.0081213210835215e-05	3.7487562268841325e-05	3.490595478269662e-05	3.233766658399389e-05	2.9782757176928253e-05	2.7241778501112054e-05	2.4714235428359107e-05	2.2200057792708333e-05	1.9698301068909142e-05	1.7208375134574502e-05	1.4728989938586357e-05	1.2259135780114395e-05	9.797278093824137e-06	7.342085302192464e-06	4.891876076497288e-06	2.4450920371294685e-06	0.0	
0.0	1.1773016930150211e-06	2.355500352375382e-06	3.5355145268242213e-06	4.718177324154933e-06	5.9043862843917896e-06	7.094867959530295e-06	8.290455265028635e-06	9.491724419788751e-06	1.0699398495267804e-05	1.191385804510048e-05	1.3135669136196937e-05	1.436496959373447e-05	1.560211940128847e-05	1.6846965107430145e-05	1.8099610125927012e-05	1.9359560493701658e-05	2.0626612289006364e-05	2.1899882592920713e-05	2.3178810970716745e-05	2.4462080161318505e-05	2.5748728326211124e-05	2.7036964657080585e-05	2.8325388870610488e-05	2.961170755844799e-05	3.089405716815742e-05	3.2169627486165455e-05	3.3436084057959286e-05	3.469010564899155e-05	3.592890167603757e-05	3.714867078313925e-05	3.834620833389057e-05	3.951729332178264e-05	4.065838027075494e-05	4.17649215383286e-05	4.2833137070673464e-05	4.385827874774971e-05	4.483647035662506e-05	4.576292000801869e-05	4.663382149250372e-05	4.744452005608094e-05	4.819146510465529e-05	4.887033390036544e-05	4.9478024539040474e-05	5.0010741588641214e-05	5.0466017557999855e-05	5.084076431270444e-05	5.113331103525241e-05	5.134142554741231e-05	5.146435712070567e-05	5.150083264879185e-05	5.145109359186419e-05	5.1314873210017976e-05	5.1093418293030964e-05	5.078745521222733e-05	5.0399188682800446e-05	4.993026597171524e-05	4.938374650197394e-05	4.8762074906412634e-05	4.8069016566394676e-05	4.730765111059987e-05	4.6482269810740095e-05	4.559640146799402e-05	4.465466789751919e-05	4.3660853912041905e-05	4.261971695622348e-05	4.153511217585744e-05	4.041175173786952e-05	3.925339491861507e-05	3.8064551934222284e-05	3.684874776839693e-05	3.561016461057859e-05	3.435198693121877e-05	3.307797601957107e-05	3.1790902719107106e-05	3.0494047161378928e-05	2.9189724660974105e-05	2.788070359425747e-05	2.6568829239320528e-05	2.5256352843544157e-05	2.3944657661038804e-05	2.2635492557368206e-05	2.1329804105720677e-05	2.00288685431355e-05	1.8733233490119974e-05	1.744374265018432e-05	1.6160590470921823e-05	1.4884234622704887e-05	1.3614566685280526e-05	1.235170811639792e-05	1.109529979971709e-05	9.845177894299746e-06	8.60078479994708e-06	7.361721947342173e-06	6.127284416960264e-06	4.89688837776399e-06	3.6697312327935377e-06	2.445092037129468e-06	1.2221186382964352e-06	0.0	
0.0	0.0	0.0	0.0	0.0	0.0	0.0	0.0	0.0	0.0	0.0	0.0	0.0	0.0	0.0	0.0	0.0	0.0	0.0	0.0	0.0	0.0	0.0	0.0	0.0	0.0	0.0	0.0	0.0	0.0	0.0	0.0	0.0	0.0	0.0	0.0	0.0	0.0	0.0	0.0	0.0	0.0	0.0	0.0	0.0	0.0	0.0	0.0	0.0	0.0	0.0	0.0	0.0	0.0	0.0	0.0	0.0	0.0	0.0	0.0	0.0	0.0	0.0	0.0	0.0	0.0	0.0	0.0	0.0	0.0	0.0	0.0	0.0	0.0	0.0	0.0	0.0	0.0	0.0	0.0	0.0	0.0	0.0	0.0	0.0	0.0	0.0	0.0	0.0	0.0	0.0	0.0	0.0	0.0	0.0	0.0	0.0	0.0	0.0	0.0	
